,HorseName,Score
0,COURIER MAGIC,0.06602049448262542
1,SUPERB MOVE,0.38148791554749356
2,DAILY TROPHY,0.15317110691090968
3,CHOICERUS,0.128116569420032
4,HAPPIHOOD,0.08732725688259815
5,HAPPY JAI JAI,0.1696394796240057
6,MEDIC ELITE,0.6405453894961698
7,FAITHFUL TRINITY,0.2452074338851174
8,CHIRON,0.08647438480191555
9,FOXHUNTER WAY,0.20072331624475712
10,MIGHTY STAR,0.06251424128400332
11,MISTER ARM,0.035206193925176404
