,HorseName,Score
0,CAMPIONE,0.11130194160891581
1,HASTEN DELIGHT,0.07712803659144947
2,EIGHTY LIGHT YEARS,0.6164734045433451
3,NORTHERN BEACHES,0.2712119090530209
4,FASHION LEGEND,0.012209144445772
5,PINS PRINCE,0.18975746425806167
6,ACE ONE,0.09060346922926896
7,APOLAR FIGHTER,0.013440349674837506
8,KYEEMA,0.008575103549984088
9,SOLID IMPACT,0.16270448783246047
10,SIXTH GENERATION,0.279042016537145
11,LOST CHILD,0.13656283131572183
