,HorseName,Score
0,JAMES TAK,0.4766829101450258
1,YOU'REMYEVERYTHING,0.059664064842150054
2,GIMME FIVE,0.16462996540342023
3,GOLDEN ONE,0.19647451265147564
4,LUCKY CHARM,0.22404983911903417
5,SILVER DESTINY,0.20313546728446877
6,SKY TRUST,0.10794571328722746
7,LUCKY FIONN,0.11070005109106543
8,REGENT GLORY,0.22216330007149554
9,NEW POWER,0.05612217121488496
10,SPEEDY FORTUNE,0.4484703081364066
11,NISHIKADO,0.007821017585805138
