,HorseName,Score
0,SPANGLE FORTUNE,0.24604574517297617
1,MORE RICE,0.24594342692345564
2,HAPPY TANGO,0.246828153616558
3,VALIANT ELEGANCE,0.2446704334400571
4,SMART LEADER,0.24337670833655373
5,PRESTIGE MOOCHI,0.24562821632426354
6,CASA LEGEND,0.24578323200898974
7,ALL IS READY,0.2456708784303669
8,EIGHT TRIGRAMS,0.2453120865658881
9,SUPER JOY,0.2467091160673969
10,CHIRON,0.24591598549115204
11,FORTUNE MASTER,0.24526899615574344
