,HorseName,Score
0,COLONEL,0.271519638949195
1,KING INVINCIBLE,0.05026238340862283
2,MR GOOD VIBES,0.186573944209567
3,TACTICAL COMMAND,0.17403033811262775
4,COMMANDING MISSILE,0.11440870921248027
5,HAPPY TANGO,0.3453294475600253
6,JAZZ CLUB,0.022289857240123608
7,MULTIMORE,0.25539502363908834
8,GOOD VIEW GLORY,0.41086466741132016
9,THE GOOD DEAL,0.16096348934473978
10,GREAT DAYS,0.03907816254566678
11,HAPPILY FRIENDS,0.1852497078769883
