,HorseName,Score
0,RAGING BLIZZARD,0.6710916650973235
1,SUGAR SUGAR,0.49241138940255225
2,WATCH BUDDY,0.39870339248155556
3,VIVA GRACIOUSNESS,0.0951084923595265
4,SUPERSONIC,0.17520594787469568
5,MA COMET,0.1564523661202392
6,CAPTAIN WIN,0.28729577687631674
7,DENFIELD,0.17146591714781767
8,KYRUS DRAGON,0.09912066711600051
