,HorseName,Score
0,NICE BIRDIE,0.18497444137309493
1,CLASSIC ARCHI,0.23881730447670985
2,HORSE OF GOOD LUCK,0.17775435724863367
3,DRAGON PRIDE,0.260506675032163
4,GO GO GO,0.43618738138395424
5,SMART BEAUTY,0.23480857111148626
6,SUPERB DADDY,0.21416069758467993
7,CIRCUIT ELITE,0.14827548788260125
8,FASTPASS,0.13345228805329176
9,DIAMOND WINNER,0.20926220854375507
10,LOYAL AMBITION,0.277475553263828
11,SUPER HORNET,0.16718470239233885
