,HorseName,Score
0,GOLDEN LONG,0.14331956357209774
1,RAGNARR,0.11433499617789471
2,HIGH RISE SOLDIER,0.14189710870843567
3,FLYING PHANTOM,0.37203649528775196
4,TALENTS SUPREMO,0.10569877066718388
5,HAPPY SOUL,0.2805579834913652
6,EVER VICTORIOUS,0.03141969004830841
7,HERO STAR,0.24800934381982312
8,MELBOURNE HALL,0.2897151985336335
9,VALHALLA,0.1059304579193964
10,SUPER EAGLE,0.6227205425058723
11,HO HO STAR,0.08567638281718735
