,HorseName,Score
0,TELECOM FIGHTERS,0.32509766279791374
1,ALL FOR ST PAUL'S,0.32095769748439185
2,MR ASCENDENCY,0.45707762925163375
3,NORDIC DRAGON,0.1833274838848529
4,APACHE PASS,0.1197392365614202
5,ALACRITY,0.4663981176572324
6,GALAXY WITNESS,0.4546971669310401
7,YOUTHFUL DEAL,0.009698095547137074
8,ADEFILL,0.4426896768887793
9,BERLIN TANGO,0.11733631027673318
