,HorseName,Score
0,MIGHTY ARMOUR,0.07237817937181552
1,SAMARKAND,0.23300470556059188
2,DRAGON STAR,0.5841214335362934
3,LUCKY GOLD,0.11804959983407845
4,STURDY RUBY,0.6869798835829674
5,ROYAL PRIDE,0.1177742173804229
6,GOLD TACK,0.2761207841715623
7,JOYFUL FRIENDSHIP,0.004831738047816832
8,ATOMIC BEAUTY,0.1473675578503422
9,BRAVE WITNESS,0.10964895129497403
10,YEABOI,0.0683473426699836
11,FORTUNE PRESIDENT,0.14442831271314482
