,HorseName,Score
0,ELLIPTICAL,0.31405154618404996
1,AWESOME FLUKE,0.14748353816530674
2,SIMPLE HEDGE,0.8760937757925679
3,KA YING GENERATION,0.08277100148930468
4,ESCAPE ROUTE,0.28439787410349965
5,ENIGMA,0.12127864333239989
6,INTREPID WINNER,0.18473540879467729
7,HAKKA RADIANCE,0.11921265475268321
8,SWAN BAY,0.3934995635845465
9,BILLIONAIRE SECRET,0.14616408474183995
10,GALLANT HERO,0.2899617697799706
