,HorseName,Score
0,HAPPY GOLF,0.5495804934987547
1,STREET CONQUEROR,0.5415158195989002
2,EASY SNIP,0.6266416257465466
3,HOSS,0.46256594258305783
4,E UNIVERSE,0.34623123208074913
5,DOUBLE BINGO,0.4673809648307556
6,REGENT GLORY,0.33800049705097546
7,SUPER EAGLE,0.5704314215725197
8,KING OBERON,0.06115494936020141
9,HAPPY FEELING,0.14731805175667573
10,TACTICAL COMMAND,0.23365050279582647
11,WOODFIRE CHAMP,0.03534200307067322
