,HorseName,Score
0,BILLIONAIRE SECRET,0.26108104904273705
1,VIVA HUNTER,0.1701526979760493
2,FLOOF,0.035908206913609686
3,EXCEL WONGCHOY,0.044884404189017166
4,SOLAR GOGO,0.04020865878406627
5,FORTUNE WHISKEY,0.01591359566917921
6,HAKKA RADIANCE,0.02067947725047169
7,FOREVER FOLKS,0.11130227325478181
8,LUCKY BANNER,0.2480525940337059
9,GAMEPLAYER WARRIOR,0.0518170428863819
