,HorseName,Score
0,KIMBERLEY,0.004646206427415169
1,SAMARKAND,0.0028655370645578413
2,AMAZING TEENS,0.01111137700734751
3,HARRY'S HERO,0.006185875441680174
4,BLISSFUL STAR,0.006268941594825301
5,WINNING STEPS,0.002784163915968316
6,PAKISTAN FRIEND,0.0040123634706159305
7,RIGHTEOUS DOCTRINE,0.01091000791605711
8,READY PLAYER ONE,0.0017669723471166
9,SPLENDID STAR,0.005032455474232217
10,YEE CHEONG WARRIOR,0.0012340073408703856
