,HorseName,Score
12,CALL ME SUPREME,0.29878615626793514
2,FIGHTING MACHINE,0.20259583951619836
5,CALIFORNIA MOXIE,0.11029436132178377
