,HorseName,Score
0,HASTEN DELIGHT,0.14706242642063264
1,FIND MY LOVE,0.20883064332480056
2,SUNLIGHT POWER,0.2840924576779731
3,BEAUTY GLORY,0.0900234966223767
4,BEAUTY FIT,0.6272943694071221
5,MAJESTIC COLOUR,0.10552251658226863
6,TURIN STARSPANGLED,0.06692728310291739
7,FANTASTIC FUN,0.3102059366732268
8,LESLIE,0.2680846219446878
9,SUPER GOLDI,0.8735808286964499
10,SWEET BRIAR,0.5729393551830406
11,THUNDER BLINK,0.5575154036001007
12,OUR LUCKY GLORY,0.28815763899277697
