,HorseName,Score
0,D STAR,0.8074587983379506
1,CAPITAL LEGEND,0.7609936039167836
2,WIN WIN FIGHTER,0.5024882838437991
3,GALLANT VALOUR,0.9314012845922204
4,I CAN,0.3353075635418512
5,MASTER TORNADO,0.5234739390228259
6,HARRY'S HERO,0.017556594701183616
7,CHATER GOLD,0.15510265934627268
8,FOREMOST TEDDY,0.07819096047211806
9,JOYFUL PROSPERITY,0.5909556103191976
10,WINNING SEVEN,0.05555465537771205
11,DRAGON PRIDE,0.3765815801669435
