,HorseName,Score
0,KEEN UNITY,0.09852647105429004
1,COLOURFUL BARON,0.33449030950580644
2,CLASSIC ARCHI,0.3059446184136511
3,GO GO GO,0.2575961597922565
4,HAPPY HERO,0.22293636317302165
5,NINJA DERBY,0.03075686602686659
6,SUNNY SHINES,0.0688430029832606
7,CIRCUIT ELITE,0.25230136009140114
8,FASTPASS,0.059793245401772256
9,ARTHUR'S KINGDOM,0.05471889405177119
10,DIAMOND WINNER,0.2250455222600836
11,GREEN LASER,0.14604539044709866
