,HorseName,Score
0,GLORIOUS JOURNEY,0.04501561398488032
1,GOOD LUCK WIN,0.10199187317394237
2,WINDICATOR FAMILY,0.0858452353817631
3,NOT A FEW,0.041129713585878594
4,DEVAS TWELVE,0.7072795303083275
5,WOOD ON FIRE,0.24478005998832722
6,GALLANT CROWN,0.1232609152904301
7,STURDY RUBY,0.5766305189600881
8,SURE JOYFUL,0.286171064174802
9,MR ALADDIN,0.23690768759948555
10,ATOMIC BEAUTY,0.3751867847220365
11,KEEN UNITY,0.13541143588851895
