,HorseName,Score
0,WONDER KIT,0.4835547081173808
1,ASTROLOGER,0.014069210496956157
2,COPARTNER AMBITION,0.29105413660186147
3,MAGNIAC,0.3402087544556106
4,WINNING ICEY,0.6188685580998604
5,HARMONY N BLESSED,0.3580814920902556
6,BON'S A PEARLA,0.27884841003867317
7,PLEASANT ENDEAVOR,0.23889586931499113
8,GRATEFUL HEART,0.19085627153085138
9,NEVER TOO SOON,0.11028338811493486
10,EXCELLENT PEERS,0.1597323001856385
11,BEAUTY GLORY,0.1601280954807386
