,HorseName,Score
0,PING HAI GALAXY,0.2899689128634906
1,REWARDING TOGETHER,0.199870278154448
2,KEEFY,0.199870278154448
3,CARROLL STREET,0.3333631939452711
4,BUNDLE OF CHARM,0.25914363318912903
5,GALAXY PATCH,0.22564587143410522
6,LUCKY ENCOUNTER,0.16265130143310563
7,GUMMY GUMMY,0.22564587143410522
8,WINNING ICEY,0.36828052635253133
