,HorseName,Score
0,SOLAR PARTNER,0.4596836858349794
1,E UNIVERSE,0.08662093744251151
2,RAGNARR,0.02349957095498149
3,ACE POWER,0.0961525032980739
4,PARTY WARRIOR,0.05780477811048062
5,YODA'S CHOICE,0.15313821406631742
6,GLORIOUS EXPERT,0.02000431359600775
7,COUNTRY DANCER,0.09849108860725476
8,SUPER EAGLE,0.40165012777640197
9,HAPPY FEELING,0.07223370695959128
10,SUPER AXIOM,0.16597305809879462
11,CHEER FOR SOUTH,0.07949677003070403
