,HorseName,Score
0,MAJESTIC KNIGHT,0.7923372748722535
1,NERVOUS WITNESS,0.4310571729920797
2,WHIZZ KID,0.22868464096342184
3,COPARTNER AMBITION,0.2078954755452138
4,BABY CRYSTAL,0.6048018983853078
5,BEAUTY WAVES,0.7905262343857773
6,HUMBLE STAR,0.315183397530869
