,HorseName,Score
0,REWARD SMILE,0.13881467976903383
1,SUGAR SUGAR,0.10781767972657799
2,HAPPY FAT CAT,0.06824190807389055
3,GOLDEN EMPIRE,0.048115315999842735
4,NEVER TOO SOON,0.047803932645032514
5,LUCKY ARCHANGEL,0.020346438707341673
6,MEGA BONUS,0.04419952399552968
7,SUPER JOY N FUN,0.14221269327050629
8,RIGHTEOUS ARION,0.0792821878762618
9,KA YING CHEER,0.14380368571050023
10,KING ECCELLENTE,0.09272980309892817
11,ONE FOR ALL,0.0666321511265547
