,HorseName,Score
0,I KEEP WINNING,0.1181376277239873
1,NOT A FEW,0.0929474119182097
2,SHOW RESPECT,0.06105580720741043
3,STURDY RUBY,0.7052755303374293
4,JOY OF SPRING,0.21249624415036045
5,MR ALADDIN,0.3103847932951793
6,MAYHEM,0.11892932582967596
7,ATOMIC BEAUTY,0.21763985407747446
8,BRAVE WITNESS,0.14615520251138645
9,GOLD TACK,0.18086016951179215
10,THE CONCENTRATION,0.04716974031706516
11,KEEN UNITY,0.019929592788219787
