,HorseName,Score
0,SOLAR UP,0.26026256936303094
1,ORIENTAL SMOKE,0.500121693537902
2,WINDCHEATER,0.18013403270603198
3,GOLDEN DARCI,0.5030669767368638
4,EASY SNIP,0.13067446598794946
5,FIREFOOT,0.16627969725945171
6,FORTUNE COOKIES,0.12223159157674295
7,PACKING WISHER,0.2039743984891993
8,SKY TRUST,0.20106326202646874
9,TELECOM BULLET,0.08262594508428596
10,TRAVEL GOLF,0.08955110327939256
11,KING OBERON,0.24256502462789015
12,GANGNAM STAR,0.35272657659963896
13,STRATHPEFFER,0.18422512897069757
