,HorseName,Jockey,Score
0,FLOOF,M F Poon,0.07548260037809297
1,BLISSFUL STAR,A Hamelin,0.24144387957792485
2,U S S CONSTITUTION,H Bowman,0.05263835972060578
3,VIVA GRACIOUSNESS,M Chadwick,0.017059090002836626
4,DRAGON STAR,K Teetan,0.22107167392803626
5,EXCEL WONGCHOY,C Y Ho,0.05018982054398678
6,HAKKA RADIANCE,K C Leung,0.02374528130400704
7,FOREVER FOLKS,B Thompson,0.09549149467815893
8,LUCKY BANNER,E C W Wong,0.15358880556689616
9,PALACE PAL,K De Melo,0.06928899429945472
