,HorseName,Score
0,TELECOM SPEED,0.2467963017713972
1,SUPER JOY N FUN,0.2465466953826596
2,GOLDEN BULL,0.24838620045611243
3,MARIO,0.24640258051511912
4,PRIME MORTAR,0.24840206713646867
5,RUNNING BOY,0.2458657035154405
6,GORGEOUS VITALITY,0.24553547239627477
7,GOLDEN LINK,0.24594307959539388
8,CRYSTAL POWERFUL,0.24601515458511844
9,TATTENHAM,0.24656616026137276
10,LUCKY QUALITY,0.2451953305677177
11,HEARTY WISH,0.24652257650321804
