,HorseName,Score
0,TELECOM SPEED,0.09165803783992331
1,OUR LUCKY GLORY,0.2959275079510272
2,GOLDEN LUCK,0.2897490020345069
3,DIAMOND FLARE,0.17494356861324964
4,HOSS,0.12799222983387115
5,SIGHT SUPREME,0.4421685258860313
6,GLORY CLOUD,0.26386031329449633
7,WINNING HEART,0.0325536618542944
8,MOLLY'S WITNESS,0.005300166018171885
9,CRYSTAL POWERFUL,0.05019732213426813
10,FALCON COURT,0.021927830416862543
11,HARMONY N HOME,0.09208861022571874
