,HorseName,Score
0,RED MAJESTY,0.19892179792183423
1,NOBLE PURSUIT,0.2920581573231394
2,SNOWALOT,0.19097421517045635
3,SUPER BABY,0.18706368430053885
4,PRINCE ALEX,0.2580506983983461
5,CONCERTO,0.21006760418217107
6,SURE JOYFUL,0.13492192732601418
7,TURIN WARRIOR,0.4399598200902487
8,TO INFINITY,0.2760974243280013
9,ATOMIC BEAUTY,0.16544555856690094
10,KYRUS UNICORN,0.23756997653477097
11,AMAZING BOY,0.20029820396858175
