,HorseName,Score
0,ACE TALENT,0.19189024595319293
1,HAPPY HORSE,0.11114517824138527
2,MR GOOD VIBES,0.09123211253521599
3,HAPPY TANGO,0.29901819566351906
4,MODEST GENTLEMAN,0.1427405999593325
5,SWEET DIAMOND,0.15688376225323997
6,SMART LEADER,0.1151446370111514
7,AUGUST MOON,0.09101719909967047
8,GOODMANSHIP,0.21722071150552502
9,GREAT DAYS,0.2581511105364196
10,DASHING GLORY,0.04317043551307429
11,DEVIL AND GOLD,0.024189278478866528
