,HorseName,Score
0,CITY THUNDER,0.08374720578307167
1,CORDYCEPS ONE,0.37553531429666737
2,DURHAM STAR,0.14190426126957298
3,SOLAR GOGO,0.07145844997384403
4,TURIN WARRIOR,0.33196019697370843
5,ATOMIC BEAUTY,0.39053571449680036
6,WINNING STEPS,0.2081566494767993
7,SUPER BABY,0.17194354824744135
8,GALLANT CROWN,0.12986619025218782
9,DIVINE SHINING,0.06979416264479964
10,BRAVE WITNESS,0.2149725826819496
11,MATSU VICTOR,0.2621316433106951
