,HorseName,Score
0,ROCKET SPADE,0.1416374241908893
1,DURHAM STAR,0.02762138203382866
2,SURE JOYFUL,0.12340903121094349
3,MATSU VICTOR,0.15570181754790982
4,BRAVE WITNESS,0.10323516250088423
5,ON THE LASH,0.029539582586251816
6,TRADITION,0.012264538453162369
7,SUPER UNICORN,0.20013928726492708
8,COURIER MAGIC,0.0813485728786379
9,GALLANT CROWN,0.060856925152507846
10,NINJA DERBY,0.06424627618005757
