,HorseName,Score
6,FAMILY JEWEL,0.6418572770194538
7,SOLID WIN,0.07389075357199294
0,BALLISTIC WIN,0.06373888932146482
