,HorseName,Score
0,BEAUTY WAVES,0.7581933711207096
1,HEROIC MASTER,0.5948063648096935
2,HAPPY UNITED,0.3709891828298352
3,HARMONY FIRE,0.16850827816905914
4,SUPER FORTUNE,0.23239907640760157
5,MAJESTIC EXPRESS,0.19039605530494363
6,YOUTHFUL SPIRITS,0.03185688530311882
