,HorseName,Score
0,GALAXY WITNESS,0.5884317012714775
1,WINNING DRAGON,0.3142091170458262
2,YELLOWFIN,0.7205252320771297
3,SIMPLY MAVERICK,0.7421966947911486
4,FALLON,0.3392575263263176
5,IVY LEAGUE,0.07516396661543721
6,GLORIOUS JOURNEY,0.2235608365422049
7,SUMMIT IMPACT,0.05939334865193872
8,RED MAJESTY,0.3114058006901843
9,ROMANTIC LAOS,0.3038733384850015
10,CHARITY BINGO,0.0810524096699138
11,ONLY U,0.11559494016979663
