,HorseName,Score
0,ACE TALENT,0.4265689081318374
1,HAPPY HORSE,0.22323017239811804
2,MR GOOD VIBES,0.15757313246239912
3,HAPPY TANGO,0.7144772879706284
4,MODEST GENTLEMAN,0.5088879841145254
5,SWEET DIAMOND,0.4929930910710733
6,SMART LEADER,0.2746568829204981
7,AUGUST MOON,0.2947690056702861
8,GOODMANSHIP,0.4423053493638784
9,GREAT DAYS,0.43186752048418636
10,DASHING GLORY,0.13115705779923792
11,DEVIL AND GOLD,0.07250036414017014
