,HorseName,Score
0,SUPERB CAPITALIST,0.34314251293655407
1,POWER KOEPP,0.46603643835760483
2,HEALTHY HEALTHY,0.3872970229655798
3,ALL IS GOOD,0.26833243376894367
4,RAGING BLIZZARD,0.7725580459165863
5,WINGS OF WAR,0.20586461143704188
6,SING DRAGON,0.1294613951679097
7,CHAMPION METHOD,0.18697844816453124
8,STAR LINE,0.10788436529711555
