,HorseName,Score
0,HARMONY N BLESSED,0.3562013089864603
1,ATOMIC FORCE,0.22796119532396059
2,LIGHTNING BOLT,0.4099228764978346
3,LUCKY ARCHANGEL,0.21184640023625598
4,COLOURFUL EMPEROR,0.2649275565133365
5,ACT OF FAITH,0.1912715394556652
6,BEAUTY GLORY,0.340216328833331
7,MEGA BONUS,0.18098267580312988
8,ROMANTIC NOVELIST,0.12919897068170258
