,HorseName,Score
0,SKY SONG,0.3100681213803602
1,SPICY SPANGLE,0.40176712607696846
2,UNIVERSAL BLAZE,0.3088465618003025
3,COLOURFUL PRINCE,0.24776872898948926
4,OVERSUBSCRIBED,0.3720446345514495
5,SERGEANT PEPPER,0.19163745411998512
6,SUPER FAST DRAGON,0.10215614730316201
7,G ONE EXCELLENT,0.38438696375842835
8,LEAN MASTER,0.14158867769722358
9,PHILOS,0.11875711074971809
10,CIRCUIT SEVEN,0.07695433356558082
11,KING INVINCIBLE,0.006098386927282729
