,HorseName,Score
0,ENFOLDED,0.24590513149125387
1,JOLLY COMPANION,0.24250348595945734
2,HAPPY FAT CAT,0.24359672312085315
3,GREAT ACHIEVER,0.24629870260803957
4,THE KHAN,0.24473325348985026
5,SHANGHAI STYLE,0.24579384702690482
6,LAPRAS,0.24586777290787815
7,HERCULES,0.24796791845050056
8,HAYDAY,0.2459351532750121
9,WOODFIRE CHAMP,0.24595449910244285
10,ALLOY KING,0.2459336154429558
11,VALIANT ELEGANCE,0.24513916727538343
