,HorseName,Score
0,PACKING TREADMILL,0.6181351189408439
1,DUKE WAI,0.4038827708788222
2,SUPERB CAPITALIST,0.31319499013860963
3,HARMONY N BLESSED,0.4186153392708709
4,CALL ME GLORIOUS,0.6307032709777586
5,JAMES TAK,0.7924102605259702
6,BEAUTY WAVES,0.6695294130837147
