,HorseName,Score
0,OUTGATE,0.23554904081708386
1,SILVER SONIC,0.35377628579351733
2,EIGHTEEN PALMS,0.5559832051188269
3,M UNICORN,0.5411776584519369
4,IVY LEAGUE,0.05518023332314374
5,RUN RUN COOL,0.01581428040726041
6,AESTHETICISM,0.5753331171430586
7,SIXTH GENERATION,0.22508784647671518
8,ENDEARED,0.19639989394250992
9,JUNE PLANET,0.5403141441371254
