,HorseName,Score
0,GALLANT WAKING,0.45217399167937816
1,BERLIN TANGO,0.02654156896369028
2,NOBLE PURSUIT,0.1530531793867982
3,EIGHTEEN PALMS,0.3185175848806063
4,TRUE GENIUS,0.007473965048309517
5,DEVILDOM,0.018040672197646247
6,INTREPID WINNER,0.14237284200597974
7,AFFORDABLE,0.004703183894125657
8,FLAMINGO TRILLION,0.3275462847232184
9,KIMBERLEY,0.039071201805385564
10,TRADITION,0.008408774733809058
11,SMILING TIME,0.45181634121248626
