,HorseName,Score
0,DUKE WAI,0.2669565650977343
1,ADIOS,0.4157511696501466
2,WHIZZ KID,0.4661898852732114
3,GALAXY PATCH,0.6474034611115995
4,INVINCIBLE SAGE,0.751737169054914
5,KURPANY,0.24188326612042318
6,PING HAI GALAXY,0.3323495416454338
7,NERVOUS WITNESS,0.12640013593770816
8,WE ARE HERO,0.2668694793235572
9,CARROLL STREET,0.18956416064610634
10,SUPREME LUCKY,0.30910671843722565
11,EXPLOSIVE WITNESS,0.22531601959744973
