,HorseName,Score
0,LUCKY SWEYNESSE,0.3787743171149645
1,CALIFORNIA SPANGLE,0.24013265705185366
2,BEAUTY ETERNAL,0.7049591845886172
3,BEAUTY JOY,0.05716144593286708
4,LUCKY WITH YOU,0.15094207824912542
5,HEALTHY HAPPY,0.08372349065049951
6,TAJ DRAGON,0.28712532195540946
7,SON PAK FU,0.20284593032905926
8,RED LION,0.14670201329190924
9,GALAXY PATCH,0.26006708220161934
