,HorseName,Score
0,TELECOM SPEED,0.3951189341577435
1,SUPER JOY N FUN,0.18454632254323033
2,GOLDEN BULL,0.49953361879644975
3,MARIO,0.2899449070420498
4,PRIME MORTAR,0.2024357245618751
5,RUNNING BOY,0.17474647831735915
6,GORGEOUS VITALITY,0.20317214437412456
7,GOLDEN LINK,0.16323128479736496
8,CRYSTAL POWERFUL,0.2993850023644654
9,TATTENHAM,0.28307721615962284
10,LUCKY QUALITY,0.15333956688481526
11,HEARTY WISH,0.24288964781684783
