,HorseName,Score
0,INVINCIBLE MISSILE,0.2968183222392194
6,PERFECT PEACH,0.2651122292902369
9,SPEEDSTAR,0.164861087643
