,HorseName,Score
0,UNBELIEVABLE,0.07116498088350036
1,BRAVEHEARTS,0.07228703193674806
2,ILLUMINOUS,0.626835124953341
3,AWESOME FLUKE,0.18312123829760527
4,LOOKING GREAT,0.07414380464155207
5,INTREPID WINNER,0.25561348469265527
6,ROMANTIC CHARM,0.3137695317416561
7,NICHOLSON RETURNS,0.2631302692121569
8,BILLIONAIRE SECRET,0.21178384141438514
9,EIGHTEEN CARAT,0.04013535177578793
10,KIMBERLEY,0.08954322058373695
