,HorseName,Score
0,CAPITAL LEGEND,0.2428272997283954
1,KIMBERLEY,0.06242773900665209
2,FIGHT TIME,0.21161312678980254
3,BRAVE WITNESS,0.30286590108586126
4,JOYFUL FRIENDSHIP,0.09478291565696134
5,CHATEAU,0.062142665127956145
6,JOYFUL PROSPERITY,0.14830784625288418
7,LEGION OF MERIT,0.29322645061989494
8,FORTUNE PRESIDENT,0.16333776883892673
9,KEEN UNITY,0.028785069807558794
10,CORDYCEPS ONE,0.2440228450337983
11,SPLENDID STAR,0.1280755840197126
