,HorseName,Score
0,SKY SONG,0.2843930278507127
1,SPICY SPANGLE,0.48708080360914185
2,UNIVERSAL BLAZE,0.3817070182432748
3,COLOURFUL PRINCE,0.1764569852547395
4,OVERSUBSCRIBED,0.3216776254802078
5,SERGEANT PEPPER,0.2324540755595477
6,SUPER FAST DRAGON,0.12558614116485284
7,G ONE EXCELLENT,0.20835762874939256
8,LEAN MASTER,0.16155436427184136
9,PHILOS,0.225188769472182
10,CIRCUIT SEVEN,0.11135046392331804
11,KING INVINCIBLE,0.12985982073247507
