,HorseName,Score
0,MEGA BONUS,0.19409067644606706
1,GOLDEN TITLE,0.043505994069145175
2,DOUBLE BINGO,0.6239921287391001
3,EMBRACES,0.17469486443857668
4,FLYING WROTE,0.26442598464197725
5,SUPER SIXTY,0.2107686509806431
6,THE AZURE,0.136065185055419
7,HOSS,0.17325009886512882
8,SUPER EAGLE,0.4126420525550226
9,KOWLOON EAST STAR,0.18666013577838056
10,SPEEDY CHARIOT,0.1646038783779578
11,COUNTRY DANCER,0.08756946085762796
