,HorseName,Score
0,CLASSIC ARCHI,0.15768743185908582
1,TURTLE AGAIN,0.22433912109034307
2,AI ONE,0.18136161237822662
3,CIRCUIT ELITE,0.09183190079433234
4,SUNNY BABY,0.6337829021086254
5,UNITED ENDEAVORS,0.19209019056461862
6,COLOURFUL BARON,0.13709830739094295
7,HAPPY HERO,0.08214935095395137
8,FORTUNE TRIPLE,0.15076821992906111
9,DIAMOND WINNER,0.10892164004084177
10,VIVA A LA,0.03181461885874133
11,FOXHUNTER WAY,0.2818888789001136
