,HorseName,Score
0,THE GOLDEN SCENERY,0.2456509796078056
1,SUPER SUNNY SING,0.24347500991765697
2,ATULLIBIGEAL,0.25029187304934813
3,FANTASTIC TREASURE,0.24643002146339385
4,SPIRITED EXPRESS,0.2510191339376432
5,SWEET ENCOUNTER,0.25241609205736776
