,HorseName,Score
0,GORGEOUS WIN,0.28486130537560755
4,GLORY ELITE,0.16378952950854517
11,PRINCE OF PORTY,0.1259955547421721
