,HorseName,Score
0,BEAU GOSSE,0.6706415815381964
1,MEDIC ELITE,0.9141623587863684
2,SUPERB MOVE,0.7448497401791504
3,SUPERB DADDY,0.8040410866532823
4,MASTER OF LUCK,0.519621544051204
5,HAPPY JAI JAI,0.9656669184405947
6,PRECISION GOAL,0.5691442479895967
7,ANGELS HUNTER,0.6871567281284884
8,HAPPIHOOD,0.24345199919779312
9,FAITHFUL TRINITY,0.7579666840036304
10,MIGHTY STAR,0.630012299297821
11,FOXHUNTER WAY,0.6162037999208223
