,HorseName,Score
0,STREET CONQUEROR,0.6013097930883531
1,SAVVY CHIC,0.5848782982290256
2,COPARTNER PRANCE,0.8781356964615222
3,GALE SAGA,0.2626229533867325
4,GREAT ACHIEVER,0.370236766726946
5,MANYTHANKS FOREVER,0.08260629018278487
6,LAPRAS,0.1294021654577408
7,VALHALLA,0.4511284673816049
8,HAYDAY,0.47500351117916795
9,WINNING HEART,0.0887296072409923
10,SAME TO YOU,0.09838611000133438
11,BEAT HOLLOW,0.5763195183050102
