,HorseName,Score
0,SPORTS LEGEND,0.08203563166940768
1,HOSS,0.019370852012996563
2,MASTER STROKE,0.08527866672676411
3,E UNIVERSE,0.23624740062912722
4,EASY SNIP,0.43210503663544875
5,SUPER CHARIZZARD,0.11936184276248514
6,THE KHAN,0.06434099862262657
7,GORGEOUS VITALITY,0.14894034578448812
8,YOUTH POWER,0.04318445071591153
9,DAN ATTACK,0.26260467468995197
10,SUPER AXIOM,0.10476404414427072
11,MY INTELLIGENT,0.23859535590831793
