,HorseName,Score
0,YEE CHEONG WARRIOR,0.3136514145247456
1,MASTER OF LUCK,0.1387859391773173
2,V LOVE YOU,0.04032287516493511
3,RATTAN WORLD,0.1113068158406405
4,BIG TWO,0.4585468843773661
5,DRAGON DELIGHT,0.19572073634173942
6,PRESTIGE MOOCHI,0.058647984816587104
7,DRAGON KINGDOM,0.10331141470843233
8,HAPPIHOOD,0.04319215649918246
9,MIGHTY STAR,0.20396708467035513
10,EAGLE RUN,0.14015896800337668
11,HANG'S CHOICE,0.3001815102449658
