,HorseName,Score
0,THE GOLDEN SCENERY,0.4470502372980794
1,FANTASTIC TREASURE,0.13803651770752215
2,FLAMING RABBIT,0.26479829329923504
3,KEEFY,0.13353056895001522
4,DANCING CODE,0.3057641883473328
5,BLUE MARLIN,0.5037546857588886
6,FIND MY LOVE,0.1432725827653739
7,LUCKY ENCOUNTER,0.4204507779639639
8,SUPREME LUCKY,0.13502748597271882
9,YOUNG CHAMPION,0.5286286517218114
10,I GIVE,0.3240840439432723
