,HorseName,Score
0,COURIER WONDER,0.15287628120372515
1,DUKE WAI,0.26888654170198967
2,SUPER WEALTHY,0.11434994052009463
3,RED LION,0.7187098297067227
4,RUNNING GLORY,0.3682521420548733
5,MUGEN,0.6286748294299718
