,HorseName,Score
0,D STAR,0.1450697581526851
1,INVINCIBLE MISSILE,0.02547884574234903
2,SURE JOYFUL,0.47052968903373743
3,CORDYCEPS ONE,0.18653731257451023
4,TAKE ACTION,0.020026552455001546
5,CHEONG FAT,0.03094489854587437
6,STARSHIP EIGHTY,0.10753372957141027
7,STRONGEST BOY,0.40172426627049146
8,PO ON WAY,0.06665631300081235
9,CAN'T GO WONG,0.012826849180465791
10,RIGHT HONOURABLE,0.006367468399065151
11,UNITED ENDEAVORS,0.19079366879824375
