,HorseName,Score
0,ESCAPE ROUTE,0.20083121055374648
1,SOLAR GOGO,0.017729151068251018
2,DARCI JOY,0.40292952950967714
3,SATIRICAL GLORY,0.5807957915189109
4,SHARPEN BRIGHT,0.26854958892160774
5,SPECIAL HEDGE,0.1344021755370103
6,CHATEAU LE PECHE,0.05377083953776731
7,ME TIME,0.025133523504126884
8,WINNING STEPS,0.18321326359511747
9,FRUITY WARRIOR,0.025934914817753493
10,SUNNY BABY,0.14646584905189255
11,FLYING SILVER,0.12146901343373528
12,LEGION OF MERIT,0.11087845602964574
