,HorseName,Score
0,TELECOM SPEED,0.42165871765387125
1,SAVVY CHIC,0.42522571132761505
2,MR VALIANT,0.21645575386621807
3,GREAT ACHIEVER,0.4169822250802142
4,MOLLY'S WITNESS,0.031234622020780724
5,WINNING HEART,0.17338892594754082
6,CERVIN,0.058087884198358974
7,CRYSTAL POWERFUL,0.21839740586628006
8,GOLDEN LINK,0.6350740463463969
9,FALCON COURT,0.023180466167871037
10,HERCULES,0.43063742056607346
11,SAME TO YOU,0.0075951970666355085
