,HorseName,Score
0,LITTLE FAIRY,0.12244463433666447
1,TATTENHAM,0.16840171085496702
2,VULCANUS,0.06534774434042319
3,THE KHAN,0.07819488752464765
4,BEAU GOSSE,0.31697405316006494
5,DRAGON PRIDE,0.20079574784942028
6,DRAGON DELIGHT,0.29860643941354315
7,COLOURFUL BARON,0.22378399500678264
8,PODIUM,0.024219807447113113
9,YEABOI,0.1212352932729316
10,HAPPIHOOD,0.031212910520801402
11,HANG'S CHOICE,0.09777006852759468
