,HorseName,Score
0,DUKE WAI,0.10641577689284093
1,ADIOS,0.12837612975487625
2,SON PAK FU,0.2778854377552428
3,KURPANY,0.08219044737132712
4,MAJESTIC KNIGHT,0.04122388465031609
5,BUNDLE OF CHARM,0.16338250704038268
6,BEAUTY CHARGE,0.2944516787267243
7,TOMODACHI KOKOROE,0.14185818747319545
