,HorseName,Score
0,GANGNAM STAR,0.18690039116083887
1,JAZZ CLUB,0.027334361718025717
2,RATTAN WORLD,0.18021011276194632
3,BEAT HOLLOW,0.5442319694396612
4,MR GOOD VIBES,0.04381852009205852
5,THE GOOD DEAL,0.39602278312063666
6,URBAN TRIUMPH,0.022528611464371223
7,DAILY TROPHY,0.160485363722173
8,GENERAL ACE,0.06269769040238354
9,PERFECT PEACH,0.13986404207282543
10,GOOD VIEW GLORY,0.4449379458307267
11,CIRCUIT SPLENDOR,0.05582734456759853
