,HorseName,Score
0,GALLANT WAKING,0.6441330006256012
1,BERLIN TANGO,0.08443810817783541
2,NOBLE PURSUIT,0.36499092725059534
3,EIGHTEEN PALMS,0.5174744479599642
4,TRUE GENIUS,0.05729507003563886
5,DEVILDOM,0.1190695096644036
6,INTREPID WINNER,0.2890564111280567
7,AFFORDABLE,0.030980464600130646
8,FLAMINGO TRILLION,0.5508006337996223
9,KIMBERLEY,0.1130537238270414
10,TRADITION,0.06643521734370714
11,SMILING TIME,0.6571061394488279
