,HorseName,Score
0,ROMANTIC WARRIOR,0.24324192805433625
1,VOYAGE BUBBLE,0.5344588269593147
2,STRAIGHT ARRON,0.5401987328827672
3,BEAUTY JOY,0.1446582467911616
4,SWORD POINT,0.2917626930332783
5,ENCOUNTERED,0.4611572426858043
6,MONEY CATCHER,0.19270184482566144
7,NIMBLE NIMBUS,0.3155486393984241
8,SENOR TOBA,0.18630926236653708
9,FIVE G PATCH,0.2630664986820551
10,CHAMPION DRAGON,0.25061158550811413
