,HorseName,Score
0,MONEY CATCHER,0.34541989333243484
1,TELECOM FIGHTERS,0.2584929649532088
2,MOMENTS IN TIME,0.5157672096138459
3,FLAMING RABBIT,0.6624544770571045
4,MR ASCENDENCY,0.5149194097812652
5,HELENE FEELING,0.7722895947330733
6,CHILL CHIBI,0.6468749275495229
7,OUTGATE,0.46865172246886144
8,YELLOWFIN,0.7810362964111832
9,SPLENDID LIVING,0.5463608336626079
