,HorseName,Score
0,SUPER GOLDI,0.18162965227418393
1,CHAMPION INSTINCT,0.22711397585892654
2,SETANTA,0.043131822218615376
3,JOLLY COMPANION,0.01823829893489874
4,EXCELLENT DADDY,0.001830433665060997
5,GREAT SPIRIT,0.18853615822055625
6,GIANT LEAP,0.035096111239910056
7,JOYFUL SUPREME,0.01249197275151402
8,PACKING BRILLIANT,0.08289537866337417
9,SUPER GLORY,0.06437667507188156
10,AWESOME TREASURE,0.03209257542694018
11,NEW POWER,0.02751905573809748
