,HorseName,Score
0,EASON,0.3552546029892691
1,JOYFUL HUNTER,0.664037830631975
2,A AMERIC TE SPECSO,0.4269189958120123
3,SUGAR SUGAR,0.500245770010669
4,VIVA GRACIOUSNESS,0.09134745498196134
5,ACE ONE,0.431693550665927
6,CHAIN OF GOLD,0.4389975327756008
7,DENFIELD,0.7171792057033658
8,CAPTAIN WIN,0.22970409097886818
9,ONE FOR ALL,0.02560991288681333
