,HorseName,Score
0,DUKE WAI,0.22860775130720873
1,ADIOS,0.2027737366180679
2,SON PAK FU,0.30127415758704723
3,KURPANY,0.297799043531489
4,MAJESTIC KNIGHT,0.24861021131722957
5,BUNDLE OF CHARM,0.2944356106241166
6,BEAUTY CHARGE,0.34459881288787725
7,TOMODACHI KOKOROE,0.35417770362326106
