,HorseName,Score
0,RED HARE KING,0.5131781586508158
1,DOUBLE WIN,0.0418547400049785
2,TOURBILLON FLOW,0.10952891723633307
3,BEAU GOSSE,0.09371885336938532
4,AFFIRM,0.0243321254191373
5,SAMARKAND,0.16869353076813673
6,SUPER BABY,0.15011310599054242
7,AMAZING TEENS,0.25157102538561954
8,KILLER INSTINCT,0.0702294844638244
9,YOUNG VICTORY,0.20612740319960413
10,TOTAL POWER,0.38842212549648203
