,HorseName,Score
0,GALE SAGA,0.022176208291700215
1,THE CONCENTRATION,0.035933829565957844
2,CHATEAU LE PECHE,0.18758266824051922
3,MERCHANT PRINCE,0.007391167376022966
4,VERBIER,0.09843872465561745
5,DRAGON DELIGHT,0.1379799493950931
6,EXCELLENT DADDY,0.028367842728586126
7,THE KHAN,0.04826477796073966
8,SUPER JOY,0.24205176694816258
9,VULCANUS,0.03751369321684083
10,TSUEN WAN GLORY,0.08663630928077494
11,HO HO STAR,0.06766306233998509
