,HorseName,Score
0,ROMANTIC FANTASY,0.6073354112115708
1,PEGASUS GENERAL,0.657430710708269
2,PRECISE EXPRESS,0.13708426720331215
3,REACH GOAL,0.1924858180207855
4,SHARPEN BRIGHT,0.35140416569278304
5,WINNING STEPS,0.10510874809163019
6,LITTLE FAIRY,0.05618389715818847
7,PALACE PAL,0.3773369570507237
8,RUNNING AHEAD,0.044617354348196865
9,JUBILATION,0.4026506347147452
10,SUNNY BABY,0.311501013455882
11,FLYING SILVER,0.13182621439055733
