,HorseName,Score
0,KAHOLO ANGEL,0.19990531410506684
1,POWER KOEPP,0.07118902753298358
2,MUST GO,0.09761268057018559
3,SOVEREIGN FUND,0.021699803326039546
4,PARTERRE,0.10038362898384232
5,BRAVE STAR,0.1256829655202958
6,YOUNG ARROW,0.13908610168198268
7,HEALTHY HEALTHY,0.15861455999602186
8,MOJAVE DESERT,0.016769731477468724
9,EXCELLENT PEERS,0.06905618680611318
