,HorseName,Score
0,RED HARE KING,0.6801125467385825
1,ZOOM BOOM,0.36862645379515235
2,FORTUNATE SON,0.2350404276721083
3,JOYFUL HUNTER,0.47288145998383807
4,STAR CONTACT,0.5068221802425469
5,JOLLY RULER,0.09926371404608561
6,AESTHETICISM,0.3229728229973322
7,GLORIOUS JOURNEY,0.12725583202199786
8,CAPITAL LEGEND,0.295993076271794
9,WRITTEN CASA,0.05323561231643242
10,JUMBO LEGEND,0.3583952498406913
11,EXUBERANT,0.3591312096331625
