,HorseName,Score
0,SANTORINI,0.3727118304991114
1,RUN YES RUN,0.24220470785932532
2,NORTHERN FIRE BALL,0.060905774074129414
3,PATCH OF COSMO,0.020916121441731456
4,CALIFORNIA MOXIE,0.020503786040624073
5,ANGELIC,0.0556598056308507
6,CASHISCASH,0.046095076555909956
7,ETALON OR,0.03876208116237511
8,WORLD HERO,0.033681905788002675
9,CONCORDE STAR,0.018545889649900518
10,SUPREME WINNER,0.01238980379738011
11,SMART ZIPANG,0.05533126717949384
12,SKYEY BLUE,0.02229195032116552
