,HorseName,Score
0,FORTUNE WARRIOR,0.2696015067404281
1,FUN ELITE,0.18073342412670804
2,HARMONY FIRE,0.1781602221021824
3,SERGEANT PEPPER,0.23169927664659978
4,GLORIOUS EXPERT,0.26824435420460885
5,HICKORY VICTORY,0.17115940701385393
6,MOLLY'S WITNESS,0.6625676139255441
7,PARENTS' LOVE,0.24925384759822747
8,RUBY SAILING,0.22455200520157864
9,SAVVY DELIGHT,0.12286636490766029
10,SAME TO YOU,0.02332697555126363
11,KING INVINCIBLE,0.08489428168367848
