,HorseName,Score
0,TELECOM FIGHTERS,0.18753567678698543
1,SEASONS WIT,0.6883414656479203
2,PING HAI GALAXY,0.27814398015610553
3,CHANCHENG PRINCE,0.6878963054533781
4,NORDIC DRAGON,0.3291356124185306
5,YOUTHFUL DEAL,0.3671149974306996
6,XPONENTIAL,0.47475401650933213
7,WONDER KIT,0.358135201144753
8,BUNDLE OF CHARM,0.25330542460139677
9,GUMMY GUMMY,0.48066911254077754
10,MAGNIAC,0.36857095189897204
