,HorseName,Score
0,HARMONY N BLESSED,0.24507237045815147
1,ATOMIC FORCE,0.14668729003154832
2,LIGHTNING BOLT,0.27976564839114754
3,LUCKY ARCHANGEL,0.13315512227436907
4,COLOURFUL EMPEROR,0.1654050571725425
5,ACT OF FAITH,0.1924683479253958
6,BEAUTY GLORY,0.26670430779010307
7,MEGA BONUS,0.12413785799797634
8,ROMANTIC NOVELIST,0.03908671237643814
