,HorseName,Score
0,HELIOS EXPRESS,0.8318631529609375
1,HOWDEEPISYOURLOVE,0.6879871850004121
2,HELENE FEELING,0.8349963202633216
3,MOMENTS IN TIME,0.18602701881256628
4,BEAUTY CRESCENT,0.45067497900071024
5,CHANCHENG GLORY,0.571968929890821
6,SPEED DRAGON,0.2231826071976698
7,FALLON,0.23343291592062132
8,STAR MAC,0.4843776565916793
