,HorseName,Score
0,MANYTHANKS FOREVER,0.028062356789636585
1,E GLORY,0.03368662153319053
2,GO HERO,0.043775046737581945
3,HARMONY N HOME,0.10382049650007404
4,HEARTY WISH,0.28360503086814826
5,MAXIMIZE HEART,0.23430270020555777
6,MEDIC ELITE,0.1724787169029613
7,NOBLE ONE,0.10278742286989988
8,JAZZ CLUB,0.06834274289318082
9,PERFECT PEACH,0.20686014581106757
10,SPEEDSTAR,0.4267220546519867
11,MORE RICE,0.01647342117979212
12,CHIRON,0.038417268215872
13,EAGLE RUN,0.15021131448537967
