,HorseName,Score
0,POWER KOEPP,0.2499070211700299
1,COTTON FINGERS,0.30424244412420925
2,VIVA GRACIOUSNESS,0.22564587143410522
3,I GIVE,0.27985722225675314
4,SUPER FORTUNE,0.3380082865571193
5,PULSAR STRIDER,0.15202913760987458
6,STAR LINE,0.22564587143410522
7,GIDDY UP,0.16265130143310563
8,DENFIELD,0.10436240978414438
9,MAGNIFICENT NINE,0.16265130143310563
10,CAPITAL LEGEND,0.1626519865929136
11,MASTER STROKE,0.16265130143310563
