,HorseName,Score
0,TELECOM SPEED,0.32583864694545334
1,HIGH PERCENTAGE,0.40239209294716644
2,GOLDEN LUCK,0.29565474124243335
3,TOGEPI,0.2497580513803533
4,BROTHER CHENG,0.07543226923737555
5,GOLDEN LINK,0.2941690047080894
6,BEAUTY DESTINY,0.17006187998006203
7,THE PERFECT MATCH,0.22769299303312515
8,WOOD ON FIRE,0.2730522817086352
9,SUPER SIXTY,0.21211947742224938
10,TEAM HAPPY,0.0805780677417244
11,FALCON COURT,0.15186690938073685
