,HorseName,Score
0,ASTROLOGER,0.18568949438030527
1,COLOURFUL EMPEROR,0.5760593701159831
2,ATOMIC FORCE,0.2938081388547163
3,HEALTHY HEALTHY,0.5821891785224679
4,O'LINER,0.18864726959254405
5,ARMOUR EAGLE,0.08179829762502576
6,SOLAR PARTNER,0.4009143270844211
7,SPORTS LEGEND,0.2555037417100266
8,SWEET BRIAR,0.7558067656125443
9,MAGIC PHOENIX,0.1756406929114226
10,NEBRASKAN,0.21080609676913228
11,KING ECCELLENTE,0.36857899258649807
