,HorseName,Score
0,DUKE WAI,0.2457687343587304
1,ADIOS,0.24593732688895287
2,SON PAK FU,0.2519370287739587
3,KURPANY,0.242696437273545
4,MAJESTIC KNIGHT,0.2501541329020347
5,BUNDLE OF CHARM,0.24582516536188614
6,BEAUTY CHARGE,0.2494427404969456
7,TOMODACHI KOKOROE,0.24570631877625587
