,HorseName,Score
0,MIGHTY ARMOUR,0.2459709738648399
1,SAMARKAND,0.24834201042913226
2,DRAGON STAR,0.25318380418741404
3,LUCKY GOLD,0.24655633896519738
4,STURDY RUBY,0.2515311339226922
5,ROYAL PRIDE,0.24489224565045212
6,GOLD TACK,0.2485085112349694
7,JOYFUL FRIENDSHIP,0.2456181309087242
8,ATOMIC BEAUTY,0.24713850694460354
9,BRAVE WITNESS,0.24698417343579765
10,YEABOI,0.24461502495081877
11,FORTUNE PRESIDENT,0.2464927655448543
