,HorseName,Score
0,DRAGON PRIDE,0.14619821066039995
1,LITTLE FAIRY,0.0934987219224095
2,SUPERB MOVE,0.5903829716751906
3,CHARMANDER,0.34535564795174706
4,GO GO GO,0.06690265049275473
5,MULAN,0.06797358511822135
6,GET THE MONIES,0.01421980659989597
7,ARTHUR'S KINGDOM,0.11677505327457419
8,ANGELS HUNTER,0.1186932075505565
9,FAITHFUL TRINITY,0.15398987415902574
10,BROTHER PEARL,0.03691495930003286
11,SMART BEAUTY,0.09896647525045489
12,STAR OF GLORY,0.06334426241315778
