,HorseName,Score
0,CAPITAL DELIGHT,0.39843840183588736
1,TORONADO PHANTOM,0.16533292060783544
2,ACE ONE,0.19219581700870575
3,WATCH BUDDY,0.38699611670444006
4,HEALTHY HEALTHY,0.2982818307623869
5,NORTHERN BEACHES,0.400707425633348
6,LEEDOX,0.5723528802667991
7,GLORIOUS JOURNEY,0.33654968702230564
8,CHAMPION METHOD,0.18044973852549892
9,ENFOLDED,0.07427015983876915
10,STREET CONQUEROR,0.1748598343808018
11,GOLDEN DARCI,0.05533966483924771
