,HorseName,Score
0,FAST BUCK,0.2199666762658747
1,COLOURFUL PRINCE,0.3434668664179616
2,DIAMOND FLARE,0.13497020824023
3,LIFE IS GOOD,0.13953115420976678
4,TRIUMPHANT WARRIOR,0.1892176761917994
5,SPEEDY SMARTIE,0.42232095810134385
6,STRIVE FOR GLORY,0.29778999839093656
7,HINOKAMI KAGURA,0.057091935798417745
8,COOL BLUE,0.08663503064269891
9,AFFIRM,0.24030817139281474
10,MIRACLES,0.2665799525801359
11,BEAT HOLLOW,0.2614401391389259
