,HorseName,Score
0,BOURBONAIRE,0.09176860249928886
1,THE BEST PEACH,0.5171869864918417
2,BUTTERFIELD,0.5752617485373759
3,C P BRAVE,0.17570983283749134
4,ENSUED,0.5962097594239805
5,COLUMBUS COUNTY,0.03119268828925551
6,ELLIPTICAL,0.24779705183071993
7,HAMERON,0.37006206074008585
8,BEAUTY LIVE,0.1171436720495639
9,NATURAL STORM,0.19745935672039108
10,WOODFIRE BRO,0.38690016776889885
11,LOOKING GREAT,0.046038030239643694
12,KA YING GENERATION,0.08940779422266452
13,ENIGMA,0.1280805465635045
