,HorseName,Jockey,Score
3,GALAXY PATCH,C Y Ho,0.3405503309272613
1,BEAUTY ETERNAL,Z Purton,0.26836769875668015
4,RED LION,H Bowman,0.11809549199701769
