,HorseName,Score
0,HAPPY TANGO,0.24476701960859032
1,FALCON COURT,0.09489199838117814
2,GORGEOUS VITALITY,0.09856164017755886
3,PARENTS' LOVE,0.0640783618939344
4,ACE TALENT,0.0814901275038723
5,DIAMOND SOARS,0.0909043416367169
6,PLENTIFUL,0.02165176166853722
7,PHILOS,0.013598517714906395
8,GOODMANSHIP,0.09615475945160694
9,DOUBLE SHOW,0.13698570580301578
10,MAGIC TRAVELLER,0.014461551849842562
11,REGENCY HAPPY STAR,0.042454214310240185
