,HorseName,Score
0,CELESTIAL COLOURS,0.3753966870451562
1,GREAT STATE,0.01003183798359903
2,KAHOLO ANGEL,0.34478409326027587
3,WINGS OF WAR,0.4244225287232114
4,LESLIE,0.21577226941550998
5,LUCKY ARCHANGEL,0.16241731972726073
6,ACT OF FAITH,0.36122023566994976
7,CALIFORNIA CIBLE,0.25360171446998947
8,CAPTAIN WIN,0.26120725207630974
9,JOY COMING,0.17266012570865413
