,HorseName,Score
0,I GIVE,0.14987105536738046
1,NOT USUAL STAR,0.13293030980831405
2,O'LINER,0.4951781443696947
3,SUPER FORTUNE,0.2127100687760828
4,TORONADO PHANTOM,0.2565905387729051
5,LADY'S CHOICE,0.5363559534482887
6,LEEDOX,0.21359035939190174
7,STELLAR SWIFT,0.3612026725996627
8,FLOOF,0.1892581178905531
9,MY FLYING ANGEL,0.23210955629587224
10,PRAWNS ELEVEN,0.3095509406296721
