,HorseName,Score
0,LUCKY SWEYNESSE,0.921403978287388
1,WELLINGTON,0.8301925402176927
2,SIGHT SUCCESS,0.3108304685051883
3,COURIER WONDER,0.14228795128993998
4,LUCKY WITH YOU,0.28487163914525543
5,VICTOR THE WINNER,0.3286948155843661
6,DUKE WAI,0.18030954776888897
7,TAJ DRAGON,0.3466359146093624
8,SUPER WEALTHY,0.20299170923150442
9,PACKING TREADMILL,0.8566228056474723
10,WHIZZ KID,0.09571747436385805
11,FLYING ACE,0.547651812887953
12,SON PAK FU,0.45284355462492265
