,HorseName,Score
0,IMA SINGLE MAN,0.14270045465073367
1,WUNDERBAR,0.759801878093481
2,KYEEMA,0.17667998030241133
3,KA YING RISING,0.7409221714669928
4,JUMBO FORTUNE,0.10167659935315196
5,SOLAR PARTNER,0.31720842776036984
6,SOLAR UP,0.21132286401688813
7,READY TO WIN,0.19558588178544314
8,ACE VICTORY,0.1414879916284848
9,PARTERRE,0.11557021606155952
