,HorseName,Score
0,TELECOM FIGHTERS,0.16027626331470923
1,THE GOLDEN SCENERY,0.3389133498697896
2,ATULLIBIGEAL,0.4600832958731119
3,FANTASTIC TREASURE,0.11799941669063353
4,DROMBEG BANNER,0.5223180233521555
5,LUCKY ENCOUNTER,0.5599030506224393
6,WONDER KIT,0.48982294796130227
7,BLUE MARLIN,0.5023987569116142
8,OUTGATE,0.46109271352418274
9,SUPERB BOY,0.38952007078900813
10,KEEFY,0.06192068449575352
11,SUPREME LUCKY,0.18368159198964756
12,MIGHTY STRIDE,0.38693757537368606
