,HorseName,Score
0,SUPERB CAPITALIST,0.2238198615643678
1,POWER KOEPP,0.4390186402667578
2,HEALTHY HEALTHY,0.22845371512412466
3,ALL IS GOOD,0.2138740086104872
4,RAGING BLIZZARD,0.5888998120658807
5,WINGS OF WAR,0.1748045096912213
6,SING DRAGON,0.1842066242718853
7,CHAMPION METHOD,0.16058071028300058
8,STAR LINE,0.2653960934226355
