,HorseName,Score
0,WONDER KIT,0.16490406097160396
1,ASTROLOGER,0.0012219181114784682
2,COPARTNER AMBITION,0.10140291380535418
3,MAGNIAC,0.054070733699352336
4,WINNING ICEY,0.28386835278277184
5,HARMONY N BLESSED,0.16123921540738617
6,BON'S A PEARLA,0.0879023665546722
7,PLEASANT ENDEAVOR,0.09119020527139428
8,GRATEFUL HEART,0.0833094748147846
9,NEVER TOO SOON,0.039056717974564725
10,EXCELLENT PEERS,0.09331061021918213
11,BEAUTY GLORY,0.07314446237905237
