,HorseName,Score
0,D STAR,0.2464246001172363
1,INVINCIBLE MISSILE,0.24641915353481822
2,SURE JOYFUL,0.25317153523055963
3,CORDYCEPS ONE,0.24722104925726365
4,TAKE ACTION,0.2469824071753165
5,CHEONG FAT,0.2444749803897216
6,STARSHIP EIGHTY,0.24706348314126633
7,STRONGEST BOY,0.25266085673138344
8,PO ON WAY,0.2464446802266084
9,CAN'T GO WONG,0.24701308509021092
10,RIGHT HONOURABLE,0.24660678192906146
11,UNITED ENDEAVORS,0.2465687214979103
