,HorseName,Score
0,SON PAK FU,0.07570526042606833
1,COPARTNER PRANCE,0.16324572234576304
2,BUNDLE OF CHARM,0.0528545560153
3,BEAUTY CHARGE,0.0595607548413846
4,SUPERB CAPITALIST,0.08387958124259384
5,YOUNG CHAMPION,0.15552129701199038
6,HARMONY N BLESSED,0.07753476704681354
7,SING DRAGON,0.06235294965654909
8,VICTORY MOMENTS,0.0811280220488872
9,WATCH BUDDY,0.05639490496747657
10,FULL CREDIT,0.1318221843971735
