,HorseName,Score
0,HAMERON,0.019997762839514564
1,SO WE JOY,0.010640828171227494
2,GRATEFUL HEART,0.020220479719865105
3,EIGHTEEN PALMS,0.036996818462975326
4,JUNE PLANET,0.039186434683513134
5,LOVERO,0.01710294151467922
6,AMAZING DUCK,0.00604237702469666
7,SAMARKAND,0.010923282456653957
8,IVY LEAGUE,0.0018603428237886695
9,AESTHETICISM,0.010345678766212202
10,GLORIOUS JOURNEY,0.0013783161204445062
11,SOLAR GOGO,0.00018682532140757043
