,HorseName,Score
0,KINGLY DEMEANOR,0.04555437955257224
1,TURTLE AGAIN,0.32132942088934485
2,SUNNY BABY,0.26085065301271987
3,YEE CHEONG WARRIOR,0.24832962784887935
4,CLASSIC ARCHI,0.1516935538579156
5,GO GO GO,0.06421602694190057
6,HAPPY HERO,0.19962653993522836
7,SUPERB DADDY,0.08308979855614412
8,ARTHUR'S KINGDOM,0.05500237851952818
9,JOYFUL CHAMPION,0.062359476711448925
10,FASTPASS,0.03144106348121638
11,DIAMOND WINNER,0.11898174828689387
12,GREEN LASER,0.10577661873282315
