,HorseName,Score
0,RUSSIAN EMPEROR,0.24088859909437835
1,BEAUTY ETERNAL,0.9009008310425544
2,BEAUTY JOY,0.48910128145772586
3,SWORD POINT,0.3095351629531325
4,NIMBLE NIMBUS,0.7984636929002361
5,RED LION,0.28213735152808556
6,ENCOUNTERED,0.7585624263021019
7,HEALTHY HAPPY,0.24806318522821946
8,MONEY CATCHER,0.3087875438928785
9,TAJ DRAGON,0.2719285545685675
10,HAPPY TOGETHER,0.5838535755682368
11,SUPER SUNNY SING,0.4571118883948157
12,THE BEST PEACH,0.5518011652318491
