,HorseName,Score
0,THE WINNABE,0.3550421057509251
1,SCOTCH TYCOON,0.06964684561125735
2,FORTUNE RACER,0.16002521196740344
3,SUPER HIGHWAY,0.5003836845219051
4,WOOD ON FIRE,0.2110368376371369
5,JOYFUL SUPREME,0.12430893337594934
6,MR ENERGIA,0.11675060533792522
7,VANTASTIC CHOICE,0.10304889927341299
8,GIANT LEAP,0.05487621446824307
9,WINNING HEART,0.05380632066876751
10,CERVIN,0.039254056527134436
11,MANYTHANKS FOREVER,0.015723718058129353
