,HorseName,Score
0,EXPLOSIVE WITNESS,0.265430698101755
1,GREAT STATE,0.3082156668814861
2,HEROIC MASTER,0.4849360928473143
3,KA YING SPIRIT,0.20644595978279703
4,HAPPY UNITED,0.534465053241519
5,CALIFORNIA DEEPLY,0.18391634089237585
6,SUMMIT CHEERS,0.1430050505141183
7,FORTUNE WHISKEY,0.09661711024158452
8,ATOMIC ENERGY,0.33567246851961907
9,MA COMET,0.1928003433857913
10,ROMANTIC NOVELIST,0.20723653845307385
11,HOSS,0.029483141091723224
