,HorseName,Score
0,OUTGATE,0.37813171808419654
1,SILVER SONIC,0.44052906793907903
2,EIGHTEEN PALMS,0.8246802622562341
3,M UNICORN,0.7539223401891806
4,IVY LEAGUE,0.09863740249429952
5,RUN RUN COOL,0.006925002722601081
6,AESTHETICISM,0.6897250375143786
7,SIXTH GENERATION,0.5575577629311077
8,ENDEARED,0.46931170997511007
9,JUNE PLANET,0.7769247277697833
