,HorseName,Score
0,TOMODACHI KOKOROE,0.23785521850915378
1,BRAVE STAR,0.4427772854356449
2,VIVA CHALEUR,0.23214752070666791
3,ARMOUR EAGLE,0.2970676166850191
4,POWER KOEPP,0.1956624875270257
5,A AMERIC TE SPECSO,0.15185759484189187
6,BEAUTY WAVES,0.7918794211158273
7,HOSS,0.3403386317067139
8,RIGHTEOUS ARION,0.294170258670151
9,GOLDEN DARCI,0.1371536312722665
10,MEGA BONUS,0.17966364281011857
11,SPEED SWORD,0.10799664803634006
