,HorseName,Score
0,PACKING TREADMILL,0.637164934149425
1,FLYING ACE,0.7011514854041347
2,HOWDEEPISYOURLOVE,0.6883489248501599
3,INVINCIBLE SAGE,0.3966395622141835
4,GALAXY PATCH,0.4090620161768515
5,GOOD LUCK FRIEND,0.009357914156634823
6,BEAUTY CHARGE,0.22945205917152142
7,MAJESTIC KNIGHT,0.8107000709361392
8,REWARDING TOGETHER,0.1483536111753229
9,WE ARE HERO,0.16001025328174912
10,BUNDLE OF CHARM,0.201965362810174
11,ASTROLOGER,0.13104860677101624
12,LUCKY ENCOUNTER,0.5696253159569789
