,HorseName,Score
0,EXPLOSIVE WITNESS,0.2449449906541995
1,GREAT STATE,0.24593202352556592
2,HEROIC MASTER,0.25638007632254695
3,KA YING SPIRIT,0.24513914305903348
4,HAPPY UNITED,0.2522884076251396
5,CALIFORNIA DEEPLY,0.2459916719503677
6,SUMMIT CHEERS,0.24785048699988096
7,FORTUNE WHISKEY,0.24552906937142213
8,ATOMIC ENERGY,0.25069779865503067
9,MA COMET,0.24505796571874128
10,ROMANTIC NOVELIST,0.24577233288564015
11,HOSS,0.2458561643460429
