,HorseName,Score
0,SON PAK FU,0.5464376741599095
1,BUNDLE OF CHARM,0.25695071710852324
2,PACKING TREADMILL,0.640988424887715
3,DUKE WAI,0.39284597800379034
4,BEAUTY CHARGE,0.5593168754029132
5,SEASONS WIT,0.2710195786626943
6,WE ARE HERO,0.07125964867531906
7,KA YING RISING,0.8790136053268083
8,REWARD SMILE,0.6641225337997252
9,APACHE PASS,0.11867405969690903
10,GORGEOUS WIN,0.630385590303116
11,RISING FROM ASHES,0.04479386077161238
