,HorseName,Score
0,STARSHIP EIGHTY,0.2563792094791656
1,FASTPASS,0.23339838888541417
2,COPARTNER ERA,0.24992755327312632
3,HAPPIHOOD,0.24859760559248284
4,BROTHER PEARL,0.23774155500209088
5,DIAMOND WINNER,0.2507796357430869
6,GREEN LASER,0.25086212782354717
7,GENERAL WINNER,0.2543899200185567
8,JOYFUL CHAMPION,0.25238378986997856
9,MISTER ARM,0.23511505405775632
10,SUPER HORNET,0.24622785390573332
