,HorseName,Score
0,LOYAL BABY,0.1998022862664391
1,RED MAJESTY,0.24594896799351906
2,GALLANT VALOUR,0.5197372073828234
3,SUPER BABY,0.16845623738534493
4,ALL RICHES,0.18218874757752312
5,INVINCIBLE MISSILE,0.16265379977701824
6,KASA PAPA,0.17514662463046585
7,CONCERTO,0.26236636549021697
8,DUBLIN STAR,0.2935401460021522
9,LEGION OF MERIT,0.20631065472591192
10,SUNNY SHINES,0.20524473401916274
11,NORTHERN BEAST,0.1334508312475556
