,HorseName,Score
0,SEASONS WIT,0.49826512502323966
1,PING HAI GALAXY,0.4248713253945894
2,BUNDLE OF CHARM,0.6492351748903069
3,GUMMY GUMMY,0.8976155988432324
4,XPONENTIAL,0.7379168098112345
5,WONDER KIT,0.6685183348499507
6,MAGNIAC,0.7083361103319211
7,WINNING ICEY,0.8889830327035051
