,HorseName,Score
0,GOKO WIN,0.8111275673862393
1,KA YING RISING,0.9876194577224218
2,CAMPIONE,0.5559378826421584
3,TORONADO PHANTOM,0.8747823275103195
4,PRAWNS ELEVEN,0.8272710249368525
5,SOLID IMPACT,0.7853106099705893
6,PARTERRE,0.6608604903264784
7,MY FLYING ANGEL,0.21145217955920592
8,ROBOT MASTER,0.03548859951766129
9,CALL ME GLORIOUS,0.968865358303643
10,ACE ONE,0.6746937043262575
