,HorseName,Score
0,FAST NETWORK,0.6335489566691404
3,CHEVAL VALIANT,0.14003520919003573
4,COLOURFUL WINNER,0.10672466738679888
