,HorseName,Score
0,EASON,0.09844382920983015
1,ROCKET SPADE,0.5521058835768924
2,TOURBILLON PRINCE,0.35668507875508987
3,LUCKY EIGHT,0.10914887480367967
4,ALL BEAUTY,0.15854618126611436
5,LOYAL BABY,0.1970704099669692
6,SIXTH GENERATION,0.30567009282495594
7,AESTHETICISM,0.380788884039576
8,EIGHTEEN PALMS,0.48117362092132504
9,U S S CONSTITUTION,0.03541786039280638
10,D STAR,0.2557918253068163
11,ABSOLUTE SUNSHINE,0.03324467437531075
