,HorseName,Score
0,MY INTELLIGENT,0.47822780634699713
1,YOUTH POWER,0.031493400642711875
2,THE CONCENTRATION,0.04727193517831043
3,WOODFIRE CHAMP,0.0522019066931111
4,ALLOY KING,0.27937976889107524
5,HERO STAR,0.2441034184440502
6,FIRE BALL,0.31234084911029214
7,SAME TO YOU,0.040588642664257726
8,GENERAL ACE,0.16688937607741886
9,DOUBLE SHOW,0.36824078724466314
10,H Z TOURBILLON,0.07764478388293809
11,VAMOS,0.30703646816532576
