,HorseName,Score
0,GOOD LUCK FRIEND,0.20070440139884727
1,DROMBEG BANNER,0.22061098605317359
2,ATULLIBIGEAL,0.2164878619786704
3,KEEFY,0.10925971093006555
4,GUMMY GUMMY,0.17071817895211655
5,ALACRITY,0.2592233738805061
6,FIND MY LOVE,0.10180392003719743
7,YOUTHFUL DEAL,0.20825105416572784
8,SUPERB BOY,0.26048685529335297
9,BERLIN TANGO,0.13359020722781315
10,GLOBAL HARMONY,0.4678100075480943
11,SILVER KING,0.14892855094537863
