,HorseName,Score
0,D STAR,0.3238306992654545
1,INVINCIBLE MISSILE,0.0967005234968633
2,SURE JOYFUL,0.6579110584165022
3,CORDYCEPS ONE,0.3721664282925626
4,TAKE ACTION,0.10946853357813703
5,CHEONG FAT,0.08827591111844174
6,STARSHIP EIGHTY,0.22275594931870185
7,STRONGEST BOY,0.5187647995515638
8,PO ON WAY,0.1346003331910365
9,CAN'T GO WONG,0.07008901869223925
10,RIGHT HONOURABLE,0.0048880247426956154
11,UNITED ENDEAVORS,0.4234736696414704
