,HorseName,Score
0,CAPITAL DELIGHT,0.28574085249877224
1,SUPERB CAPITALIST,0.23662298675394694
2,BRAVE STAR,0.3758511547187837
3,EASON,0.0821793002534961
4,GOKO WIN,0.13510728407586933
5,BEAUTY INFINITY,0.8189257893425985
6,NOT USUAL STAR,0.10761164867363554
7,HAPPY FAT CAT,0.31721910816436577
8,HAPPY DAY,0.09427244325934016
9,KYRUS DRAGON,0.010004881047749934
