,HorseName,Score
0,SOLAR PARTNER,0.25514477479298614
1,E UNIVERSE,0.24364642617423318
2,RAGNARR,0.2442841792663849
3,ACE POWER,0.24716226318897222
4,PARTY WARRIOR,0.24710619861362046
5,YODA'S CHOICE,0.24708654977955177
6,GLORIOUS EXPERT,0.24488856147525428
7,COUNTRY DANCER,0.2469513045302182
8,SUPER EAGLE,0.25376666793245495
9,HAPPY FEELING,0.24606009922560515
10,SUPER AXIOM,0.24714918266486172
11,CHEER FOR SOUTH,0.2454781218156896
