,HorseName,Score
0,ARMOUR EAGLE,0.2523793416491078
1,GOLDENFIELD,0.2191501402362274
2,SMOKEY BEAR,0.3808554926965093
3,TORONADO PHANTOM,0.3108781093382137
4,BABY CRYSTAL,0.19182557882913567
5,GOOD BUDDY,0.21655406602282992
6,SKY FOREVER,0.21886645917320438
7,VICTORY MOMENTS,0.17244394964703402
8,CALIFORNIA TOUCH,0.2924550823530276
9,MARK THE MOMENT,0.2680562035233517
10,MONTA FRUTTA,0.2254598249349047
11,SPORTS LEGEND,0.17001713905839383
