,HorseName,Score
0,DRAGON STAR,0.6024804062711397
1,SATIRICAL GLORY,0.2692706872942089
2,FOREVER GLORIOUS,0.11236221558768231
3,INVINCIBLE MISSILE,0.05957208176249662
4,CONCERTO,0.05669186549669622
5,COURIER MAGIC,0.08998126275294924
6,LITTLE FAIRY,0.0587625743956151
7,PAKISTAN FRIEND,0.18992898472544562
8,GOLD TACK,0.23956952046793908
9,RUNNING AHEAD,0.009593903938534657
10,FLYING SILVER,0.10933776378273273
11,TURTLE AGAIN,0.3044296638293975
