,HorseName,Score
0,THE BEST PEACH,0.03636625403807764
1,C P BRAVE,0.005441062925486067
2,NATURAL STORM,0.008775366458538233
3,SWEET ENCOUNTER,0.09558846578949408
4,PACKING HURRICANE,0.01860210883205406
5,COLUMBUS COUNTY,0.0006542045685131458
6,BEAUTY LIVE,0.004072408621411295
7,BRAVEHEARTS,0.00015974127892561118
8,FRANTANCK,0.012271396907003254
9,MAJESTIC VICTORY,0.014956879264422816
10,HOLY LAKE,0.030128166362212598
11,NICHOLSON RETURNS,0.018627548483914232
12,ENIGMA,0.0005482864665953158
