,HorseName,Score
0,SPLENDID LIVING,0.6952834365705678
1,HAMERON,0.6099527413280139
2,SUPREME AGILITY,0.29523064768970814
3,GALLANT WAKING,0.488347778513182
4,HELENE WARRIOR,0.09649602243349141
5,ROMANTIC LAOS,0.18583141354582372
6,MASSIVE ACTION,0.12219052078213563
7,BEAUTY INFINITY,0.804946482128251
8,ROCKET SPADE,0.526668829636477
9,CAPITAL LEGEND,0.22826948307407663
10,KING GLORIOSO,0.1269769586812214
11,CHAIN OF GOLD,0.37222229302545173
