,HorseName,Score
0,LOVERO,0.1860481783256986
1,DRAGON STAR,0.5648767619577089
2,GALLANT CROWN,0.07005928854720396
3,WIN WIN FIGHTER,0.35700219319787235
4,CHATEAU LE PECHE,0.0007336432572612118
5,GALVANIC,0.38998138507001634
6,KASA PAPA,0.13109223437056688
7,REACH GOAL,0.1304908811451401
8,AMAZINGTEAMWORK,0.13506375634028422
9,STURDY RUBY,0.39329767703784135
10,MERCHANT PRINCE,0.11416915244981093
11,AMAZING BOY,0.3827086110423969
