,HorseName,Score
0,AMAZING VICTORY,0.5538009335601567
1,GREEN N WHITE,0.6370763812637867
2,FUN TOGETHER,0.2784988634418367
3,SINBA,0.22513348786422632
4,MAGNIFICENT NINE,0.11549225669669462
5,SUNSTRIDER,0.16337621790582207
6,SMILING TIME,0.4708208459836237
7,PATCH OF THETA,0.9066237505145206
8,BIG RED,0.3848344412764847
9,GOOD LUCK WIN,0.08148379370087018
10,KYEEMA,0.006222203166212591
11,RIGHTEOUS ARION,0.26918294726872927
12,SAKEWIN,0.010557479265317258
13,AEROINVINCIBLE,0.6469898739249803
