,HorseName,Score
0,TELECOM SPEED,0.21100213489585967
1,SCOTCH TYCOON,0.0646992749384997
2,EXUBERANT,0.2900483721200292
3,GLORY CLOUD,0.0855472539196075
4,MOLLY'S WITNESS,0.054115053921802235
5,BRAVO WARRIOR,0.00575171582690902
6,FALCON COURT,0.06602965680258785
7,SPEEDY CHARIOT,0.14928449717935255
8,TATTENHAM,0.23974681560079172
9,GOLDEN LINK,0.13484689729310523
10,HIGH PERCENTAGE,0.43126722734272965
11,HERO STAR,0.20131772301286607
