,HorseName,Score
0,GALLANT VALOUR,0.1432733492247607
1,WIN WIN FIGHTER,0.2024878943239433
2,PERFETTO,0.21540668109632605
3,TOP TOP TEA,0.15536194233699066
4,GALVANIC,0.3709093972218333
5,MASTER HERO,0.2582071382557687
6,SATIRICAL GLORY,0.21760440514023918
7,YOUNG VICTORY,0.21665609671725816
8,V LOVE YOU,0.14861784682234097
9,NOBLE WIN,0.17968003113470693
10,DUBLIN STAR,0.1870623321083322
11,AMAZING BOY,0.14496625063551719
