,HorseName,Score
0,EXPLOSIVE WITNESS,0.15308937783090282
1,GREAT STATE,0.22408293395054477
2,HEROIC MASTER,0.31229630289207544
3,KA YING SPIRIT,0.21620904397507074
4,HAPPY UNITED,0.2626425788842736
5,CALIFORNIA DEEPLY,0.18305683872067446
6,SUMMIT CHEERS,0.15403963091705464
7,FORTUNE WHISKEY,0.16956845098339937
8,ATOMIC ENERGY,0.1789397740221904
9,MA COMET,0.21480963398371442
10,ROMANTIC NOVELIST,0.2590803361993685
11,HOSS,0.1740876777467666
