,HorseName,Score
0,RED MAJESTY,0.09261114514423005
1,NOBLE PURSUIT,0.3533574645965464
2,SNOWALOT,0.2790360014807257
3,SUPER BABY,0.1133871520892337
4,PRINCE ALEX,0.190155366038517
5,CONCERTO,0.13401083897446386
6,SURE JOYFUL,0.15185759484189187
7,TURIN WARRIOR,0.5749294172562206
8,TO INFINITY,0.34298107842119563
9,ATOMIC BEAUTY,0.06585624272433192
10,KYRUS UNICORN,0.09758094907398442
11,AMAZING BOY,0.24255476216557553
