,HorseName,Score
0,BEAU GOSSE,0.1869670992328935
1,MEDIC ELITE,0.6745631406997762
2,SUPERB MOVE,0.23744898931556413
3,SUPERB DADDY,0.31185449282141603
4,MASTER OF LUCK,0.10596860473506874
5,HAPPY JAI JAI,0.7923843906548432
6,PRECISION GOAL,0.13100100497501743
7,ANGELS HUNTER,0.22727256503197077
8,HAPPIHOOD,0.10582683625974909
9,FAITHFUL TRINITY,0.27808784758249167
10,MIGHTY STAR,0.17530156529481186
11,FOXHUNTER WAY,0.14339599595309857
