,HorseName,Score
0,SAVVY CHIC,0.24658710281658136
1,WOOD ON FIRE,0.24428601631315092
2,BRAVO WARRIOR,0.24600703939115315
3,GLORY CLOUD,0.24403842475897053
4,KILINDINI,0.24606448683128945
5,PHILOS,0.24598302276119394
6,ISLAND GOLDEN,0.2458705434720407
7,GOLDEN LUCK,0.24536888584448063
8,JOYFUL LIFE,0.24590503930206378
9,YEABOI,0.24581991017181748
10,HARMONY N HOME,0.24594709874889184
11,BEAU GOSSE,0.2459240154272779
