,HorseName,Score
0,TELECOM FIGHTERS,0.2458747904957634
1,HAPPY TOGETHER,0.24593700546983005
2,LA CITY BLANCHE,0.24381956876597852
3,DANCING CODE,0.24590434410425482
4,NORDIC DRAGON,0.2457483977560427
5,RISING FROM ASHES,0.24355531879736003
6,MR ASCENDENCY,0.24655213409528481
