,HorseName,Score
0,ASTROLOGER,0.24564763451608443
1,COLOURFUL EMPEROR,0.6950214292953737
2,ATOMIC FORCE,0.44085530995480315
3,HEALTHY HEALTHY,0.680574573021113
4,O'LINER,0.28545604193842455
5,ARMOUR EAGLE,0.1185867599595996
6,SOLAR PARTNER,0.4953652271575942
7,SPORTS LEGEND,0.3425424081659758
8,SWEET BRIAR,0.8458283629983767
9,MAGIC PHOENIX,0.2701638510354104
10,NEBRASKAN,0.3202945843190734
11,KING ECCELLENTE,0.42686916589673285
