,HorseName,Score
0,COURIER WONDER,0.032049869691967145
1,HOWDEEPISYOURLOVE,0.23497059158505681
2,DUKE WAI,0.03769913861256682
3,WHIZZ KID,0.02624107148280567
4,ADIOS,0.05149240989574088
5,NERVOUS WITNESS,0.06951485875204398
6,PACKING TREADMILL,0.30409538399914593
7,INVINCIBLE SAGE,0.27427585737476995
8,FLYING ACE,0.38062815944690265
9,BEAUTY CHARGE,0.18086429208188123
10,DROMBEG BANNER,0.08161942487779224
