,HorseName,Score
0,SUPERB CAPITALIST,0.22526845732911852
1,HARMONY N BLESSED,0.32914318147969124
2,GRATEFUL HEART,0.2519362371276113
3,LIGHTNING BOLT,0.1730684957807923
4,CELESTIAL COLOURS,0.48802185621146466
5,O'LINER,0.3128703388510424
6,NEVER TOO SOON,0.19289575970477563
7,EXCELLENT PEERS,0.2375975130632283
8,ACT OF FAITH,0.32802441372014973
9,NICCONI COUNTY,0.1360615248829056
10,JUMBO FORTUNE,0.059522501973570785
11,ONE FOR ALL,0.49826009372543845
