,HorseName,Score
0,CLASSIC ARCHI,0.013780820292779114
1,NICE BIRDIE,0.19652270004181097
2,PALACE PAL,0.3794680597500748
3,AI ONE,0.1029361078091481
4,COLOURFUL BARON,0.21157667849487044
5,VINCY,0.4143739553474242
6,CIRCUIT ELITE,0.11459170424206813
7,BRILLIANT PIONEER,0.13563860827001167
8,DIAMOND WINNER,0.18716930558981013
9,LOYAL AMBITION,0.34176170351513757
10,GOLDEN FAIRY,0.11868762807300726
11,MIGHTY STAR,0.10227556585577537
