,HorseName,Score
0,THE BEST PEACH,0.459932055275683
1,C P BRAVE,0.12297904556954958
2,NATURAL STORM,0.1625990964436179
3,SWEET ENCOUNTER,0.6477529848423982
4,PACKING HURRICANE,0.2869431275358893
5,COLUMBUS COUNTY,0.041849067368587
6,BEAUTY LIVE,0.10445828082646136
7,BRAVEHEARTS,0.01250213075451143
8,FRANTANCK,0.18219300923706913
9,MAJESTIC VICTORY,0.19443473391405208
10,HOLY LAKE,0.42595595881120446
11,NICHOLSON RETURNS,0.2678496569010548
12,ENIGMA,0.03529943632978918
