,HorseName,Score
0,SUPER LEGENDS,0.5915079455840829
1,GOLDEN RISE,0.34253042685602014
2,SUPER HIGHWAY,0.5578611694941833
3,CIRCUIT TEN,0.07884997308544905
4,DEEP PURSUIT,0.03784552976264595
5,LO PAN SPIRIT,0.261129945419817
6,LUCKY TOUCH,0.5155965108769378
7,MR ENERGIA,0.450810879715689
8,AWESOME TREASURE,0.1862164326085585
9,SUPER CHARIZZARD,0.013959593238406759
10,SUPER GLORY,0.03216756581276441
11,NEW POWER,0.4190191793429176
