,HorseName,Score
0,LUCKY SWEYNESSE,0.6897799536710657
1,WELLINGTON,0.5943377648578728
2,SIGHT SUCCESS,0.1413103943005564
3,COURIER WONDER,0.025919636109008437
4,LUCKY WITH YOU,0.12558637628542182
5,VICTOR THE WINNER,0.07126412892268222
6,DUKE WAI,0.04574106667560626
7,TAJ DRAGON,0.07687827653545379
8,SUPER WEALTHY,0.05877634617429177
9,PACKING TREADMILL,0.7469550486786889
10,WHIZZ KID,0.02621411004041411
11,FLYING ACE,0.17632092694437485
12,SON PAK FU,0.37162760455810245
