,HorseName,Score
0,THE BEST PEACH,0.8909585315357379
1,C P BRAVE,0.5519504201580635
2,NATURAL STORM,0.6718860372183738
3,SWEET ENCOUNTER,0.9662005880448697
4,PACKING HURRICANE,0.7523058800603518
5,COLUMBUS COUNTY,0.07883643797475348
6,BEAUTY LIVE,0.4966120936996809
7,BRAVEHEARTS,0.03201900554844293
8,FRANTANCK,0.7596621582159966
9,MAJESTIC VICTORY,0.7343422707031567
10,HOLY LAKE,0.8766465752984515
11,NICHOLSON RETURNS,0.8603459722021092
12,ENIGMA,0.08239052237705659
