,HorseName,Score
0,ELLIPTICAL,0.017395941629673704
1,AWESOME FLUKE,0.009378302505164825
2,SIMPLE HEDGE,0.131979142421027
3,KA YING GENERATION,0.00887473326280432
4,ESCAPE ROUTE,0.016239436486868777
5,ENIGMA,0.008796886516823402
6,INTREPID WINNER,0.01610975476486723
7,HAKKA RADIANCE,0.007747734771295434
8,SWAN BAY,0.027634928828277287
9,BILLIONAIRE SECRET,0.0061425233868985145
10,GALLANT HERO,0.01877998026092173
