,HorseName,Score
0,EASON,0.2725117596290891
1,JOYFUL HUNTER,0.4532952214916112
2,A AMERIC TE SPECSO,0.28946278963146693
3,SUGAR SUGAR,0.22940976251484388
4,VIVA GRACIOUSNESS,0.26353501920381106
5,ACE ONE,0.17710375570834647
6,CHAIN OF GOLD,0.3261289523837158
7,DENFIELD,0.5608335230428505
8,CAPTAIN WIN,0.11711905157789723
9,ONE FOR ALL,0.03932716572368982
