,HorseName,Score
0,ENFOLDED,0.015829777190541114
1,JOLLY COMPANION,0.005394076724165041
2,HAPPY FAT CAT,0.1100138476121858
3,GREAT ACHIEVER,0.11790774645973068
4,THE KHAN,0.014172327261686251
5,SHANGHAI STYLE,0.010425111461365584
6,LAPRAS,0.016769471810325252
7,HERCULES,0.1692454033016336
8,HAYDAY,0.01599093593089333
9,WOODFIRE CHAMP,0.008123383689419198
10,ALLOY KING,0.05990902163025235
11,VALIANT ELEGANCE,0.0010522222432314892
