,HorseName,Score
0,ARMOUR WAR EAGLE,0.045315588616394085
1,THE HEIR,0.20223678517616767
2,GOLDEN EMPIRE,0.03062820995292504
3,RUN RUN COOL,0.05717675244496792
4,SILVER UP,0.032947004836459085
5,ZOOM BOOM,0.027511677824223108
6,HONG KONG HALL,0.06630135041802306
7,MIDORI BURLY,0.02809264969514797
8,D STAR,0.06727256711754333
9,LOST CHILD,0.0400102565700167
10,BONUS PAL,0.03534028185130338
11,ENDEARED,0.039862810177824934
12,STORM RIDER,0.1109144054490037
13,RAGNARR,0.027738665212992175
