,HorseName,Score
0,WIND SPEEDER,0.025520539519572553
1,GOOD VIEW GLORY,0.011185640771785823
2,SUPER ELITE,0.017256047856271297
3,GENERAL ACE,0.006089030023448472
4,DOUBLE SHOW,0.0152288824018067
5,AUGUST MOON,0.0147802325916489
6,HAPPILY FRIENDS,0.0010413169027580894
7,VIVA A LA,0.014971186560318272
8,EASY TWO,0.010351665066018098
9,CIRCUIT SPLENDOR,0.0430777730722861
10,DEVIL AND GOLD,0.004039161229915821
11,NOIR RIDER,0.0011808360403183812
