,HorseName,Score
5,DRAGON STAR,0.2963179564164517
0,RED MAJESTY,0.219574865895908
2,VIVA HUNTER,0.08758936470094147
