,HorseName,Jockey,Score
0,VOYAGE BUBBLE,A Atzeni,0.16250112654711088
1,BEAUTY ETERNAL,Z Purton,0.17304926460648987
2,BEAUTY JOY,M Chadwick,0.09427123415678057
3,GALAXY PATCH,C Y Ho,0.15424233886211502
4,RED LION,H Bowman,0.1236639926440221
5,STRAIGHT ARRON,B Avdulla,0.04867041641286315
6,CHANCHENG GLORY,L Hewitson,0.11512725814762603
7,LA CITY BLANCHE,Y L Chung,0.05129626253414023
8,THE GOLDEN SCENERY,K Teetan,0.07717810608885219
