,HorseName,Score
0,D STAR,0.016115297691867637
1,GALVANIC,0.0360369537513858
2,U S S CONSTITUTION,0.0023886557419572673
3,DRAGON STAR,0.014123970449756008
4,WIN WIN FIGHTER,0.01960321308566958
5,STRONGEST BOY,0.11627816810303013
6,ME TIME,0.0024326330081433484
7,YOUNG VICTORY,0.014578770564049031
8,UP AND UP,0.000892050931533481
9,LITTLE FAIRY,0.005559532131745682
10,YEABOI,0.005814570772691267
11,COURIER MAGIC,0.0008475201954275581
