,HorseName,Score
0,REBEL'S ROMANCE,0.21077423369014137
1,STRAIGHT ARRON,0.39311380102706284
2,FIVE G PATCH,0.42663979448014155
3,RUSSIAN EMPEROR,0.21231198230307588
4,LA CITY BLANCHE,0.13443500581201273
5,SENOR TOBA,0.1782382701750349
6,MASSIVE SOVEREIGN,0.4314681479318165
7,MOMENTS IN TIME,0.24914219262563325
