,HorseName,Score
0,HASTEN DELIGHT,0.09617595631048434
1,NORTHERN BEACHES,0.4910657053862807
2,LADY'S CHOICE,0.5875842723916469
3,CALIFORNIA DEEPLY,0.21183965561160012
4,APOLAR FIGHTER,0.05769566635639039
5,CHAMPION INSTINCT,0.31969922466722256
6,SEA AIR LEGEND,0.23406036518311413
7,ENDEARED,0.25772818969691214
8,ROBOT MASTER,0.0057731156256420465
