,HorseName,Score
0,SOLAR PARTNER,0.562721788609187
1,E UNIVERSE,0.18314197609182908
2,RAGNARR,0.08648998987754097
3,ACE POWER,0.29983262612873
4,PARTY WARRIOR,0.0859136860977336
5,YODA'S CHOICE,0.6246829287508279
6,GLORIOUS EXPERT,0.07372186053699527
7,COUNTRY DANCER,0.16339266346185682
8,SUPER EAGLE,0.3792623399370665
9,HAPPY FEELING,0.09754086286392859
10,SUPER AXIOM,0.16630010120643207
11,CHEER FOR SOUTH,0.11452799107472719
