,HorseName,Score
0,GOOD LUCK FRIEND,0.3563387154035554
1,DROMBEG BANNER,0.3407170420622189
2,ATULLIBIGEAL,0.3774804454679317
3,KEEFY,0.10453042386486515
4,GUMMY GUMMY,0.3837638856099196
5,ALACRITY,0.25181463783565466
6,FIND MY LOVE,0.1107752354308417
7,YOUTHFUL DEAL,0.10254208823285617
8,SUPERB BOY,0.46639431321101
9,BERLIN TANGO,0.10886993224447392
10,GLOBAL HARMONY,0.7089507905262952
11,SILVER KING,0.16381672370910375
