,HorseName,Score
0,CLASSIC ARCHI,0.24634714918460043
1,NICE BIRDIE,0.2467581077531797
2,PALACE PAL,0.2796981938310895
3,AI ONE,0.24636331104664846
4,COLOURFUL BARON,0.2446329347305229
5,VINCY,0.24767243776999534
6,CIRCUIT ELITE,0.24351643830922437
7,BRILLIANT PIONEER,0.24459688339200794
8,DIAMOND WINNER,0.2595031946782664
9,LOYAL AMBITION,0.24629590002610743
10,GOLDEN FAIRY,0.24650311652264914
11,MIGHTY STAR,0.24640312077779794
