,HorseName,Score
0,MUST GO,0.2022929682797612
1,SUNNY DARLING,0.06385045529601507
2,SOLAR UP,0.06352701814219375
3,REGENT GLORY,0.20122014572451397
4,OMAKASE,0.23345674727265642
5,SPEED SWORD,0.02595424349282341
6,DIAMOND FLARE,0.3025745604413931
7,FLYING DRAGON,0.23230900345969724
8,SKY SONG,0.11158149849377096
9,TRIUMPHANT WARRIOR,0.652097465156134
10,SPANGLE FORTUNE,0.1274158484936826
11,JOY IN JOY,0.038042890713179144
