,HorseName,Score
0,GALAXY WITNESS,0.2468656477333394
1,PRIME MINISTER,0.24594976452346248
2,I AM THE BOSS,0.24597316414090395
3,TOURBILLON PRINCE,0.2526487706136202
4,WINNING DRAGON,0.2486499436754701
5,MASTER OF FORTUNE,0.2459335292455826
6,STAR CONTACT,0.24589773076647148
7,ESCAPE ROUTE,0.24403318552399816
8,LOVERO,0.24688622748711017
9,GLORIOUS JOURNEY,0.2458420855371898
10,LOYAL BABY,0.24358000870043447
11,RED HARE KING,0.2506125073996886
