,HorseName,Score
0,MY FLYING ANGEL,0.0993384787997205
1,MARADO,0.2592198664493638
2,PINS PRINCE,0.08694288225550706
3,EMBRACES,0.18786423545351383
4,SOLID WIN,0.12439049945984201
5,WAR OF COURAGE,0.2657500967175885
6,GRAND BOSS,0.08787531164577204
7,FORERUNNER,0.40388942029858965
8,GALLANT CROWN,0.1773214237510208
9,HAPPY DAILY,0.2783520424995695
10,SMILING COLLECTOR,0.2561828216433706
11,FIGHT TIME,0.35296511832943067
12,RIVER VIEWS,0.22807379470765943
13,MR ALADDIN,0.09450493797305796
