,HorseName,Score
0,LUCKY SWEYNESSE,0.24621943119031106
1,CALIFORNIA SPANGLE,0.2453669849457891
2,BEAUTY ETERNAL,0.24622932068836587
3,BEAUTY JOY,0.24460620731889038
4,LUCKY WITH YOU,0.24492641094476103
5,HEALTHY HAPPY,0.2489394302208656
6,TAJ DRAGON,0.24997404464762796
7,SON PAK FU,0.24421090027111886
8,RED LION,0.24665202332175348
9,GALAXY PATCH,0.24613819841824974
