,HorseName,Score
0,PLEASANT ENDEAVOR,0.5521773797634909
1,FLYING HIGH,0.7050231065312798
2,BABY CRYSTAL,0.490567477887263
3,STELLAR EXPRESS,0.9755961685404836
4,NORTHERN BEACHES,0.4666616885163187
5,TELECOM POWER,0.14064978034038392
6,BULB EMPEROR,0.28172425091837305
7,JOLLY RULER,0.06838349818003929
8,SUPERSONIC,0.003426412231711717
9,CHEVAL VALIANT,0.5405832043836146
