,HorseName,Score
0,GOLDEN LONG,0.25615633784238556
1,RAGNARR,0.1414737495589327
2,HIGH RISE SOLDIER,0.1739060118362212
3,FLYING PHANTOM,0.5345375136854636
4,TALENTS SUPREMO,0.10612317244755008
5,HAPPY SOUL,0.2867780835121864
6,EVER VICTORIOUS,0.025635632564587934
7,HERO STAR,0.1901803767528586
8,MELBOURNE HALL,0.3371226883172561
9,VALHALLA,0.1290098825627247
10,SUPER EAGLE,0.4056058702665736
11,HO HO STAR,0.03928205008368823
