,HorseName,Score
0,ROMANTIC WARRIOR,0.8756437121857612
1,DUBAI HONOUR,0.41299053883287745
2,HISHI IGUAZU,0.49632472881904427
3,PROGNOSIS,0.09833433901733529
4,STRAIGHT ARRON,0.3506449858363131
5,SWORD POINT,0.1971589919223685
6,NIMBLE NIMBUS,0.3972830396689222
7,FIVE G PATCH,0.3930427343919798
8,NORTH BRIDGE,0.14899265746654222
9,HAPPY TOGETHER,0.4708538173150319
10,MASSIVE SOVEREIGN,0.706342920490716
