,HorseName,Score
0,JUMBO LEGEND,0.1576899130676953
1,E UNIVERSE,0.1391061435089267
2,HAPPY GOLF,0.4355284901361481
3,HIGH RISE SOLDIER,0.17021390937892375
4,KING ECCELLENTE,0.2183498651005907
5,GREAT ACHIEVER,0.1807158907368805
6,BRAVO WARRIOR,0.27020722529207203
7,LUCKY SYMPHONY,0.5634439282898898
8,TALENTS SUPREMO,0.25401215340739275
9,COUNTRY DANCER,0.20652243648628665
10,ISLAND BRIGHT,0.17641673251871223
11,ALLOY KING,0.16448975938364813
