,HorseName,Score
0,MIGHTY ARMOUR,0.032890422535694075
1,SAMARKAND,0.49265024459699136
2,DRAGON STAR,0.8228274794103679
3,LUCKY GOLD,0.2528310033236603
4,STURDY RUBY,0.844446306876392
5,ROYAL PRIDE,0.25715331025655686
6,GOLD TACK,0.6139828550897447
7,JOYFUL FRIENDSHIP,0.0008787688262101836
8,ATOMIC BEAUTY,0.46479256024354837
9,BRAVE WITNESS,0.18119644239914698
10,YEABOI,0.1801039220814945
11,FORTUNE PRESIDENT,0.5599902183506946
