,HorseName,Score
0,HELENE FEELING,0.6739642195415568
1,ENCOUNTERED,0.31098738634572987
2,HAPPY TOGETHER,0.44953550481009574
3,SWORD POINT,0.6959514208132949
4,CHAMPION DRAGON,0.5873832781263928
5,LA CITY BLANCHE,0.543547541760536
6,MONEY CATCHER,0.4539212256491304
7,NIMBLE NIMBUS,0.36618116675801654
8,RISING FROM ASHES,0.19209691256594624
9,BERLIN TANGO,0.05321400662901426
10,TELECOM FIGHTERS,0.15158244463635723
11,TOURBILLON DIAMOND,0.04823070724523832
