,HorseName,Score
0,SUPER CHARIZZARD,0.42896653563127035
1,COLOURFUL PRINCE,0.2658519373259381
2,PARENTS' LOVE,0.17300213406375028
3,FALCON COURT,0.07258150657098991
4,OVERSUBSCRIBED,0.28273701679640284
5,BEAUTY DESTINY,0.2876695736616
6,KOWLOON EAST STAR,0.024254313837163605
7,SUPER FAST DRAGON,0.14890666224150767
8,SUPER AXIOM,0.057839717389947344
9,CIRCUIT SEVEN,0.32793142395687064
10,DIAMOND SOARS,0.14228917548024458
11,LEAN MASTER,0.19051532664049478
