,HorseName,Score
0,ALACRITY,0.41035161038362944
1,APACHE PASS,0.3157159097108704
2,BERLIN TANGO,0.10356798723239774
3,WOODFIRE BRO,0.4430585871206198
4,M UNICORN,0.5079136694640259
5,SO WE JOY,0.13709269927796033
6,SAMARKAND,0.2971748921591296
7,ROMANTIC CHARM,0.3510019501796891
8,MASSIVE ACTION,0.16193840564899406
