,HorseName,Score
0,NOT A FEW,0.1619480917104366
1,CHARITY BINGO,0.07161335196839078
2,RED MAJESTY,0.22145031519289607
3,INVINCIBLE MISSILE,0.10096168990807423
4,TIGER AND GOLD,0.19441408314994976
5,CHEONG FAT,0.13545437260535728
6,TO INFINITY,0.19281708609285972
7,ATOMIC BEAUTY,0.3251470155637345
8,AROMATICA,0.16220953876324848
9,THE CONCENTRATION,0.04376001499838099
10,CLUB SODA,0.12487906700388111
11,RED MAVERICK,0.001984101463039894
