,HorseName,Score
0,DAILY TROPHY,0.2936193497839812
1,SPEEDY FORTUNE,0.5668758950777777
2,CALIFORNIA ICON,0.05062632034629038
3,HIGH RISE POWER,0.04962187890777294
4,COOL BLUE,0.168299857597238
5,SONIC BOOM,0.02144118965914318
6,PATCH OF WATCH,0.030240288361611637
7,SMART FOLKS,0.11158154742291818
8,BEAT HOLLOW,0.16478731624261417
9,MAGIC TRAVELLER,0.034552772394958874
10,EASY TWO,0.03717240466777139
11,DEVIL AND GOLD,0.12780934420152676
