,HorseName,Score
0,FORTUNE WARRIOR,0.1718222386281807
1,FUN ELITE,0.13913828367178716
2,HARMONY FIRE,0.14410844701705752
3,SERGEANT PEPPER,0.29646020620073893
4,GLORIOUS EXPERT,0.2177789149947031
5,HICKORY VICTORY,0.13912505958955299
6,MOLLY'S WITNESS,0.4675559155025034
7,PARENTS' LOVE,0.13925803146226454
8,RUBY SAILING,0.21987085438516626
9,SAVVY DELIGHT,0.13940232995261623
10,SAME TO YOU,0.03415705533685513
11,KING INVINCIBLE,0.0807040569348717
