,HorseName,Score
0,LOYAL BABY,0.2695036400714393
1,RED MAJESTY,0.20086023889331067
2,GALLANT VALOUR,0.8361175307768994
3,SUPER BABY,0.10253253994253284
4,ALL RICHES,0.2503202468674575
5,INVINCIBLE MISSILE,0.05540691489370824
6,KASA PAPA,0.09510298090341308
7,CONCERTO,0.19562486430316559
8,DUBLIN STAR,0.3663736603575964
9,LEGION OF MERIT,0.2490189790571907
10,SUNNY SHINES,0.09953827710558154
11,NORTHERN BEAST,0.0314890366887933
