,HorseName,Score
0,BERLIN TANGO,0.20050538493733416
1,MOMENTS IN TIME,0.10703138360341435
2,PRIME MINISTER,0.10353188045079478
3,TURIN MASCOT,0.26266679603604565
4,TRUE GENIUS,0.0889348950195753
5,LOOKING GREAT,0.0961649240363322
6,M UNICORN,0.4356422477546068
7,MAJESTIC VICTORY,0.22798838190407292
8,INTREPID WINNER,0.23197189259320114
9,ESCAPE ROUTE,0.11448977577928367
10,KIMBERLEY,0.15566675513276385
11,GALLANT HERO,0.1708928283421006
