,HorseName,Score
0,HAPPY GOLF,0.25776460494613557
1,TOGEPI,0.2878853464354052
2,LYRICAL MOTION,0.5369053202372627
3,HIGH RISE SOLDIER,0.08632243962930773
4,SERGEANT PEPPER,0.2874820083670485
5,TEAM HAPPY,0.23561439155434669
6,FLYING PHANTOM,0.47029756784425136
7,MISTER FOX,0.011800240557853706
8,HAPPY SOUL,0.28913720361200823
9,JOYFUL LIFE,0.10633994774995208
10,LUCKY PLANET,0.2942557713500534
11,HERO STAR,0.09666070822419741
