,HorseName,Score
0,LIGHTNING BOLT,0.07385597011923631
1,NICCONI COUNTY,0.11751391453449297
2,GOLDEN EMPIRE,0.1343104900791247
3,ACT OF FAITH,0.3521945856088329
4,PRINCE OF PORTY,0.3387947925746798
5,CONTI CONTI,0.21281131194135874
6,HOSS,0.24414658449026663
7,RIGHTEOUS ARION,0.5604170608741148
8,MEGA BONUS,0.14733762605523398
9,ORIENTAL SMOKE,0.11423800506508931
10,READY TO WIN,0.18613092251678265
