,HorseName,Score
0,HOLY POWER,0.2852785758940248
1,WAR OF COURAGE,0.15370916751306765
2,MUST GO,0.19331958826356696
3,TELECOM DRAGON,0.4569592593916372
4,AWESOME TREASURE,0.1436483108770881
5,GENEVA,0.6693161319488988
6,CALL ME GLORIOUS,0.23860537742928878
7,GALE SAGA,0.20315079190364885
8,LINK,0.18109689740957544
9,SUNNY DA BEST,0.6563784236936697
10,TOP PEAK,0.2959515702722872
11,HICKORY VICTORY,0.09045528422425383
12,SPICY GOLD,0.25529089930432125
13,URBAN TRIUMPH,0.058107200307022155
