,HorseName,Score
0,MOMENTS IN TIME,0.07768838669904916
1,HELENE FEELING,0.0946607913704256
2,TELECOM FIGHTERS,0.03611624234725027
3,FLAMING RABBIT,0.07128583350201798
4,MR ASCENDENCY,0.06869411879534856
5,OUTGATE,0.0901978454583716
6,YELLOWFIN,0.12255085801690332
7,CHILL CHIBI,0.11360467261010763
8,WOODFIRE BRO,0.0856701084305789
9,NATURAL STORM,0.035745894974693736
10,RED HARE KING,0.11654190640496123
11,FLAMINGO TRILLION,0.08724334139029198
