,HorseName,Score
0,AFFIRM,0.08280928559595495
1,BEAT HOLLOW,0.2936432863224463
2,KASI FARASI,0.24392806270394754
3,SPEEDSTAR,0.08318864022242535
4,DIAMOND DIAMOND,0.19138080653083503
5,MULAN,0.05864846586667533
6,SONIC BOOM,0.18977604029102083
7,NORDIC COMBINED,0.0891236593870614
8,DRAGON DELIGHT,0.24700425766763173
9,APEX TOP,0.18178435026616985
10,MASTER OF LUCK,0.1232068411580808
11,SMART BEAUTY,0.11046600148778632
12,TSUEN WAN GLORY,0.17162988262331594
13,COMPULSORY,0.03483440122847587
