,HorseName,Score
0,LUCKY SWEYNESSE,0.7613726169721841
1,CALIFORNIA SPANGLE,0.5352066889640812
2,BEAUTY ETERNAL,0.9029217555295059
3,BEAUTY JOY,0.21757198209628517
4,LUCKY WITH YOU,0.3323556571859601
5,HEALTHY HAPPY,0.2932173253265505
6,TAJ DRAGON,0.5716829554080537
7,SON PAK FU,0.39919887831863393
8,RED LION,0.34640340355029914
9,GALAXY PATCH,0.5459927796882719
