,HorseName,Score
0,STUNNING PEACH,0.37390145602270697
1,FRANTANCK,0.32547712670617673
2,STAR MAC,0.5901706070052407
3,UNIVERSAL HORIZON,0.5941426568021207
4,BEAUTY LIVE,0.10186725228208182
5,KARMA,0.3868276350540085
6,VOYAGE SAMURAI,0.788219761964296
7,HELENE WARRIOR,0.117357173709308
8,KA YING SUPERB,0.07507439153912453
9,POWERFUL WINGS,0.10779862223493465
10,FOOLISH HEART,0.25487814899547406
