,HorseName,Score
0,HAPPY GOLF,0.3820845887728571
1,STREET CONQUEROR,0.3431568318056277
2,EASY SNIP,0.46920766963373167
3,HOSS,0.2620822210817907
4,E UNIVERSE,0.19368008722169341
5,DOUBLE BINGO,0.23621767306017202
6,REGENT GLORY,0.23323784473877524
7,SUPER EAGLE,0.3776140610610178
8,KING OBERON,0.08740766902858219
9,HAPPY FEELING,0.08946034142773249
10,TACTICAL COMMAND,0.15494073118237964
11,WOODFIRE CHAMP,0.051883658696164514
