,HorseName,Score
0,GALLANT WAKING,0.17570988074571867
1,TURIN MASCOT,0.19334359887173574
2,WINNING DRAGON,0.15779863678083794
3,ROMANTIC LAOS,0.44103681189140115
4,FASHION LEGEND,0.26153804334948894
5,LEAN HERO,0.32352496435989064
6,IVY LEAGUE,0.2335608721075746
7,SIMPLY MAVERICK,0.2254929414972048
8,SOLID IMPACT,0.24308560391721193
9,THESIS,0.18876920091265886
10,MAJESTIC SPEED,0.2410467970078517
11,RED HARE KING,0.24556190506495457
