,HorseName,Jockey,Score
2,THRIVING BROTHERS,Z Purton,0.26011216845932433
4,ENDEARED,H Bowman,0.19079563765551938
7,DRALA,K Teetan,0.13251639300941287
