,HorseName,Score
0,WIND SPEEDER,0.37770149375102313
1,GOOD VIEW GLORY,0.13599764191581992
2,SUPER ELITE,0.2521645964506832
3,GENERAL ACE,0.1572745783838078
4,DOUBLE SHOW,0.2025038812377529
5,AUGUST MOON,0.18908037949660003
6,HAPPILY FRIENDS,0.12041446735867137
7,VIVA A LA,0.1577832805618397
8,EASY TWO,0.1933050980808665
9,CIRCUIT SPLENDOR,0.37627482719996014
10,DEVIL AND GOLD,0.2840313220242321
11,NOIR RIDER,0.17203974023859703
