,HorseName,Score
0,WHIZZ KID,0.11808925524083717
1,DUKE WAI,0.16983662923621387
2,NERVOUS WITNESS,0.14883555783366323
3,SEASONS WIT,0.581656513060036
4,MAJESTIC KNIGHT,0.7352642111538127
5,CARROLL STREET,0.43678793964182777
6,HARMONY N BLESSED,0.43897746313837016
7,NORDIC DRAGON,0.34726715778234674
8,HUMBLE STAR,0.4039908807978305
