,HorseName,Score
0,MY INTELLIGENT,0.0795101339798549
1,SUPER ELITE,0.025763452910689183
2,BEAT HOLLOW,0.0740008308908027
3,DAILY TROPHY,0.09334679210823438
4,SPANGLE FORTUNE,0.01399117550392414
5,GENERAL ACE,0.026076580195565913
6,MAGIC TRAVELLER,0.032175912883901134
7,ALL IS READY,0.06195807617993387
8,FINGERS CROSSED,0.06360052424858756
9,FORTUNE MASTER,0.18918984178298964
10,PERFECT ROCK,0.000166783755634852
