,HorseName,Score
0,ENTERPRISE ATTACK,0.17328276989599206
1,SUPER FORTUNE,0.16111895146092858
2,IMA SINGLE MAN,0.25082262921495624
3,ACE VICTORY,0.21777268981916628
4,SUMMIT CHEERS,0.16134037991495345
5,SUNNY DARLING,0.23082424953027186
6,ORIENTAL SMOKE,0.2290975027289845
7,PARTERRE,0.05179197967868347
8,BEAUTY GLORY,0.22938469457671393
9,BEAUTY MISSILE,0.17299495379292734
10,E LEGEND,0.21990077995632826
11,ENDEARED,0.23038772075243863
