,HorseName,Score
0,SCOTCH TYCOON,0.15823054718435814
1,BEAUTY INFINITY,0.4174061445461777
2,HAPPY TRIO,0.4764653761578955
3,ERNEST FEELING,0.16077431472930925
4,KILINDINI,0.23327670678192886
5,GOLDEN LUCK,0.12959165664895997
6,LUCKY QUALITY,0.09836982532239996
7,PODIUM,0.05322949076273882
8,MELBOURNE HALL,0.2882878987172885
9,SUPER EAGLE,0.6134827210848446
10,COLONEL,0.050668547599446695
11,ALLOY KING,0.12195351980753512
