,HorseName,Score
0,BEAU GOSSE,0.42227022684958515
1,SPEEDY FORTUNE,0.41564575686368516
2,SMART FOLKS,0.13634135789793977
3,COOL BLUE,0.08627716088938178
4,DIAMOND SOARS,0.1745633569184459
5,PATCH OF WATCH,0.0325574611482762
6,FIRE BALL,0.3055862464340822
7,SUPER JOY,0.3158846293798151
8,DAILY TROPHY,0.24851624926750324
9,VAMOS,0.149474443226589
10,ALL IS READY,0.10474717103064915
11,DASHING GLORY,0.06814158658966264
