,HorseName,Score
0,IMA SINGLE MAN,0.025873518016061796
1,WUNDERBAR,0.11933227099996471
2,KYEEMA,0.024652879080808317
3,KA YING RISING,0.10451614453129547
4,JUMBO FORTUNE,0.01828620872022926
5,SOLAR PARTNER,0.06979071251145791
6,SOLAR UP,0.044460165197460134
7,READY TO WIN,0.04176879580889029
8,ACE VICTORY,0.04228134446933133
9,PARTERRE,0.031107650664581286
