,HorseName,Score
1,JOYFUL PROSPERITY,0.4708252228630518
10,SUNNY BABY,0.1799745720808721
9,CASA LEGEND,0.10279099385956593
