,HorseName,Score
0,SAKEWIN,0.021129969193849563
1,THE GREAT MASTER,0.04574132647180898
2,CAMP FIRE,0.18599311478593364
3,MIGHTY STRENGTH,0.15460273095807378
4,SUPER INFINITY,0.25004594000815666
5,TAIHANG SCENERY,0.09587644372956713
6,THE WINNABE,0.3617873689700523
7,THUNDERBOLTAURUS B,0.13799256049062117
8,YODA'S CHOICE,0.14935117805072262
9,HAPPY FOR ALL,0.23362661803654822
10,SKY SONG,0.2375896076408141
11,CRYSTAL POWERFUL,0.1159092355719859
