,HorseName,Score
0,BERLIN TANGO,0.24689293882208957
1,MOMENTS IN TIME,0.2444554301556594
2,PRIME MINISTER,0.24705862052744296
3,TURIN MASCOT,0.24709805526006
4,TRUE GENIUS,0.24583609278563112
5,LOOKING GREAT,0.2468752682944471
6,M UNICORN,0.24350499469003092
7,MAJESTIC VICTORY,0.24505773535978984
8,INTREPID WINNER,0.2451794911075591
9,ESCAPE ROUTE,0.24704182522427565
10,KIMBERLEY,0.24599797157335906
11,GALLANT HERO,0.24706279520484808
