,HorseName,Score
0,SPANGLE FORTUNE,0.10779638785176494
1,SUPER AXIOM,0.24682951788748575
2,BEAU GOSSE,0.19512071209337956
3,HO HO STAR,0.02236067961687649
4,YEABOI,0.025046885051819467
5,HAPPY TANGO,0.278100716790214
6,DAILY TROPHY,0.19443384296552757
7,DOUBLE SHOW,0.19006734167924919
8,PRESTIGE MOOCHI,0.10590313707858098
9,SUPER JOY,0.28789804936543306
10,ALL IS READY,0.11279526022208383
11,NOIR RIDER,0.02793980627611431
