,HorseName,Score
0,ESCAPE ROUTE,0.11985303096537972
1,SOLAR GOGO,0.023291587024073586
2,DARCI JOY,0.3045901411643089
3,SATIRICAL GLORY,0.43617638474739634
4,SHARPEN BRIGHT,0.19547514015261042
5,SPECIAL HEDGE,0.09052198949652486
6,CHATEAU LE PECHE,0.04007780570721685
7,ME TIME,0.03022791527727679
8,WINNING STEPS,0.12432621977163548
9,FRUITY WARRIOR,0.0413599683673699
10,SUNNY BABY,0.10733321351584736
11,FLYING SILVER,0.0747910678091974
12,LEGION OF MERIT,0.07754957344460518
