,HorseName,Score
3,FIRST LOVE,0.862203573396843
4,LUCKY GENERATIONS,0.0403810865759455
11,HAPPY FOR ALL,0.03552313159981026
