,HorseName,Score
0,GANGNAM STAR,0.4041483313824484
1,JAZZ CLUB,0.013370684398213739
2,RATTAN WORLD,0.29262696928464704
3,BEAT HOLLOW,0.7572722665504884
4,MR GOOD VIBES,0.021536780108695024
5,THE GOOD DEAL,0.593975564696345
6,URBAN TRIUMPH,0.009350159015953709
7,DAILY TROPHY,0.330204752092897
8,GENERAL ACE,0.0978417058832348
9,PERFECT PEACH,0.2970950582284994
10,GOOD VIEW GLORY,0.7239079840184411
11,CIRCUIT SPLENDOR,0.07534121123551013
