,HorseName,Score
0,APOLAR FIGHTER,0.0982656239162838
1,KYEEMA,0.024921069563675936
2,FIGHTING MACHINE,0.3158427141188722
3,JUMBO LEGEND,0.40976409010763076
4,GALLANT CROWN,0.14087094438228107
5,KASA PAPA,0.2788385399737942
6,PACKING WISHER,0.08895775845592782
7,HARRY'S HERO,0.049605353492292295
8,NORTHERN BEAST,0.20299002301124833
9,JOYFUL PROSPERITY,0.5312482615198952
10,TO INFINITY,0.22386543987709145
11,WINNING SEVEN,0.05183862175082501
