,HorseName,Score
0,COURIER WONDER,0.2265781482008593
1,DUKE WAI,0.28315830635528044
2,SUPER WEALTHY,0.1282935657218928
3,RED LION,0.71949490285946
4,RUNNING GLORY,0.40934453222132405
5,MUGEN,0.7223822718651277
