,HorseName,Score
0,EXUBERANT,0.202864109827264
1,MY FLYING ANGEL,0.021441929383055783
2,BULB EMPEROR,0.017239442455858654
3,SUPER INFINITY,0.15954949973711285
4,JUBILANT WINNER,0.023161067997089238
5,SPORTIC WARRIOR,0.052156163411962324
6,ALWAYS FLUKE,0.17852097494594615
7,OMAKASE,0.13111298885035694
8,KING OBERON,0.025351188876033846
9,AFFIRM,0.1275539637639058
10,URBAN TRIUMPH,0.061048670751414465
