,HorseName,Score
0,CELESTIAL COLOURS,0.49075548415675174
1,GREAT STATE,0.07409997815069766
2,KAHOLO ANGEL,0.5491517227751341
3,WINGS OF WAR,0.5018664214496316
4,LESLIE,0.3420561961938178
5,LUCKY ARCHANGEL,0.27028801624556587
6,ACT OF FAITH,0.496180589168068
7,CALIFORNIA CIBLE,0.31969305164907363
8,CAPTAIN WIN,0.3544048220324174
9,JOY COMING,0.33181217447549205
