,HorseName,Score
0,KAHOLO ANGEL,0.817241028317992
1,HAPPY FAT CAT,0.4960480805221705
2,A AMERIC TE SPECSO,0.37424675916901423
3,O'LINER,0.2923098435600689
4,I AM THE BOSS,0.04571466241043534
5,EXCELLENT PEERS,0.27873499169314053
6,CALIFORNIA DEEPLY,0.437176513622319
7,ELEGANT LIFE,0.21236660046917097
8,KA YING CHEER,0.7654231193432461
9,KYRUS DRAGON,0.19296386480638092
10,KING ECCELLENTE,0.3553259940384484
11,TELECOM SPEED,0.07411421306516915
