,HorseName,Score
0,SAVVY CHIC,0.0869946003063527
1,WOOD ON FIRE,0.03416331161020994
2,BRAVO WARRIOR,0.01203023902112894
3,GLORY CLOUD,0.015442847649560696
4,KILINDINI,0.03127614761739111
5,PHILOS,0.01856784485978432
6,ISLAND GOLDEN,0.006568114092984518
7,GOLDEN LUCK,0.0594598901330912
8,JOYFUL LIFE,0.009344410132285989
9,YEABOI,0.04525185480051669
10,HARMONY N HOME,0.06096936765350073
11,BEAU GOSSE,0.05532098017641229
