,HorseName,Score
0,THE GOLDEN SCENERY,0.14810693819690435
1,FANTASTIC TREASURE,0.031255170666431034
2,FLAMING RABBIT,0.13559807735818483
3,KEEFY,0.07591700087004608
4,DANCING CODE,0.1925405084452496
5,BLUE MARLIN,0.5552927998457411
6,FIND MY LOVE,0.14174014041094815
7,LUCKY ENCOUNTER,0.2830257659580135
8,SUPREME LUCKY,0.09971382930768107
9,YOUNG CHAMPION,0.21997527089454919
10,I GIVE,0.16694819378553566
