,HorseName,Score
0,SOLAR UP,0.050878958440741986
1,MAGIC SUPREME,0.5588389208753436
2,MUST GO,0.43575269023705093
3,SPICY SPANGLE,0.09146780469605414
4,VANTASTIC CHOICE,0.46953103686945324
5,SERGEANT PEPPER,0.7434796980546418
6,STRIVE FOR GLORY,0.35504236117418386
7,RUNNING BOY,0.059252139213803956
8,HICKORY VICTORY,0.07623331151730911
9,HINOKAMI KAGURA,0.5460265956994826
10,ACA POWER,0.5175133163313297
11,COOL BLUE,0.2650618206722676
