,HorseName,Score
0,CHIU CHOW BROTHER,0.21955810440820103
1,MY INTELLIGENT,0.2931052737616175
2,FIRE BALL,0.18346226604254506
3,MODEST GENTLEMAN,0.23859288087713085
4,HERO ICON,0.17464491508195348
5,TACTICAL COMMAND,0.25541556264306337
6,DOUBLE SHOW,0.26500074241182564
7,PRECISION GOAL,0.1404846417944476
8,MILLENNIUM FALCON,0.24589320466023543
9,EASY TWO,0.11526856037317455
10,FORTUNE MASTER,0.18369074249734518
11,NOIR RIDER,0.24211251969480074
