,HorseName,Score
0,VIVA HUNTER,0.033344625000642565
1,WINDICATOR FAMILY,0.0010694252293423218
2,WOOD ON FIRE,0.009103612381762731
3,GALLANT CROWN,0.00672994680639294
4,FOREMOST TEDDY,0.0004793548077023398
5,MR ALADDIN,0.014512041549947176
6,ATOMIC BEAUTY,0.016995559823262875
7,TO INFINITY,0.022876859012781883
8,WINNING SEVEN,0.0013505266661194598
9,MACH TEN,0.022621711853049998
10,TURTLE AGAIN,0.030693584692573717
11,UNITED ENDEAVORS,0.018121350390608096
