,HorseName,Score
0,CAN'T GO WONG,0.013908390054654735
1,FORTUNE PRESIDENT,0.030274265766635864
2,NORTHERN BEAST,0.021803184345636935
3,DIAMOND DIAMOND,0.07594319953075691
4,MASTER OF LUCK,0.012935493776326443
5,ASIAN ONE,0.030614061136469393
6,BIG TWO,0.03513201780722564
7,DRAGON DELIGHT,0.018898640015571094
8,REGENCY HAPPY STAR,0.027915357432361693
9,BROTHER PEARL,0.012445718385703958
10,FOXHUNTER WAY,0.01410228972024073
11,HANG'S CHOICE,0.02918703005569409
