,HorseName,Score
0,CAPITAL DELIGHT,0.2726142100343179
1,TORONADO PHANTOM,0.1432096815445354
2,ACE ONE,0.14576150229346002
3,WATCH BUDDY,0.32469545767220664
4,HEALTHY HEALTHY,0.30059203520784894
5,NORTHERN BEACHES,0.36601152677280224
6,LEEDOX,0.3156210138918658
7,GLORIOUS JOURNEY,0.1876014165234546
8,CHAMPION METHOD,0.16499667335624874
9,ENFOLDED,0.06743121633814442
10,STREET CONQUEROR,0.20316984665935245
11,GOLDEN DARCI,0.0774779844201114
