,HorseName,Score
6,PRAY FOR MIR,0.5896607285427684
7,THE HEIR,0.23547282916972678
0,HOLY LAKE,0.05747153793224341
