,HorseName,Score
0,SMART CITY,0.048945946756223095
1,PERFECT PAIRING,0.08497124637371367
2,FAMILY JEWEL,0.21898690908619642
3,MIDORI BURLY,0.20545319591290323
4,MISTER DAPPER,0.16115661928509123
5,STAR LINE,0.024115480398199662
6,SMART BEAUTY,0.11525945249244794
7,SOARING BRONCO,0.04428601834813607
8,SPECIAL HEDGE,0.09682513134708864
