,HorseName,Score
0,PRECISE EXPRESS,0.24584585047950883
1,PEGASUS GENERAL,0.24593289900568238
2,OWNERS' PRAISE,0.24317794605605997
3,SERANGOON,0.24410625383896134
4,TAKE ACTION,0.24580519971394477
5,MR ALADDIN,0.24594831031556644
6,FOREVER GLORIOUS,0.245958855336118
7,ROBOT FIGHTER,0.24591943425298218
8,CASA COSMO,0.2416051596171078
9,KYRUS UNICORN,0.24399161519124846
10,SUNNY BABY,0.24985055643283088
11,TURTLE AGAIN,0.2495216981358465
