,HorseName,Score
0,HUGE WAVE,0.3469132117479053
1,ALL IS GOOD,0.12435858214256756
2,VIVA GRACIOUSNESS,0.019612725501944796
3,SUPERB KID,0.3820003386086217
4,CITY THUNDER,0.024025246094216496
5,LEEDOX,0.012908569284985606
6,ORIENTAL SMOKE,0.10812479803676191
7,BEAUTY FIT,0.1270902980733014
8,SATIRICAL FAN,0.068889250772677
9,SUNNY DARLING,0.021201301741667705
10,BEAUTY MISSILE,0.25590920637622966
11,MIDORI BURLY,0.05316425458519056
