,HorseName,Score
0,JAZZ CLUB,0.016328846067602144
1,STORMTROUPER,0.16438698096948126
2,MEDIC ELITE,0.494802841719096
3,BIG TWO,0.10788262149296993
4,COURIER MAGIC,0.003145637020859115
5,MASTER OF LUCK,0.02659080202377137
6,REGENCY HAPPY STAR,0.15669013903693807
7,CHARMING STEED,0.0951250982215524
8,BAYVIEW STAR,0.01989350284224915
9,BRILLIANT PIONEER,0.0837795089298773
10,HANG'S CHOICE,0.12557736785920728
11,MISTER ARM,0.03657559934137686
