,HorseName,Score
0,NICE BIRDIE,0.2488369891017392
1,CLASSIC ARCHI,0.29687812849672973
2,HORSE OF GOOD LUCK,0.05541234546036092
3,DRAGON PRIDE,0.2907246555087019
4,GO GO GO,0.0872202577238266
5,SMART BEAUTY,0.3159507119157832
6,SUPERB DADDY,0.31700547009303337
7,CIRCUIT ELITE,0.0920553049371453
8,FASTPASS,0.04065117390428265
9,DIAMOND WINNER,0.38854232969849606
10,LOYAL AMBITION,0.40093702866683567
11,SUPER HORNET,0.023755084732249607
