,HorseName,Score
0,EIGHTY LIGHT YEARS,0.8228725898651404
1,STELLAR EXPRESS,0.8280960293222155
2,AMAZING VICTORY,0.6658823907128951
3,GOLDEN EMPIRE,0.20095074493704096
4,GUSTOSISIMO,0.1944841984236524
5,PRAWNS ELEVEN,0.14959200970713774
6,GRACIOUS EXPRESS,0.2062128049831596
7,LESLIE,0.12094793903880022
8,CALIFORNIA DEEPLY,0.24293554053058386
9,BEAUTY MISSILE,0.23650805694325638
10,E LEGEND,0.2847252618349728
11,TELECOM POWER,0.024243971475764334
