,HorseName,Score
0,SUPREME AGILITY,0.03299956556653901
1,SIMPLY MAVERICK,0.1408569905128271
2,GALLANT WAKING,0.16120507472662612
3,PERFECT TEAM,0.13288204978693915
4,STAR CONTACT,0.16433548405671408
5,SILVER KING,0.04157997383043774
6,BEATO,0.12996438021029363
7,SATIRICAL FAN,0.0927990419085911
8,SETANTA,0.08090123080566054
9,ACROSS DA UNIVERSE,0.02247620859537146
