,HorseName,Score
0,SOLAR UP,0.24649209017595972
1,ORIENTAL SMOKE,0.2635997719772322
2,WINDCHEATER,0.24644993208209978
3,GOLDEN DARCI,0.24642342749725998
4,EASY SNIP,0.24628019702784457
5,FIREFOOT,0.2464295839432558
6,FORTUNE COOKIES,0.2454315516181574
7,PACKING WISHER,0.24626339044964254
8,SKY TRUST,0.24641959844005562
9,TELECOM BULLET,0.245274482541816
10,TRAVEL GOLF,0.2452235415930613
11,KING OBERON,0.24646888790936786
12,GANGNAM STAR,0.2464489143583488
13,STRATHPEFFER,0.24641148362875065
