,HorseName,Score
0,FLYING DRAGON,0.28014380652609405
1,FORTUNE WARRIOR,0.2703959194997783
2,DIAMOND FLARE,0.11909113293319518
3,SOLID SHALAA,0.2911347201212275
4,TRIUMPHANT WARRIOR,0.5070767475134021
5,SPEEDY SMARTIE,0.16763401627638075
6,STRIVE FOR GLORY,0.23173903274610572
7,HIGH RISE POWER,0.11369702158933252
8,HINOKAMI KAGURA,0.27068445403843483
9,ACA POWER,0.3955299758527229
10,SPEEDY FORTUNE,0.2646949677419822
11,SMART FOLKS,0.12264255659890429
