,HorseName,Score
0,NORDIC DRAGON,0.17914273898997493
1,ALACRITY,0.10657306898886623
2,APACHE PASS,0.3510557470927055
3,ADEFILL,0.6657199848531371
4,BERLIN TANGO,0.07339537487081611
5,YELLOWFIN,0.6285008039862964
6,TURIN MASCOT,0.4247871706892815
7,SO WE JOY,0.1269877182494519
8,TOURBILLON PRINCE,0.4014360110286602
9,MAJESTIC COLOUR,0.31011534475600055
10,FIERY DIAMOND,0.3438021749595191
11,M UNICORN,0.17444729524649386
12,MASSIVE ACTION,0.41852585990641955
