,HorseName,Score
0,PRECISE EXPRESS,0.12113283362637159
1,WONDER YEARS,0.18275624018580533
2,ROMANTIC FANTASY,0.44632403349930816
3,SERANGOON,0.11384906002425021
4,RUNNING AHEAD,0.07588635686652338
5,JUBILATION,0.31257927242256944
6,SHARPEN BRIGHT,0.46949066583054194
7,READY PLAYER ONE,0.08341006070589592
8,PALACE PAL,0.05689802565146235
9,HAPPY HERO,0.1743956954686695
