,HorseName,Score
0,SUPER CHARIZZARD,0.33292517136961014
1,COLOURFUL PRINCE,0.19744652280724867
2,PARENTS' LOVE,0.16988220817352653
3,FALCON COURT,0.1325253145896527
4,OVERSUBSCRIBED,0.17135966107863804
5,BEAUTY DESTINY,0.256028177307265
6,KOWLOON EAST STAR,0.3029436318899303
7,SUPER FAST DRAGON,0.23275443839635196
8,SUPER AXIOM,0.2077982982166446
9,CIRCUIT SEVEN,0.5230329134855185
10,DIAMOND SOARS,0.1870548923987945
11,LEAN MASTER,0.284921514865585
