,HorseName,Score
0,KA YING POWER,0.11041931749022584
1,JOY COMING,0.1527222131509464
2,ERNEST FEELING,0.468660409088663
3,TOP TOP TEA,0.07175234577713545
4,LYRICAL MOTION,0.2669547811369
5,YODA'S CHOICE,0.45172845136023543
6,COUNTRY DANCER,0.16601258121823087
7,CRYSTAL POWERFUL,0.09792253139665862
8,MULTIDARLING,0.18823309677883557
9,SHINKANSEN,0.061626620407318616
10,CHEER FOR SOUTH,0.082940837547887
11,GALLANT GOODY,0.1319134467663161
