,HorseName,Score
0,TELECOM FIGHTERS,0.057918416073883074
1,SEASONS WIT,0.1596609782509471
2,PING HAI GALAXY,0.0373879514627929
3,CHANCHENG PRINCE,0.5110220442524622
4,NORDIC DRAGON,0.0734953101976972
5,YOUTHFUL DEAL,0.11953386604670908
6,XPONENTIAL,0.27343780277228913
7,WONDER KIT,0.14689400137228018
8,BUNDLE OF CHARM,0.07694275476842467
9,GUMMY GUMMY,0.18275142840810513
10,MAGNIAC,0.10436494428574868
