,HorseName,Score
0,SILVER SONIC,0.22554905710037781
1,QUANTUM PATCH,0.49871677250254265
2,SAMARKAND,0.11525552093438965
3,RED HARE KING,0.42603101232381474
4,SHOW RESPECT,0.09786088888714346
5,GIDDY UP,0.26760889863131637
6,AFFORDABLE,0.007776043125864683
7,ROMANTIC LAOS,0.11217443575728511
8,LUCKY EIGHT,0.24583965868150073
9,CAPITAL LEGEND,0.1695514655118979
10,ZOOM BOOM,0.15218428648469753
11,CHARITY BINGO,0.09939966556995071
