,HorseName,Score
0,MOMENTS IN TIME,0.4510610382432181
1,SWORD POINT,0.13571512325533952
2,MONEY CATCHER,0.19544859469736062
3,CHANCHENG GLORY,0.8696492966853602
4,TELECOM FIGHTERS,0.06920308195695735
5,THE GOLDEN SCENERY,0.34478211038068446
6,ATULLIBIGEAL,0.4477598284520036
7,ALL FOR ST PAUL'S,0.25243960915447144
8,C P BRAVE,0.22756907460981915
9,THE BEST PEACH,0.3559651965624036
