,HorseName,Score
0,BEAUTY INFINITY,0.6989173715404682
1,OUR LUCKY GLORY,0.12007575442681308
2,TRAVEL GOLF,0.23932747371575996
3,YOUTH POWER,0.03855307049609212
4,RUNNING BOY,0.171850731978963
5,SUPER JOY N FUN,0.18762020163330087
6,JOYFUL FRIENDSHIP,0.04212657423735129
7,BRAVE WITNESS,0.14950912343208886
8,DIVINE ERA,0.4834934911067606
9,NORTHERN BEAST,0.05148289964486432
10,PO ON WAY,0.17315424266543752
11,BEAU GOSSE,0.08916867597500386
