,HorseName,Score
0,WINNING ICEY,0.6515747998556215
1,COPARTNER PRANCE,0.8080431615470062
2,A AMERIC TE SPECSO,0.2453013880421199
3,SUPER WINNER,0.49537928324991437
4,HEALTHY HEALTHY,0.43959979448445585
5,NEVER TOO SOON,0.19644168563818137
6,SOLAR PARTNER,0.3417152449973168
7,ARMOUR EAGLE,0.19587171731963995
8,CALIFORNIA TOUCH,0.3312784426398268
9,OUR LUCKY GLORY,0.28959613269906037
10,HAPPY TRIO,0.2618816922226205
11,MAGIC PHOENIX,0.11563479046918343
