,HorseName,Score
0,YELLOWFIN,0.3249678820911939
1,ARMOUR EAGLE,0.08075641205227334
2,VICTORY MOMENTS,0.1717425056813509
3,SMOKEY BEAR,0.5630759436325241
4,FIERY DIAMOND,0.18235434785243987
5,FAST BUCK,0.17085320042369856
6,GOOD BUDDY,0.3132539872468517
7,SELF IMPROVEMENT,0.21811052391884211
8,SKY FOREVER,0.0643493491436274
9,JOLLY RULER,0.040252026669181463
10,SING DRAGON,0.03424819858969055
11,MONTA FRUTTA,0.016579613538330304
