,HorseName,Score
0,GOOD LUCK WIN,0.01377769320805145
1,SNOWALOT,0.5076684462820461
2,VIVA HUNTER,0.07660924277967261
3,PEGASUS GENERAL,0.40553831546078756
4,FORTUNE COOKIES,0.04496918500551175
5,I CAN,0.1282778103643569
6,GAMEPLAYER WARRIOR,0.014157115099725635
7,STORM WINNER,0.061643503251341714
8,YOUNG VICTORY,0.09792436645216569
9,CAN'T GO WONG,0.17923315556744335
10,KINGLY DEMEANOR,0.003942986871525418
11,RELIABLE PROFIT,0.006096129318797177
