,HorseName,Score
0,FLYING DRAGON,0.3145677656212239
1,FORTUNE WARRIOR,0.2439852154383655
2,DIAMOND FLARE,0.1210214709593312
3,SOLID SHALAA,0.3410926878978284
4,TRIUMPHANT WARRIOR,0.6760924456644036
5,SPEEDY SMARTIE,0.14533568325099983
6,STRIVE FOR GLORY,0.19433179716896604
7,HIGH RISE POWER,0.08342618220706725
8,HINOKAMI KAGURA,0.19888622417442725
9,ACA POWER,0.3999380646990262
10,SPEEDY FORTUNE,0.23987179244854417
11,SMART FOLKS,0.10565305753196286
