,HorseName,Score
0,ASIAN ONE,0.21000810759158126
1,M M NEBULA,0.38231325464700117
2,RED MAVERICK,0.13474568224659747
3,DRAGON DELIGHT,0.25308828120926413
4,SUN OF MAKFI,0.4229269428630339
5,BAEBAE TSOI,0.14740609968985732
6,CHARMING STEED,0.22379663009878334
7,GET THE MONIES,0.380386173402043
8,CHIRON,0.22478371061217797
9,MILLENNIUM FALCON,0.21643470721813446
10,GREEN LASER,0.12771764111973433
