,HorseName,Score
0,MAGNIAC,0.22401557234752015
1,VICTORY MOMENTS,0.7652202075585858
2,CAPITAL DELIGHT,0.3380777267169622
3,SUPER WIN DRAGON,0.2636908194575353
4,ALL IS GOOD,0.07115532200708481
5,MONTA FRUTTA,0.18477476745836569
6,CAMPIONE,0.13897171105851944
7,HONG KONG HALL,0.5455674525982297
8,NEBRASKAN,0.10132601596980334
9,SKY FOREVER,0.09966009445451085
10,SMART CITY,0.06288434542886653
11,SELF IMPROVEMENT,0.3308535709623795
