,HorseName,Score
0,CAMPIONE,0.1561016608588908
1,HASTEN DELIGHT,0.32369223584743856
2,EIGHTY LIGHT YEARS,0.6941016061774679
3,NORTHERN BEACHES,0.33915480419384597
4,FASHION LEGEND,0.12620442493507494
5,PINS PRINCE,0.22051340921039367
6,ACE ONE,0.09687823887750448
7,APOLAR FIGHTER,0.0016437547591782195
8,KYEEMA,0.06850314946311613
9,SOLID IMPACT,0.19728466087805485
10,SIXTH GENERATION,0.3195712023865027
11,LOST CHILD,0.11664814251212101
