,HorseName,Score
0,CORDYCEPS ONE,0.3236137609142235
1,SATIRICAL GLORY,0.3428764039121402
2,FOREVER GLORIOUS,0.42804167323520204
3,WINNING STEPS,0.26285586526172416
4,HOLY POWER,0.280650053566553
5,PEGASUS GENERAL,0.390136516813887
6,PRECISE EXPRESS,0.15871656647817464
7,GOLD TACK,0.2876178197042863
8,ME TIME,0.08365361890811975
9,AMAZING BOY,0.23169499106722177
10,JUBILATION,0.4254932253389564
11,NICE BIRDIE,0.2533186112645504
