,HorseName,Score
0,HAMERON,0.7750490520523527
1,WINNING DRAGON,0.7189997504173745
2,SIMPLY MAVERICK,0.8705204630725668
3,NOBLE PURSUIT,0.566975561294471
4,SHOW RESPECT,0.40866235833102155
5,EIGHTEEN PALMS,0.682310735170957
6,LOVERO,0.6943182415144457
7,IVY LEAGUE,0.13577937257174827
8,RED MAJESTY,0.5323152891286445
9,TRADITION,0.031123890442974807
10,SMILING TIME,0.8277664610664512
11,CHAIN OF GOLD,0.3100782100894418
