,HorseName,Score
0,LUCY IN THE SKY,0.7215692559254546
1,YOU'REMYEVERYTHING,0.3753031706191586
2,DRAGON FOUR SEAS,0.15311970552624413
3,FUN N FUN TOGETHER,0.2545068929893717
4,HAROLD WIN,0.20433387388882732
5,MR ENERGIA,0.0641490098051654
6,SOLID WIN,0.12247680869394462
7,GLORY ELITE,0.30098352314990096
8,GREAT SPIRIT,0.16960966095619479
9,CERVIN,0.04037540232762413
10,SUPER BONUS,0.09331237213768453
11,SPEEDY FORTUNE,0.33352995377430006
