,HorseName,Score
0,BEAU GOSSE,0.45382855087790164
1,MEDIC ELITE,0.47183538569463834
2,CHARMING STEED,0.4539898811962655
3,SPEEDSTAR,0.23332452928553216
4,DIAMOND DIAMOND,0.15239889005376245
5,FORTUNE PRESIDENT,0.1413615607706706
6,SMART BEAUTY,0.37944479816027066
7,ASIAN ONE,0.3164998309373937
8,VIVA A LA,0.21165837583112776
9,CASA LEGEND,0.22929092927922276
10,PRECISION GOAL,0.16152314351809866
11,HANG'S CHOICE,0.24375885337493658
