,HorseName,Score
0,ARMOUR EAGLE,0.3157916777470241
1,GOLDENFIELD,0.06331256288368893
2,SMOKEY BEAR,0.6043848084494572
3,TORONADO PHANTOM,0.29730981683909374
4,BABY CRYSTAL,0.35122077747003955
5,GOOD BUDDY,0.4248045802282534
6,SKY FOREVER,0.22232226714989212
7,VICTORY MOMENTS,0.2646178418075882
8,CALIFORNIA TOUCH,0.017151042536647447
9,MARK THE MOMENT,0.6327059123094886
10,MONTA FRUTTA,0.027251618048236826
11,SPORTS LEGEND,0.024608164904073228
