,HorseName,Score
0,PINS PRINCE,0.21304115785729263
1,STORM LEGEND,0.27219878574128453
2,KING MILES,0.40183054251594863
3,ROBOT MASTER,0.08087319350784934
4,SUPER HIGHWAY,0.2944455744404341
5,AWESOME TREASURE,0.2033893016457931
6,ALP'S AFFECTION,0.15004294582369015
7,OMAKASE,0.18644259277365943
8,STRATHBARRY,0.11454316497141122
9,CRAZY TREASURE,0.055190902714238786
10,SMART LEADER,0.15893649665637222
11,URBAN TRIUMPH,0.1635044047922589
