,HorseName,Score
0,WINNING DRAGON,0.4165864519505358
1,GALLANT WAKING,0.6074382145827023
2,NOBLE PURSUIT,0.5275395119722192
3,BRAVEHEARTS,0.07757122882006535
4,AWESOME FLUKE,0.27135259333603
5,QUANTUM PATCH,0.3633508139221675
6,FLAMINGO TRILLION,0.6444348241920509
7,DEVILDOM,0.06299667388640431
8,INTREPID WINNER,0.37482121353633097
