,HorseName,Score
0,GO GO GO,0.254354262406857
1,VIVA A LA,0.0886586128971025
2,HARRY'S HERO,0.011884329812772532
3,RELIABLE PROFIT,0.10079643177079535
4,ASIAN ONE,0.08825385737199616
5,PRECISION GOAL,0.10533653071143971
6,COLOURFUL BARON,0.09603928107243014
7,MEDIC ELITE,0.1016974910180121
8,PATCH OF WATCH,0.020032339810320744
9,JOYFUL CHAMPION,0.1329468631282737
