,HorseName,Score
0,BEAUTY INFINITY,0.534150482122494
1,SCOTCH TYCOON,0.250355602507984
2,JUMBO LEGEND,0.4694619694283072
3,EVERYONE'S VICTORY,0.14669143236143034
4,KING ECCELLENTE,0.2658897471420682
5,OUR LUCKY GLORY,0.18900070248953682
6,VANTASTIC CHOICE,0.28254496423331577
7,VULCANUS,0.22307154577848676
8,BONUS PAL,0.2086278133275645
9,YOUTH POWER,0.18970528517437527
10,DAN ATTACK,0.15385930206578236
11,SO AWESOME,0.15802119098578982
