,HorseName,Score
0,NATURAL STORM,0.3132731879277446
1,BOURBONAIRE,0.2446723275942772
2,WINNING DRAGON,0.226078824457359
3,PACKING HURRICANE,0.22770292488009886
4,HOLY LAKE,0.6448701069922151
5,TURIN MASCOT,0.3607187021336245
6,ILLUMINOUS,0.712425470810075
7,SAMARKAND,0.20986902533595403
8,AWESOME FLUKE,0.10097390084774167
9,BRAVEHEARTS,0.08884831861477958
10,EIGHTEEN CARAT,0.22694154597538088
