,HorseName,Score
0,CHANCHENG PRINCE,0.6211463401863566
1,ALL FOR ST PAUL'S,0.3316305371838019
2,APACHE PASS,0.3279825692838402
3,FIND MY LOVE,0.16070378237723265
4,MR ASCENDENCY,0.33701103698686347
5,ALACRITY,0.21997103263855064
6,BERLIN TANGO,0.11565127943316204
7,NEARLY FINE,0.27267571513746314
