,HorseName,Score
0,KA YING CHEER,0.8627806969976359
1,RUN RUN TIMING,0.3909489823857337
2,CALIFORNIA TOUCH,0.18545325082449732
3,CHAMPION METHOD,0.25387329283444143
4,IVICTORIAM,0.16188227479663078
5,SILVER SPURS,0.3529405353754058
6,SO TREASURE,0.04244594930774748
7,GLORY B,0.15870805991436054
8,MULTIDARLING,0.16520771904404385
9,COUNTRY DANCER,0.30159389875478754
10,CHEER FOR SOUTH,0.14424895961093265
11,MY INTELLIGENT,0.13298965732404208
