,HorseName,Score
0,WOOD ON FIRE,0.11417907832177947
1,EXUBERANT,0.2616120912400525
2,GALLANT VALOUR,0.5371683742396157
3,LYRICAL MOTION,0.17160770150919974
4,KILINDINI,0.2876859626668599
5,FAST AS ROCKET,0.2500372361892715
6,FLYING ROMANTIC,0.2868800210107916
7,TELECOM SPEED,0.3669589706950917
8,DIAMOND SOARS,0.15291131720688572
9,HIGH PERCENTAGE,0.2569566361721512
10,YEABOI,0.18531541077475458
11,CHIU CHOW BROTHER,0.19317914427734129
