,HorseName,Score
0,HUMBLE STAR,0.35891882836442446
1,SPORTS LEGEND,0.3229225834885676
2,I AM THE BOSS,0.12656066813032885
3,WINGS OF WAR,0.4868070869601216
4,SUPER FORTUNE,0.38880238530609124
5,HAPPY FAT CAT,0.3564397587162802
6,LUCKY ARCHANGEL,0.2603273010830924
7,SUPER JOY N FUN,0.933093949506369
8,HAPPY DAY,0.3556131000799347
9,KYRUS DRAGON,0.03812188167297028
