,HorseName,Score
0,SUPERB CAPITALIST,0.3992389541400217
1,COPARTNER PRANCE,0.8603816877796995
2,SEASONS WIT,0.3131203123031485
3,GUMMY GUMMY,0.5995655181582795
4,HARMONY N BLESSED,0.5269691233023658
5,COPARTNER AMBITION,0.28772000728589414
6,SING DRAGON,0.5248694508143176
7,DREAM WINNER,0.4470320241376896
8,REWARD SMILE,0.6908745605277096
