,HorseName,Score
0,SAVVY CHIC,0.32619228450235077
1,WOOD ON FIRE,0.18207719457088778
2,BRAVO WARRIOR,0.20450868719203566
3,GLORY CLOUD,0.16787307321169626
4,KILINDINI,0.1547401974541915
5,PHILOS,0.30070914727056336
6,ISLAND GOLDEN,0.20949994297564256
7,GOLDEN LUCK,0.17627868524618
8,JOYFUL LIFE,0.2128219539286741
9,YEABOI,0.21373692381931392
10,HARMONY N HOME,0.2145541506058234
11,BEAU GOSSE,0.2414533963115879
