,HorseName,Score
0,KIMBERLEY,0.5617081910511255
1,ROMANTIC FANTASY,0.7169218648407111
2,TOTAL POWER,0.7371187752029258
3,DARCI JOY,0.3644753899238288
4,CIRCUIT BLAZING,0.07677094850311122
5,SPECIAL HEDGE,0.2897855872552392
6,WINNING STEPS,0.2502404982018362
7,MANAGEMENT FOLKS,0.7175603910609153
8,PAKISTAN FRIEND,0.024639283087011212
9,FOREVER FOLKS,0.18675509579186658
10,JUBILATION,0.6029028064784788
11,STARSHIP EIGHTY,0.3015748316475349
