,HorseName,Score
0,PLEASANT ENDEAVOR,0.5494881091883774
1,HARMONY N BLESSED,0.4424448022290781
2,O'LINER,0.474830612280863
3,BEAUTY INFINITY,0.8334878828059691
4,LUCKY ARCHANGEL,0.17908535380821522
5,FASHION LEGEND,0.006641904999374909
6,CALIFORNIA DEEPLY,0.18487412001261558
7,HELENE WARRIOR,0.11646207231441166
8,KING GLORIOSO,0.1374172432974757
9,SUPERSONIC,0.07045552062442337
10,CAPTAIN WIN,0.40141403011590227
11,JOY COMING,0.2936999299538593
