,HorseName,Score
0,LOYAL BABY,0.016233139425269792
1,RED MAJESTY,0.011333167335626821
2,GALLANT VALOUR,0.157334393179548
3,SUPER BABY,0.003771400919784928
4,ALL RICHES,0.010518206100114951
5,INVINCIBLE MISSILE,0.001986793222676901
6,KASA PAPA,0.003950275032097666
7,CONCERTO,0.008709729952017778
8,DUBLIN STAR,0.017408115761857686
9,LEGION OF MERIT,0.012007032854011225
10,SUNNY SHINES,0.0020263585241717527
11,NORTHERN BEAST,0.0006720676891388547
