,HorseName,Score
0,DREAM PURSUER,0.373719738565741
1,FLOOF,0.04849868951313326
2,RUN RUN TIMING,0.20373685512289758
3,STAR LINE,0.05534049468739695
4,FOOLISH HEART,0.1315911497999558
5,KYEEMA,0.008422411766753863
6,ENJOY GOLF,0.18652711924902285
7,MILES AWAY,0.16345718256002073
8,HAPPYDEARHAPPYDEER,0.1014295456290068
9,MASTER OF ALL,0.22219518784389647
10,STRATHPEFFER,0.21951331101534807
11,PATCH OF TIME,0.3159129555060125
12,GREAT ACHIEVER,0.1172024696146091
13,THE KHAN,0.0547610558288636
