,HorseName,Score
0,TELECOM FIGHTERS,0.24851660771227266
1,ALL FOR ST PAUL'S,0.24636210423155172
2,MR ASCENDENCY,0.2508716236583253
3,NORDIC DRAGON,0.24642858916137267
4,APACHE PASS,0.24630091002919463
5,ALACRITY,0.24692396644108988
6,GALAXY WITNESS,0.24642385707356784
7,YOUTHFUL DEAL,0.2445175704026397
8,ADEFILL,0.2477951440801911
9,BERLIN TANGO,0.24619950821765954
