,HorseName,Score
0,GALLANT VALOUR,0.7205672051909309
1,JOY COMING,0.34304532876899463
2,SIGHT VICTORY,0.021113824128777006
3,KING INVINCIBLE,0.0394229337879074
4,SUPER ELITE,0.009258659263478644
5,HAPPY FAT CAT,0.3539791008503019
6,GOLD TACK,0.38911153791919134
7,SUPER EAGLE,0.35092801985882927
8,EASY SNIP,0.3756325841560596
9,HEARTY WISH,0.42913684401856333
10,LYRICAL MOTION,0.2873140790198689
11,HERO STAR,0.09655793327392305
