,HorseName,Score
0,RUN RUN COOL,0.1057531291943755
1,GOLDEN LUCK,0.04425276715976059
2,RAGNARR,0.003186130071555587
3,SUPERB WITNESS,0.026313869509020312
4,YEE CHEONG RAIDER,0.006245261678885475
5,YODA'S CHOICE,0.005030805355264651
6,GLORY B,0.005278093976306089
7,LUCKY QUALITY,0.03481633247586491
8,HERCULES,0.06223121377535136
9,COLONEL,0.03744444758485621
10,WINNING HEART,0.0029488194042015144
11,ALLOY KING,0.02286070476651142
