,HorseName,Score
0,D STAR,0.24030533623548134
1,GALVANIC,0.5704274761276299
2,U S S CONSTITUTION,0.09698283177572316
3,DRAGON STAR,0.4398710710202102
4,WIN WIN FIGHTER,0.2264578649310238
5,STRONGEST BOY,0.7849968635170802
6,ME TIME,0.08789365073462166
7,YOUNG VICTORY,0.24813425713240256
8,UP AND UP,0.03569264960513229
9,LITTLE FAIRY,0.12326767439540036
10,YEABOI,0.10821004817208114
11,COURIER MAGIC,0.008907768007855863
