,HorseName,Score
0,LIGHTNING BOLT,0.06597966988459819
1,JOY COMING,0.18686067841834542
2,SCOTCH TYCOON,0.051504173914353885
3,SIXTH GENERATION,0.2429999945946154
4,SIGHT HAPPY,0.201889647905135
5,GLORY B,0.13863778412342612
6,YODA'S CHOICE,0.043862440205910805
7,COSMO NAVIGATOR,0.06826561095361522
