,HorseName,Score
0,ENTERPRISE ATTACK,0.19374320333095116
1,SUPER FORTUNE,0.24699635729722794
2,IMA SINGLE MAN,0.1447473288664416
3,ACE VICTORY,0.15450785614333856
4,SUMMIT CHEERS,0.13681364573879404
5,SUNNY DARLING,0.1435338457894976
6,ORIENTAL SMOKE,0.1661150423968327
7,PARTERRE,0.012738337210432719
8,BEAUTY GLORY,0.11717165608658942
9,BEAUTY MISSILE,0.15254064245384846
10,E LEGEND,0.24911899307861693
11,ENDEARED,0.19772524228486688
