,HorseName,Score
0,GALLANT WAKING,0.5463507044369745
1,WINNING DRAGON,0.27464698488113
2,ROCKET SPADE,0.4546195527068388
3,QUANTUM PATCH,0.4236108728417815
4,STAR CONTACT,0.36168918763227775
5,LUCKY EIGHT,0.25389379460498485
6,RED HARE KING,0.5379324864758077
7,ALL BEAUTY,0.16509569423253861
8,CHARITY BINGO,0.15695856246059509
