,HorseName,Score
0,STREET CONQUEROR,0.2641497302909424
1,SAVVY CHIC,0.3026722068547795
2,COPARTNER PRANCE,0.6508134015766599
3,GALE SAGA,0.24440788257596865
4,GREAT ACHIEVER,0.1459100326725035
5,MANYTHANKS FOREVER,0.09415146513680202
6,LAPRAS,0.10538810319108403
7,VALHALLA,0.14446163383771954
8,HAYDAY,0.14795933432104455
9,WINNING HEART,0.04791783510538779
10,SAME TO YOU,0.05958142938116836
11,BEAT HOLLOW,0.1219682052642634
