,HorseName,Score
0,YOU'REMYEVERYTHING,0.2531042718610037
1,RUN RUN TIMING,0.3684134238484428
2,CHATEAUNEUF,0.7169843434170664
3,SUPER HIGHWAY,0.3380785785501976
4,CIRCUIT FIERY,0.13926348156208035
5,GOLDEN ONE,0.08444503568982349
6,RUBY SAILING,0.33781356722600414
7,CRAZY TREASURE,0.009905842269662497
8,SEA SAPPHIRE,0.1336206468333727
9,SIGHT VICTORY,0.07018496533851694
10,COMMANDING MISSILE,0.02210758476102944
11,JOY FOR YOU,0.05116150611452549
