,HorseName,Score
0,JUMBO LEGEND,0.3345750467237804
1,E UNIVERSE,0.14462127898266838
2,HAPPY GOLF,0.4073140696346591
3,HIGH RISE SOLDIER,0.12576907875571694
4,KING ECCELLENTE,0.3883701986718069
5,GREAT ACHIEVER,0.27681686208498796
6,BRAVO WARRIOR,0.2844400774712606
7,LUCKY SYMPHONY,0.422012354202743
8,TALENTS SUPREMO,0.12952573761783306
9,COUNTRY DANCER,0.08776807211995957
10,ISLAND BRIGHT,0.06434396723473904
11,ALLOY KING,0.13665230844706708
