,HorseName,Jockey,Score
9,THE GOOD DEAL,K Teetan,0.38627809625604387
7,HO HO STAR,Z Purton,0.16374168742311154
1,CHILLI BABA,A Atzeni,0.14924831014319487
