,HorseName,Score
0,SPEED SWORD,0.04668171180501555
1,FUN N GLORY,0.07218007107133773
2,MUST GO,0.8931096859366572
3,CIRCUIT TEN,0.43604543826356695
4,GENEVA,0.995257730862131
5,IMPERIAL MAGEE,0.672719986967498
6,DIVANO,0.6786961616796493
7,FAMILY FORTUNE,0.1993386625229932
8,MASSIVE TALENT,0.5747186261406738
9,SUPER BONUS,0.43061129709332246
10,HAPPY FOR ALL,0.8611764870126959
11,STRATHBARRY,0.29714833145427955
12,ISLAND GOLDEN,0.8851707985178878
13,GO HERO,0.033497047665926614
