,HorseName,Score
0,MORE RICE,0.08977966938007485
1,WIND SPEEDER,0.4684861911171454
2,SUPER ELITE,0.08430786641352866
3,TACTICAL COMMAND,0.07212551802383657
4,AUGUST MOON,0.12454351607514641
5,PRESTIGE MOOCHI,0.03465466592161004
6,GOODMANSHIP,0.1516958849046395
7,GENERAL ACE,0.038557226765378434
8,GREAT DAYS,0.22167402501917083
9,HAPPILY FRIENDS,0.18977183089792005
10,CALL ME TEDDY,0.06818643534063992
11,VIVA A LA,0.02824965326026132
