,HorseName,Score
0,WOOD ON FIRE,0.0947849309833473
1,EXUBERANT,0.31678995769187435
2,GALLANT VALOUR,0.645426938899243
3,LYRICAL MOTION,0.297020640658978
4,KILINDINI,0.23777270658842872
5,FAST AS ROCKET,0.21259913476603864
6,FLYING ROMANTIC,0.19626175309270874
7,TELECOM SPEED,0.28100776072699807
8,DIAMOND SOARS,0.12336198921900067
9,HIGH PERCENTAGE,0.2173810193772577
10,YEABOI,0.05757479107084851
11,CHIU CHOW BROTHER,0.21589000225243324
