,HorseName,Score
0,THE BEST PEACH,0.820849801585058
1,MOMENTS IN TIME,0.32028724154110744
2,WOODFIRE BRO,0.8041639099040259
3,SIMPLE HEDGE,0.8573756694132538
4,LOOKING GREAT,0.1664527048850277
5,PACKING HURRICANE,0.48247408415889403
6,SIMPLY MAVERICK,0.5256170932481683
7,DEVILDOM,0.07359373333258308
8,ENIGMA,0.04340253969978129
9,HAKKA RADIANCE,0.003259725962671866
10,GALLANT HERO,0.4028895708645987
