,HorseName,Score
0,SMART CITY,0.021997327247357926
1,SNOWALOT,0.11306086559075845
2,WINNING STEPS,0.10734614396384502
3,TURIN WARRIOR,0.16353556374767853
4,ATOMIC BEAUTY,0.08123487467092956
5,CAN'T GO WONG,0.11880454366671893
6,BEAUTIFUL WIN,0.06806375518010285
7,FOREMOST TEDDY,0.19833450065091832
8,GALE SAGA,0.048002988126921525
9,SUPER BABY,0.047141263312156505
10,PRINCE ALEX,0.0324781738426124
