,HorseName,Score
0,CHANCHENG PRINCE,0.5311320220904808
1,ALL FOR ST PAUL'S,0.19459208490977495
2,APACHE PASS,0.10716437144882228
3,FIND MY LOVE,0.1047357205368374
4,MR ASCENDENCY,0.14213821388570655
5,ALACRITY,0.0540958791511989
6,BERLIN TANGO,0.025524450637553646
7,NEARLY FINE,0.15170466780370595
