,HorseName,Score
0,RED LION,0.6254121587687238
1,HOWDEEPISYOURLOVE,0.7388529754131985
2,SAUVESTRE,0.3361736891598268
3,FLAMING RABBIT,0.27578694637588985
4,DROMBEG BANNER,0.19151174763652712
5,ATULLIBIGEAL,0.5518945918703869
6,DANCING CODE,0.7244333453763472
7,EASON,0.08963808292118662
8,BRAVEHEARTS,0.11336934647781179
9,GLOBAL HARMONY,0.5205650870927516
10,SUPERB BOY,0.47632763027078423
11,MUGEN,0.5174737981359856
