,HorseName,Score
0,EXUBERANT,0.36242848479425327
1,FLOOF,0.03228615772322589
2,AMAZING ACE,0.47628597164200875
3,EXCEL WONGCHOY,0.12390425595358794
4,SCOTCH TYCOON,0.09512274546105372
5,ERNEST FEELING,0.32029382544983337
6,FLYING WROTE,0.2780877869665073
7,SWEET SMILE,0.43598992159162303
8,SKY PROPHET,0.1026992672352805
9,LEAN MASTER,0.4442914216230986
10,SPEEDY CHARIOT,0.12951009916937972
11,SO AWESOME,0.258689123386997
