,HorseName,Score
0,ESCAPE ROUTE,0.14399015893912917
1,SERANGOON,0.28102697202313953
2,PEGASUS GENERAL,0.2524046957067279
3,PRECISE EXPRESS,0.1515524635601157
4,STORM WINNER,0.1251878221242187
5,FLYING SILVER,0.20558552674026143
6,FOREVER GLORIOUS,0.37838310218745425
7,MR ALADDIN,0.30845324936532814
8,CHATER GOLD,0.31965466316831914
9,KYRUS UNICORN,0.15719493199487183
10,AROMATICA,0.042624415234201775
11,TURTLE AGAIN,0.16593621719891827
