,HorseName,Score
6,SWEET DIAMOND,0.25138455660399767
4,LESS IS MORE,0.1592493171931716
2,SERGEANT PEPPER,0.12472828356912412
