,HorseName,Score
0,KIMBERLEY,0.2746425221863616
1,SAMARKAND,0.14822427154740814
2,AMAZING TEENS,0.3494742524552882
3,HARRY'S HERO,0.22258153151901502
4,BLISSFUL STAR,0.2334454724209768
5,WINNING STEPS,0.11490309144742021
6,PAKISTAN FRIEND,0.20263814429000768
7,RIGHTEOUS DOCTRINE,0.3284305606106884
8,READY PLAYER ONE,0.1274552428760069
9,SPLENDID STAR,0.2606897412843921
10,YEE CHEONG WARRIOR,0.08763399795423743
