,HorseName,Score
0,SUPER GOLDI,0.16347729070638353
1,CHAMPION INSTINCT,0.22281778116220693
2,SETANTA,0.21768200712920513
3,JOLLY COMPANION,0.22339054745992465
4,EXCELLENT DADDY,0.04857600044572799
5,GREAT SPIRIT,0.19301915666443142
6,GIANT LEAP,0.09791178477356591
7,JOYFUL SUPREME,0.02100055185189237
8,PACKING BRILLIANT,0.45060659777982653
9,SUPER GLORY,0.3037132023035507
10,AWESOME TREASURE,0.15630528704914692
11,NEW POWER,0.11582797847130288
