,HorseName,Score
11,SOARING TOWER,0.5919018921891382
1,PERFECT PEACH,0.1325799716642441
10,MEDIC ELITE,0.07610258990127454
