,HorseName,Score
0,CIRCUIT BLAZING,0.06255155788513103
1,PERFECT PEACH,0.10237991475333641
2,ISLAND GOLDEN,0.056100225872111914
3,SO AWESOME,0.11732684259418417
4,CERVIN,0.08373909422946875
5,LUCKY QUALITY,0.07945022617946892
6,BEAU GOSSE,0.07779109895189185
7,CALIFORNIA ICON,0.023529142406486916
8,GO HERO,0.032367203674245094
9,COOL BLUE,0.061426036529593525
10,MEDIC ELITE,0.1398966871774966
11,SOARING TOWER,0.08583737501859379
12,CHARMANDER,0.07760459472799104
