,HorseName,Score
0,HUMBLE STAR,0.4038885232903017
1,MAGIC CONTROL,0.3849940153299469
2,ATOMIC FORCE,0.19360414072410345
3,FAST SERVE,0.6519981426370527
4,MIDORI GLORY,0.13884700445965087
5,HARMONY FIRE,0.2759247525048583
6,HEROIC MASTER,0.5237865097835909
7,HAPPY UNITED,0.3740460729695807
8,YOUTHFUL SPIRITS,0.6220442330375047
9,TELECOM SPEED,0.07213723794624902
10,COLOURFUL PRINCE,0.4607701840030263
