,HorseName,Score
0,GOLDEN EMPIRE,0.32754478300095
1,EIGHTY LIGHT YEARS,0.7998592932859141
2,GRATEFUL HEART,0.17299588113171083
3,GRACIOUS EXPRESS,0.09609005225835522
4,FASHION LEGEND,0.0032945139076931747
5,KA YING VICTORY,0.2121914126529862
6,PARTERRE,0.12132813832171903
7,E LEGEND,0.3847329741387346
8,RIGHTEOUS ARION,0.2719691178097292
