,HorseName,Score
0,KIMBERLEY,0.5268688956205296
1,ROMANTIC FANTASY,0.18564995011144314
2,TOTAL POWER,0.5341597037774569
3,DARCI JOY,0.22517954597657944
4,CIRCUIT BLAZING,0.15027601987515146
5,SPECIAL HEDGE,0.17836942805765146
6,WINNING STEPS,0.1882330269662112
7,MANAGEMENT FOLKS,0.4145736388413077
8,PAKISTAN FRIEND,0.20503355108514257
9,FOREVER FOLKS,0.1167986452565569
10,JUBILATION,0.2094142658075212
11,STARSHIP EIGHTY,0.19073323927506955
