,HorseName,Score
0,SUPER LEGENDS,0.5348086755010509
1,GOLDEN RISE,0.26089559629716
2,SUPER HIGHWAY,0.43556095498940633
3,CIRCUIT TEN,0.05846552843595272
4,DEEP PURSUIT,0.09183502903571757
5,LO PAN SPIRIT,0.13980207210822412
6,LUCKY TOUCH,0.3068864599293788
7,MR ENERGIA,0.26253470895240083
8,AWESOME TREASURE,0.12449027127513355
9,SUPER CHARIZZARD,0.04530096610238131
10,SUPER GLORY,0.0912922584056864
11,NEW POWER,0.33073783549524877
