,HorseName,Score
0,DAILY TROPHY,0.11975006328121308
1,JOYFUL LIFE,0.0972868170714681
2,SUPER EAGLE,0.3567632893314979
3,HIGH RISE POWER,0.03408266569205124
4,SPEEDY CHARIOT,0.05993559954249239
5,HAPPY FEELING,0.07963640948138753
6,CHEER FOR SOUTH,0.10173151410069001
7,VIVA A LA,0.09819224321878064
8,WIND SPEEDER,0.052621398280418966
