,HorseName,Score
0,THE ABSOLUTE,0.4819560405042827
1,RUN RUN COOL,0.22354190011167843
2,ARIEL,0.29523056760780025
3,VOLCANIC SPARK,0.4124467385413211
4,WAR OF COURAGE,0.1837183267491061
5,MEEPMEEP,0.5038964138833459
6,AMAZING AWARD,0.07351555064513778
7,STARMEN,0.06606515442355382
8,GRAND CONQUEROR,0.08942246048602356
9,SKY TRUST,0.673733898560142
10,GREAT ACHIEVER,0.06881359572384094
11,VULCANUS,0.04341719038772693
12,HOSS,0.23587085647434122
13,HIGH RISE POWER,0.039921122977092306
