,HorseName,Score
0,MONTA FRUTTA,0.07307922346303329
1,SOLID SHALAA,0.2718251329526076
2,FLYING DRAGON,0.4705632236628994
3,DIAMOND FLARE,0.2629139433696792
4,JOLLY COMPANION,0.05773082909651295
5,RACINGRACE,0.12049622107327825
6,ROBOT KNIGHT,0.0626532976769316
7,SAVVY ELEGANCE,0.07843994754241111
8,BEAUTY DESTINY,0.3387082474988891
9,HIGH RISE POWER,0.05168961470030257
10,MANYTHANKS FOREVER,0.007931170190815157
11,NEW POWER,0.1717706205844819
