,HorseName,Score
0,ONE FOR ALL,0.3791449173558283
1,FORTUNE WARRIOR,0.3380830467896735
2,MA COMET,0.0718230044830444
3,SUPER COMMANDER,0.22908387225887059
4,SERGEANT PEPPER,0.5008169289551742
5,SIGHT HAPPY,0.22454827229203358
6,CIRCUIT SEVEN,0.11242661548983994
7,CAMINO,0.16281317908907608
8,HAPPY HORSE,0.19938881746543088
9,GORGEOUS VITALITY,0.17115818047281658
10,JOY IN JOY,0.0712715448231121
11,PHILOS,0.05560727947004152
