,HorseName,Score
0,CELESTIAL COLOURS,0.2089480824202156
1,SUPERB CAPITALIST,0.20801757752053904
2,BEAUTY INFINITY,0.6643979044507273
3,NICCONI COUNTY,0.19808551502501556
4,HONG KONG HALL,0.3014599431597159
5,RUN RUN COOL,0.19939701794109518
6,GOLDEN TITLE,0.18038851126360583
7,HAPPY FAT CAT,0.4298051487535934
