,HorseName,Score
0,HAMERON,0.4225561988127237
1,SO WE JOY,0.2853534582437094
2,GRATEFUL HEART,0.38747886567954076
3,EIGHTEEN PALMS,0.5115362458732369
4,JUNE PLANET,0.5521558650091604
5,LOVERO,0.3828147972662794
6,AMAZING DUCK,0.2066889056062124
7,SAMARKAND,0.2731900127322192
8,IVY LEAGUE,0.049501369466951994
9,AESTHETICISM,0.28127594815454343
10,GLORIOUS JOURNEY,0.06295972551255201
11,SOLAR GOGO,0.007542509679855321
