,HorseName,Score
0,MONTA FRUTTA,0.08320609213217384
1,SOLID SHALAA,0.533672835081269
2,FLYING DRAGON,0.7600541235095378
3,DIAMOND FLARE,0.4863637577695567
4,JOLLY COMPANION,0.0747304731975641
5,RACINGRACE,0.3500080591098676
6,ROBOT KNIGHT,0.1005531650325899
7,SAVVY ELEGANCE,0.1274502946931825
8,BEAUTY DESTINY,0.5438310852738923
9,HIGH RISE POWER,0.051598265974023366
10,MANYTHANKS FOREVER,0.00793959922203444
11,NEW POWER,0.34346061550742263
