,HorseName,Score
0,TAMRA BLITZ,0.3666298165202549
1,AMAZING VICTORY,0.5000883800962437
2,SINBA,0.11129271880916673
3,FUN TOGETHER,0.20294189188633252
4,MASTER OF FORTUNE,0.4668588212271189
5,AORAKI SUMMIT,0.10277819594865177
6,BEAUTY FIT,0.22246186084085304
7,GREEN N WHITE,0.667026119369993
8,AMAZING DUCK,0.10986696553242105
9,SWEET BRIAR,0.41971322504238
10,E LEGEND,0.19267762755971254
11,JUNE PLANET,0.6341224118493594
12,SUGAR BALL,0.09489548696785578
13,FOREVER CHARM,0.1496992523115436
