,HorseName,Score
0,ENTERPRISE ATTACK,0.016272719462595876
1,SUPER FORTUNE,0.19019655475371086
2,IMA SINGLE MAN,0.07824048599509484
3,ACE VICTORY,0.06484464754609272
4,SUMMIT CHEERS,0.06278013256926968
5,SUNNY DARLING,0.022366979064996635
6,ORIENTAL SMOKE,0.08231505725437922
7,PARTERRE,0.008812605472440857
8,BEAUTY GLORY,0.07372771605282703
9,BEAUTY MISSILE,0.12333231686743854
10,E LEGEND,0.28044730634392917
11,ENDEARED,0.12336451117029007
