,HorseName,Score
0,PHOENIX LIGHT,0.3035512940011535
1,SAKEWIN,0.004122566040071722
2,ROMANTIC NOVELIST,0.011154316270101296
3,EXUBERANT,0.25667013214165074
4,SUPERB WITNESS,0.044984141981680756
5,GLORY CLOUD,0.020624376222227965
6,TEAM HAPPY,0.025996146359349034
7,BRAVO WARRIOR,0.008142433562582355
8,PARENTS' LOVE,0.035291714210200276
9,DAN ATTACK,0.23385637850106816
10,CHEONG FAT,0.06434305182511335
11,DIAMOND SOARS,0.07082868794565562
