,HorseName,Score
0,I GIVE,0.2463216630669853
1,NOT USUAL STAR,0.10876174443148039
2,O'LINER,0.29799810562504303
3,SUPER FORTUNE,0.28779391078881134
4,TORONADO PHANTOM,0.1319753621121384
5,LADY'S CHOICE,0.6279068551632991
6,LEEDOX,0.016314004156803757
7,STELLAR SWIFT,0.29038029268274285
8,FLOOF,0.17186238582417215
9,MY FLYING ANGEL,0.2225680093768977
10,PRAWNS ELEVEN,0.17139480558889478
