,HorseName,Score
0,GOLDEN EMPIRE,0.355927751452422
1,EIGHTY LIGHT YEARS,0.8418426256652808
2,GRATEFUL HEART,0.20358294331042506
3,GRACIOUS EXPRESS,0.07428795604069752
4,FASHION LEGEND,0.002169504984833031
5,KA YING VICTORY,0.2616797584189975
6,PARTERRE,0.13535872952550437
7,E LEGEND,0.4617688928930811
8,RIGHTEOUS ARION,0.28684821709055275
