,HorseName,Score
0,YOUTHFUL DEAL,0.7460358205868276
1,VICTORY MOMENTS,0.6852131870908342
2,TORONADO PHANTOM,0.31947947854713343
3,VIVA CHALEUR,0.1437413538516598
4,SING DRAGON,0.4797473046915113
5,CAMPIONE,0.24293736162490814
6,LIGHTNING BOLT,0.23679164344579343
7,SKY FOREVER,0.287788074054324
8,FORTUNE WHISKEY,0.0896183189080814
9,SELF IMPROVEMENT,0.6900486309458477
