,HorseName,Score
0,GOOD LUCK WIN,0.07803013672942224
1,SNOWALOT,0.6686693928507973
2,VIVA HUNTER,0.12884068010739275
3,PEGASUS GENERAL,0.5104335067252874
4,FORTUNE COOKIES,0.1368962809639176
5,I CAN,0.2288929595034893
6,GAMEPLAYER WARRIOR,0.08136947150691937
7,STORM WINNER,0.2110798764911426
8,YOUNG VICTORY,0.19671125795249486
9,CAN'T GO WONG,0.30814899024617187
10,KINGLY DEMEANOR,0.02776986630733945
11,RELIABLE PROFIT,0.04289449289438557
