,HorseName,Score
0,AMAZING RUN,0.17568409715589295
1,I CAN,0.1412087668408534
2,HAPPY DAILY,0.30565981571855116
3,WAR OF COURAGE,0.2980929050796076
4,CELTIC TIMES,0.6003849991858116
5,PERFETTO,0.15086321186424845
6,SUPER TEN,0.026110514636147247
7,ME TIME,0.31337222222146344
8,CALIFORNIA ICON,0.15264788950433342
9,PANDA LEGEND,0.08909122474074622
10,SMART FIGHTER,0.2379478303574734
11,HAPPY FEELING,0.2607289906147578
12,CAN'T GO WONG,0.01825765785501799
13,CLUB SODA,0.06732420697464103
