,HorseName,Score
5,SUPER WIN DRAGON,0.5461609092402672
4,TALENTS AMBITION,0.13600651986418785
11,UNPRESUMING,0.08727261341309585
