,HorseName,Score
0,HAMERON,0.2039172917354973
1,SO WE JOY,0.24750279491123567
2,GRATEFUL HEART,0.32270875366340535
3,EIGHTEEN PALMS,0.2411391957830923
4,JUNE PLANET,0.34609658181561803
5,LOVERO,0.1731548783623845
6,AMAZING DUCK,0.14529422115760746
7,SAMARKAND,0.1937132583020305
8,IVY LEAGUE,0.15551622739145504
9,AESTHETICISM,0.1819497846263107
10,GLORIOUS JOURNEY,0.17206001432938017
11,SOLAR GOGO,0.2032878415538411
