,HorseName,Score
0,HAPPY TRIO,0.33782281976015754
1,SPICY GOLD,0.2066149685679633
2,AURORA LADY,0.19125773174525063
3,GOLDEN RISE,0.43645205147436156
4,RACINGRACE,0.0893369252845525
5,PARTY WARRIOR,0.05611678521108952
6,SKY PROPHET,0.11607025821346989
7,CIRCUIT SEVEN,0.14993289050444775
8,SPEEDY SMARTIE,0.31592303146641076
9,HERCULES,0.35290418002188056
10,MY INTELLIGENT,0.3287412064764658
11,COLONEL,0.12265576668356445
