,HorseName,Score
0,NOT A FEW,0.22752580090291694
1,CHARITY BINGO,0.23803936713151516
2,RED MAJESTY,0.26519473985399206
3,INVINCIBLE MISSILE,0.25761707784509147
4,TIGER AND GOLD,0.26342017090730574
5,CHEONG FAT,0.2587341676365267
6,TO INFINITY,0.23054890307957837
7,ATOMIC BEAUTY,0.2666163576374375
8,AROMATICA,0.2635207449692459
9,THE CONCENTRATION,0.23853782288395678
10,CLUB SODA,0.2593134443680087
11,RED MAVERICK,0.26176062814765866
