,HorseName,Score
3,DEVAS TWELVE,0.4815008518109792
1,TOP PEAK,0.16844063031636952
5,LUCKY IMPACT,0.13165241674220388
