,HorseName,Score
0,WONDER KIT,0.24898339669799482
1,ASTROLOGER,0.24206456315700092
2,COPARTNER AMBITION,0.2470538567319343
3,MAGNIAC,0.24584523597588206
4,WINNING ICEY,0.2564851845881166
5,HARMONY N BLESSED,0.24722890105603101
6,BON'S A PEARLA,0.24630218833265288
7,PLEASANT ENDEAVOR,0.24585486671915432
8,GRATEFUL HEART,0.245937528437744
9,NEVER TOO SOON,0.24592495856014648
10,EXCELLENT PEERS,0.24636123589783232
11,BEAUTY GLORY,0.24507452111622
