,HorseName,Score
0,TELECOM FIGHTERS,0.23422038319977054
1,HAPPY TOGETHER,0.5253135490441563
2,LA CITY BLANCHE,0.28523798195302014
3,DANCING CODE,0.5109321278384147
4,NORDIC DRAGON,0.3398487109460557
5,RISING FROM ASHES,0.20342925711738455
6,MR ASCENDENCY,0.28476932657590687
