,HorseName,Score
0,DUKE WAI,0.1604623400829828
1,ADIOS,0.19322849418237537
2,WHIZZ KID,0.3982894783386305
3,GALAXY PATCH,0.28461150174847255
4,INVINCIBLE SAGE,0.5254526640099109
5,KURPANY,0.25978011229306275
6,PING HAI GALAXY,0.2360133668438224
7,NERVOUS WITNESS,0.1494760403868323
8,WE ARE HERO,0.3014651726979186
9,CARROLL STREET,0.17190398986243513
10,SUPREME LUCKY,0.21261027572325877
11,EXPLOSIVE WITNESS,0.19141608701459908
