,HorseName,Score
0,THE GOLDEN SCENERY,0.01363490324624358
1,SUPER SUNNY SING,0.6444413923764254
2,ATULLIBIGEAL,0.774658376009166
3,FANTASTIC TREASURE,0.3497313727005353
4,SPIRITED EXPRESS,0.4893114332841599
5,SWEET ENCOUNTER,0.8430982789163356
