,HorseName,Score
0,GOLDEN EMPIRE,0.3564013996062709
1,EIGHTY LIGHT YEARS,0.8336874011336973
2,GRATEFUL HEART,0.19388161117100136
3,GRACIOUS EXPRESS,0.17169079398838902
4,FASHION LEGEND,0.008345076846344869
5,KA YING VICTORY,0.25631760631740186
6,PARTERRE,0.14841714183623814
7,E LEGEND,0.41519936470345814
8,RIGHTEOUS ARION,0.31655670493651605
