,HorseName,Score
0,ENFOLDED,0.2709065402194795
1,JOLLY COMPANION,0.16437824673965523
2,HAPPY FAT CAT,0.1545860320300097
3,GREAT ACHIEVER,0.23401111857650683
4,THE KHAN,0.2314525939858589
5,SHANGHAI STYLE,0.1643561856389499
6,LAPRAS,0.2582584716933736
7,HERCULES,0.2511958600087198
8,HAYDAY,0.2672307936748631
9,WOODFIRE CHAMP,0.18336998562714182
10,ALLOY KING,0.15403627516043733
11,VALIANT ELEGANCE,0.21234871327501398
