,HorseName,Score
0,ENJOY GOLF,0.0542904611091108
1,AEROINVINCIBLE,0.27065595030879613
2,COMING PATCH,0.18048155334055446
3,ORIENTAL TYCOON,0.027192074152828094
4,HANDSOME BOMB,0.0785697999424717
5,MIGHTY STRENGTH,0.025441913177567242
6,ONLY U,0.06268538916617997
7,MEANINGFUL DRAGON,0.05172076687626996
8,STRONGEST BOY,0.17330560783485055
9,VANTASTIC CHOICE,0.05315315163578505
10,JOLLY COMPANION,0.007364731397236592
11,TEAM HAPPY,0.015138601058349566
