,HorseName,Score
0,KING INVINCIBLE,0.2028117378523718
1,ALLOY KING,0.4366571840399459
2,HERO STAR,0.3496506054785661
3,SAME TO YOU,0.008020916955400872
4,SUPER AXIOM,0.45073935070898297
5,SWEET DIAMOND,0.29832217729590377
6,MODEST GENTLEMAN,0.3079588981739632
7,TIMESTORM,0.3039273384667891
8,ISLAND SURPRISE,0.43372899464773634
9,AUGUST MOON,0.1406086794414288
10,GOODMANSHIP,0.19459373310605774
11,NOIR RIDER,0.009775430403737401
