,HorseName,Score
0,TOP SCORER,0.8944563450414854
1,FUN N FUN TOGETHER,0.26350540790177324
2,BLAZING WIND,0.14064842456831242
3,COURIER ALADDIN,0.35568671841877875
4,DRAGON JOY,0.1392791184614227
5,FOXHUNTER KING,0.03394524405671588
6,LIFE OF STONE,0.10001879653480246
7,SOLAR UP,0.04984670438304088
8,SEA SAPPHIRE,0.14105260601479006
9,NEVER PETER OUT,0.03346010597878583
10,FLYING ROMANTIC,0.024683997829302078
11,KING OBERON,0.06548051189450589
