,HorseName,Score
0,SPANGLE FORTUNE,0.3086824681929021
1,SUPER AXIOM,0.6339451668477255
2,BEAU GOSSE,0.5022519048214514
3,HO HO STAR,0.0412713407164961
4,YEABOI,0.09738811461263547
5,HAPPY TANGO,0.5888169887466165
6,DAILY TROPHY,0.47874064437646313
7,DOUBLE SHOW,0.44722952733523536
8,PRESTIGE MOOCHI,0.3361113506996174
9,SUPER JOY,0.6162078054978347
10,ALL IS READY,0.2893250389775375
11,NOIR RIDER,0.04085749536022057
