,HorseName,Score
0,SNOWALOT,0.2549786273497736
1,DRAGON STAR,0.5454081123056658
2,D STAR,0.5055003138015262
3,NORTHERN BEAST,0.313316362958079
4,DARCI JOY,0.11537415184630173
5,THE AZURE,0.16412510655499346
6,DOUBLE WIN,0.06988579412973507
7,STURDY RUBY,0.4042944379244324
8,YEE CHEONG RAIDER,0.019190154689989754
9,FOREMOST TEDDY,0.32257615613344404
10,LUCKY BANNER,0.19412009103942945
11,MATSU VICTOR,0.1622005334900706
