,HorseName,Score
0,CELESTIAL COLOURS,0.5907343145513936
1,SUPERB CAPITALIST,0.5466998123492002
2,BEAUTY INFINITY,0.933365016973817
3,NICCONI COUNTY,0.57545860825963
4,HONG KONG HALL,0.7288559272310531
5,RUN RUN COOL,0.5231760529187997
6,GOLDEN TITLE,0.13512352779821662
7,HAPPY FAT CAT,0.6775235678524575
