,HorseName,Score
0,SEASONS WIT,0.33780677608470683
1,BUNDLE OF CHARM,0.3280672234450047
2,MAJESTIC KNIGHT,0.6486963108220809
3,TOMODACHI KOKOROE,0.38366792028347835
4,BEAUTY CHARGE,0.43463864421894377
5,GUMMY GUMMY,0.3857046284184445
6,BON'S A PEARLA,0.2412172361508747
7,WONDER KIT,0.5978929185236457
8,COPARTNER AMBITION,0.2552290809898312
9,ASTROLOGER,0.05119658696541547
10,YOUTHFUL DEAL,0.2236070468327573
