,HorseName,Score
0,HARMONY N BLESSED,0.2871200385568116
1,EASON,0.061084996589722905
2,SUGAR SUGAR,0.4936837221495229
3,A AMERIC TE SPECSO,0.14772992270839108
4,COLOURFUL EMPEROR,0.3219573677702318
5,GOLDEN EMPIRE,0.2442340874948603
6,HEALTHY HEALTHY,0.2750728167089024
7,LESLIE,0.10594485857430495
8,LIGHTNING BOLT,0.10724821182180405
9,SOLAR PARTNER,0.7115912270814363
10,WINGS OF WAR,0.23636718463358833
11,CHAIN OF GOLD,0.16390941097177408
