,HorseName,Score
0,RUNNING BOY,0.11482319691059677
1,TIGER AND GOLD,0.17151186173091754
2,FRUITY WARRIOR,0.11489145492150511
3,HARRY'S HERO,0.03663102848963674
4,VULCANUS,0.05605472113740021
5,TURTLE AGAIN,0.39248579896633323
6,GO GO GO,0.16103188524215686
7,SPLENDID STAR,0.13025234042368639
8,KEEN UNITY,0.11466616975773285
9,SUNNY BABY,0.14066515723597445
10,CASA LEGEND,0.11900375091348481
11,NINJA DERBY,0.048552465758180514
