,HorseName,Score
0,ESCAPE ROUTE,0.12621230086342114
1,SOLAR GOGO,0.03844804542483548
2,DARCI JOY,0.34357336689935114
3,SATIRICAL GLORY,0.4398112074242408
4,SHARPEN BRIGHT,0.23268414554839595
5,SPECIAL HEDGE,0.10787946330640076
6,CHATEAU LE PECHE,0.08574993253841748
7,ME TIME,0.05189145445767523
8,WINNING STEPS,0.14469021693547432
9,FRUITY WARRIOR,0.06530781521467274
10,SUNNY BABY,0.15806733457490957
11,FLYING SILVER,0.09887475783629952
12,LEGION OF MERIT,0.07763005180300914
