,HorseName,Score
0,THE BEST PEACH,0.6146243955880538
1,MOMENTS IN TIME,0.23703690853683737
2,WOODFIRE BRO,0.39191902348547636
3,SIMPLE HEDGE,0.8118669452655881
4,LOOKING GREAT,0.07964739469485319
5,PACKING HURRICANE,0.31488498015373584
6,SIMPLY MAVERICK,0.2597927964721155
7,DEVILDOM,0.1447979061216447
8,ENIGMA,0.08363393129468825
9,HAKKA RADIANCE,0.018313292641967675
10,GALLANT HERO,0.20642923127014107
