,HorseName,Score
0,OUTGATE,0.1886570063426721
1,SILVER SONIC,0.23078441215457182
2,EIGHTEEN PALMS,0.2524715523979421
3,M UNICORN,0.39006241246066575
4,IVY LEAGUE,0.1697075491113548
5,RUN RUN COOL,0.16495933519441236
6,AESTHETICISM,0.5140090956597589
7,SIXTH GENERATION,0.20119559541189916
8,ENDEARED,0.17066725990742956
9,JUNE PLANET,0.36190210890668156
