,HorseName,Score
0,D STAR,0.3617496333084694
1,GALVANIC,0.5332412494362697
2,U S S CONSTITUTION,0.07630324538368934
3,DRAGON STAR,0.3392082587198157
4,WIN WIN FIGHTER,0.339943834320612
5,STRONGEST BOY,0.7246179181451443
6,ME TIME,0.06573783647672801
7,YOUNG VICTORY,0.301419821675268
8,UP AND UP,0.029752308727136134
9,LITTLE FAIRY,0.15546444183696992
10,YEABOI,0.13449453162289113
11,COURIER MAGIC,0.02961534436320449
