,HorseName,Score
0,HOSS,0.2403616090698443
1,ERNEST FEELING,0.32190308644950455
2,WOOD ON FIRE,0.059800250585816964
3,KING ECCELLENTE,0.24036392881586804
4,KILINDINI,0.1886503669559287
5,RUNNING BOY,0.10006724307326223
6,MULTIDARLING,0.13178931184250142
7,SUPER EAGLE,0.5122973624182929
8,ALLOY KING,0.12149347469558638
9,COLONEL,0.22695022099613005
10,HARMONY N HOME,0.08038189964114657
11,TACTICAL COMMAND,0.14400739048049774
