,HorseName,Score
0,BOTTOMUPTOGETHER,0.2590823293069663
1,RUBYLOT,0.2945220960854872
2,EQUATORIAL,0.04465031223601501
3,GREAT STATE,0.01789704473448486
4,POLARIS,0.12037500297837994
5,GOKO WIN,0.060640895194932334
6,GALVANIC,0.1067023895431255
7,ELEGANT LIFE,0.021919512401548488
8,SUPER FORTUNE,0.07421041751906035
