,HorseName,Score
0,AMAZING FUN,0.7125915942336228
8,HERO STAR,0.20117177440101822
5,ROBOT KNIGHT,0.02247182183319591
