,HorseName,Score
0,ROMANTIC WARRIOR,0.8492133802131312
1,VOYAGE BUBBLE,0.9463811703052273
2,STRAIGHT ARRON,0.49893508225017513
3,BEAUTY JOY,0.21526761186575658
4,SWORD POINT,0.3050742030842666
5,ENCOUNTERED,0.7695351068390209
6,MONEY CATCHER,0.25561035703623886
7,NIMBLE NIMBUS,0.6805633252373987
8,SENOR TOBA,0.10702453508419751
9,FIVE G PATCH,0.5635958734836393
10,CHAMPION DRAGON,0.40662933747272
