,HorseName,Score
0,THE GOLDEN SCENERY,0.03206464519796071
1,SUPER SUNNY SING,0.4481316391611492
2,ATULLIBIGEAL,0.723842576945505
3,FANTASTIC TREASURE,0.4174660908763368
4,SPIRITED EXPRESS,0.29031222206673296
5,SWEET ENCOUNTER,0.507409555097426
