,HorseName,Score
0,BUNDLE OF CHARM,0.3664510407446549
1,MAJESTIC KNIGHT,0.7800596466821125
2,KURPANY,0.2323710342795466
3,TOMODACHI KOKOROE,0.535656072450593
4,COLOURFUL EMPEROR,0.4494215275789508
5,SEASONS WIT,0.26780411470877363
6,GUMMY GUMMY,0.5696789412390557
7,SUPERB CAPITALIST,0.3353249074841725
8,HARMONY N BLESSED,0.6267814915748053
9,WE ARE HERO,0.10003928252164696
10,NORDIC DRAGON,0.1941997143250969
11,HUMBLE STAR,0.4923052242395749
