,HorseName,Score
0,ENFOLDED,0.20190608612446867
1,JOLLY COMPANION,0.0793613501335427
2,HAPPY FAT CAT,0.20804371848524286
3,GREAT ACHIEVER,0.27905986151592943
4,THE KHAN,0.1716532576715767
5,SHANGHAI STYLE,0.10289526160956414
6,LAPRAS,0.23170228489345038
7,HERCULES,0.2705445618492078
8,HAYDAY,0.1086136382607735
9,WOODFIRE CHAMP,0.07869182698915234
10,ALLOY KING,0.11566037881769486
11,VALIANT ELEGANCE,0.006177083006564371
