,HorseName,Score
0,HAPPY GOLF,0.11089579499594596
1,TOGEPI,0.15357203944932513
2,LYRICAL MOTION,0.3855225828721385
3,HIGH RISE SOLDIER,0.06829751928969777
4,SERGEANT PEPPER,0.23023422899560697
5,TEAM HAPPY,0.06661471423428272
6,FLYING PHANTOM,0.228055357069205
7,MISTER FOX,0.004250319392275067
8,HAPPY SOUL,0.2630779401280689
9,JOYFUL LIFE,0.08068883979238635
10,LUCKY PLANET,0.19670259554852784
11,HERO STAR,0.0995478538862801
