,HorseName,Score
0,NORDIC DRAGON,0.3363931104078056
1,WATCH BUDDY,0.37644903492207893
2,ASTROLOGER,0.08221206616841234
3,CALIFORNIA TOUCH,0.19013865589005682
4,GOLDEN EMPIRE,0.2187946774136623
5,LUCKY ARCHANGEL,0.0738553779152934
6,HEALTHY HEALTHY,0.5598920861525821
7,MIGHTY COMMANDER,0.3169720941748258
8,NATURAL HIGH,0.06601049913047624
9,RIGHTEOUS ARION,0.4169353129158163
10,YOUNG ARROW,0.2440895374686013
11,ARMOUR EAGLE,0.2594294674598664
