,HorseName,Score
0,KIMBERLEY,0.2463852850314444
1,ROMANTIC FANTASY,0.24260950712626142
2,TOTAL POWER,0.24640050648758935
3,DARCI JOY,0.24641774306877853
4,CIRCUIT BLAZING,0.2033333294412777
5,SPECIAL HEDGE,0.2481641172509568
6,WINNING STEPS,0.2433066632449594
7,MANAGEMENT FOLKS,0.24592677359436407
8,PAKISTAN FRIEND,0.24634355058597718
9,FOREVER FOLKS,0.24156744801730956
10,JUBILATION,0.24493073573004998
11,STARSHIP EIGHTY,0.2464834404885798
