,HorseName,Score
0,BIG RED,0.5030666114383597
1,SUPER GOLDI,0.36563007181042717
2,ARIEL,0.2332631082218605
3,AFFIRM,0.2822096099889184
4,CIRCUIT FIERY,0.11213494831257023
5,MISSION VOICE,0.03292540573923103
6,THE KHAN,0.0401604470113521
7,SMILING COLLECTOR,0.30119934038524565
8,SUPER BONUS,0.29112504452162097
9,CALIFORNIA ICON,0.01848125215039253
10,CHATEAU,0.047436607856358864
11,DUBLIN STAR,0.2866294585020395
12,LADY BILLIE,0.016827809787510212
13,V LOVE YOU,0.005066468964132783
