,HorseName,Score
0,DRAGON PRIDE,0.23554303288818434
1,MASTER OF LUCK,0.27727748397373
2,KEEN UNITY,0.11533539411305856
3,CHARMING STEED,0.25861798294547017
4,SMART FOLKS,0.11398058019197196
5,SPEEDSTAR,0.50443437633191
6,FORTUNE PRESIDENT,0.3511404279629519
7,DOUBLE SHOW,0.2433645029069196
8,SUPERB MOVE,0.22887469537034993
9,VIVA A LA,0.2022096607596281
10,NINJA DERBY,0.03901506569158309
11,HANG'S CHOICE,0.4424229642695889
