,HorseName,Score
0,COURIER MAGIC,0.10090273020136144
1,SUPERB MOVE,0.46361420166869705
2,DAILY TROPHY,0.1688015338143194
3,CHOICERUS,0.1272261428845349
4,HAPPIHOOD,0.16753696261367973
5,HAPPY JAI JAI,0.3260376714091069
6,MEDIC ELITE,0.7822664931397172
7,FAITHFUL TRINITY,0.3963852940269174
8,CHIRON,0.14169900001551836
9,FOXHUNTER WAY,0.20235818230129293
10,MIGHTY STAR,0.13039546969526003
11,MISTER ARM,0.0013059146464390059
