,HorseName,Score
0,KEEN UNITY,0.16338575308845954
1,RELIABLE PROFIT,0.050567632526918184
2,TO INFINITY,0.5273281760425995
3,MASTER OF LUCK,0.19925761834498337
4,YEE CHEONG WARRIOR,0.22811666413342582
5,DRAGON DELIGHT,0.17818280496827654
6,BIG TWO,0.48741286285803326
7,HAPPY HUNK,0.04317523111240845
8,HAPPIHOOD,0.01947944904608123
9,EAGLE RUN,0.11109281519484304
10,HANG'S CHOICE,0.1252612411552416
11,MISTER ARM,0.05715287392254671
