,HorseName,Score
0,RUSSIAN EMPEROR,0.130647078340944
1,MONEY CATCHER,0.2712280777288304
2,SENOR TOBA,0.2522522003951647
3,FIVE G PATCH,0.48043742305832987
4,MOMENTS IN TIME,0.2631539160242774
5,RUNNING GLORY,0.12548888956957951
6,LA CITY BLANCHE,0.1889228701588275
7,KA YING GENERATION,0.13240725325351044
8,NATURAL STORM,0.3026154068264927
9,UNBELIEVABLE,0.21244765627185444
10,TURIN MASCOT,0.45648886267705785
