,HorseName,Score
0,FORTUNE WHISKEY,0.016498733693310806
1,TOP SCORER,0.8821540242830822
2,EVERYONE'S VICTORY,0.08705137826920384
3,THE GREAT MASTER,0.042486807785556135
4,HINOKAMI KAGURA,0.3239728777943922
5,ROBOT KNIGHT,0.18050986776517222
6,TRIUMPHANT WARRIOR,0.652097465156134
7,CRAZY TREASURE,0.05534019399493727
8,STRIVE FOR GLORY,0.06780261865488338
9,ACA POWER,0.3677310652597303
10,HIGH RISE POWER,0.07765358780821362
11,DAILY TROPHY,0.16773479769855312
