,HorseName,Score
0,SING DRAGON,0.39868940777411394
1,MAGNIAC,0.08553386872898772
2,VICTORY MOMENTS,0.7494627089065872
3,SUPER WIN DRAGON,0.1716436398734457
4,CAPITAL DELIGHT,0.411897859684194
5,HONG KONG HALL,0.34251751914230666
6,BEAUTY INFINITY,0.644406741418226
7,CALL ME DANDY,0.48507249628424154
8,MONTA FRUTTA,0.26351993779265453
9,SKY FOREVER,0.07985891937683041
10,LIGHTNING BOLT,0.11376847246002533
11,COLOURFUL PRINCE,0.412718518940929
