,HorseName,Score
0,ATOMIC FORCE,0.15870785525771472
1,LUCKY ARCHANGEL,0.11378536540275849
2,A AMERIC TE SPECSO,0.34297165322094075
3,COLOURFUL EMPEROR,0.2236482571420352
4,KYEEMA,0.08579174548177879
5,HAPPY TRIO,0.6213031853548969
6,STAR LINE,0.167748308103041
7,DENFIELD,0.35950017612787527
8,JUMBO FORTUNE,0.048029360265879
9,KYRUS DRAGON,0.12678017576370826
10,TOGEPI,0.3074253300305312
