,HorseName,Score
0,YOU'REMYEVERYTHING,0.14779334045073425
1,RUN RUN TIMING,0.22318129799094233
2,CHATEAUNEUF,0.4097662411415801
3,SUPER HIGHWAY,0.23111218608785944
4,CIRCUIT FIERY,0.03138418505986788
5,GOLDEN ONE,0.01801473050605194
6,RUBY SAILING,0.2308428535419629
7,CRAZY TREASURE,0.0017904779025401856
8,SEA SAPPHIRE,0.02389137029093064
9,SIGHT VICTORY,0.017049551209944894
10,COMMANDING MISSILE,0.017868151982848447
11,JOY FOR YOU,0.016442500748684735
