,HorseName,Score
0,ROMANTIC WARRIOR,0.24670718460117097
1,VOYAGE BUBBLE,0.24287213888837886
2,STRAIGHT ARRON,0.2451668879884206
3,BEAUTY JOY,0.23847858966037105
4,SWORD POINT,0.24644021936308794
5,ENCOUNTERED,0.24798172174067665
6,MONEY CATCHER,0.24445007135524752
7,NIMBLE NIMBUS,0.2463262359048376
8,SENOR TOBA,0.2484293284969623
9,FIVE G PATCH,0.2756394664387775
10,CHAMPION DRAGON,0.24450249161196977
