,HorseName,Score
0,STREET CONQUEROR,0.22666365902746574
1,SAVVY CHIC,0.20293938714348417
2,COPARTNER PRANCE,0.5232810582243822
3,GALE SAGA,0.23463142217402608
4,GREAT ACHIEVER,0.11011407491194174
5,MANYTHANKS FOREVER,0.07891127565592379
6,LAPRAS,0.11964309060371751
7,VALHALLA,0.17660262106441266
8,HAYDAY,0.18632842411027278
9,WINNING HEART,0.07478815204801233
10,SAME TO YOU,0.0816805220773678
11,BEAT HOLLOW,0.24328037917044315
