,HorseName,Score
0,RATTAN WORLD,0.2486472345782268
1,WIND SPEEDER,0.24573922870447845
2,COLONEL,0.24661464090555477
3,SONIC BOOM,0.2471515942492284
4,DAILY TROPHY,0.24521072395190321
5,NORDIC COMBINED,0.25660237590146207
6,YOUNG HORIZON,0.24556782737709426
7,GENERAL ACE,0.24677643583504813
8,H Z TOURBILLON,0.2469622699746623
9,VIVA A LA,0.247166986958394
10,DEVIL AND GOLD,0.2459243774422744
11,NOIR RIDER,0.24602271071997978
