,HorseName,Score
0,BEAU GOSSE,0.2462016541795879
1,MEDIC ELITE,0.24861286729373955
2,SUPERB MOVE,0.24597604747674684
3,SUPERB DADDY,0.246948746825494
4,MASTER OF LUCK,0.24677654330923895
5,HAPPY JAI JAI,0.24724233462527528
6,PRECISION GOAL,0.24773760234997777
7,ANGELS HUNTER,0.24650358543370818
8,HAPPIHOOD,0.24704097470334682
9,FAITHFUL TRINITY,0.24701003423873757
10,MIGHTY STAR,0.24700329339367522
11,FOXHUNTER WAY,0.24698549271728454
