,HorseName,Score
0,FAST BUCK,0.18732680330496768
1,COLOURFUL PRINCE,0.27193533508416945
2,DIAMOND FLARE,0.18440476967222086
3,LIFE IS GOOD,0.24639160536473081
4,TRIUMPHANT WARRIOR,0.14908744662539195
5,SPEEDY SMARTIE,0.4386512487322387
6,STRIVE FOR GLORY,0.2478722579330013
7,HINOKAMI KAGURA,0.16527640741279223
8,COOL BLUE,0.16792500083423503
9,AFFIRM,0.3903059010059559
10,MIRACLES,0.27514722987334145
11,BEAT HOLLOW,0.2964075766605119
