,HorseName,Score
0,STARSHIP EIGHTY,0.2707633913681808
1,FASTPASS,0.15399027192450743
2,COPARTNER ERA,0.15464169849991968
3,HAPPIHOOD,0.2288317702974933
4,BROTHER PEARL,0.1618833542440073
5,DIAMOND WINNER,0.1752591106239231
6,GREEN LASER,0.18954433558604933
7,GENERAL WINNER,0.26054890515647544
8,JOYFUL CHAMPION,0.33327585156688966
9,MISTER ARM,0.10523206264130916
10,SUPER HORNET,0.15809941851198392
