,HorseName,Score
0,COLOURFUL PRINCE,0.357500673955915
1,MA COMET,0.09439832261480163
2,INNOTECH STAR,0.042635833222686735
3,NOTTHESILLYONE,0.16281805864992513
4,GRAND NOVA,0.1674571001922865
5,VICTORYTHIRTYTHREE,0.15595102977174638
6,SPICY SPANGLE,0.03521598510120767
7,SUPER SIXTY,0.2245859145380828
8,OVERSUBSCRIBED,0.28016429109367497
9,PARENTS' LOVE,0.0970097864153585
10,GORGEOUS VITALITY,0.12206317541316472
11,MODEST GENTLEMAN,0.32505506283525487
