,HorseName,Score
0,BUNDLE OF CHARM,0.4151375504344292
1,ATULLIBIGEAL,0.5658043901271723
2,DROMBEG BANNER,0.4934971056210002
3,RAGING BLIZZARD,0.7518657428758179
4,WE ARE HERO,0.16521170355023154
5,LUCKY ENCOUNTER,0.687367863137273
6,SUPREME LUCKY,0.4084319601367678
7,GORGEOUS WIN,0.6750609338573282
