,HorseName,Score
0,TRUE LEGEND,0.19632297095945306
1,YELLOWFIN,0.31368699719748205
2,ADEFILL,0.13518995112499424
3,SO WE JOY,0.1729922619432489
4,PERFECT TEAM,0.1513630988583636
5,FIERY DIAMOND,0.2247106104433535
6,BEAUTYVERSE,0.26786357935594335
7,LESLIE,0.11069540688910717
8,SELF IMPROVEMENT,0.294492899699885
9,MASSIVE ACTION,0.33325114718606047
10,AMAZING DUCK,0.08729520925832604
11,FRANTANCK,0.5806277459614985
12,NORDIC STAR,0.1739133653660264
