,HorseName,Score
0,MY INTELLIGENT,0.14761855419609315
1,SUPER ELITE,0.04629781182036614
2,BEAT HOLLOW,0.1519991977079869
3,DAILY TROPHY,0.33168015956815217
4,SPANGLE FORTUNE,0.02147245572926488
5,GENERAL ACE,0.08230883805025119
6,MAGIC TRAVELLER,0.08060485142755014
7,ALL IS READY,0.17560114270852314
8,FINGERS CROSSED,0.15342564311341447
9,FORTUNE MASTER,0.5334219970617309
10,PERFECT ROCK,0.008832840948764534
