,HorseName,Score
4,SMART LEADER,0.5822517645834197
9,THE GOOD DEAL,0.14830009360972823
2,SUPER ELITE,0.07575841828448063
