,HorseName,Score
0,BIG RED,0.34355878912945687
1,SUPER GOLDI,0.23837344959258083
2,ARIEL,0.18358906676885645
3,AFFIRM,0.22501847763302588
4,CIRCUIT FIERY,0.1080868507569299
5,MISSION VOICE,0.04063916019358976
6,THE KHAN,0.0496088811847062
7,SMILING COLLECTOR,0.24082768814152092
8,SUPER BONUS,0.21742425585593558
9,CALIFORNIA ICON,0.035963680844667716
10,CHATEAU,0.038036439067361684
11,DUBLIN STAR,0.23424164219521526
12,LADY BILLIE,0.028785678561108585
13,V LOVE YOU,0.00892679320572256
