,HorseName,Score
0,LAUGH TALE,0.22098895580344532
1,AESTHETICISM,0.3764874929567006
2,BIG RED,0.3344439860446531
3,FLYING MOJITO,0.3261691091010499
4,STRONGEST BOY,0.46101836740663593
5,HOLY POWER,0.2077923488404272
6,MISTER DAPPER,0.0871961787135696
7,SPONGE BABE,0.04279771563436899
8,JOY OF SPRING,0.4794207535691086
9,GOOD GOOD,0.10754138385125386
10,TIGER AND GOLD,0.033924691803731664
11,MISSION VOICE,0.09190343654147322
12,CHILLI BABA,0.17155977938562098
13,LOOKING COOL,0.05941337196633625
