,HorseName,Score
0,CAPITAL DELIGHT,0.37507606087876777
1,SUPERB CAPITALIST,0.3571701619883267
2,BRAVE STAR,0.4982350586298045
3,EASON,0.14360898592400145
4,GOKO WIN,0.22993453836781522
5,BEAUTY INFINITY,0.867274951888379
6,NOT USUAL STAR,0.17969365464654238
7,HAPPY FAT CAT,0.5266889181729256
8,HAPPY DAY,0.18106324655259706
9,KYRUS DRAGON,0.07741916781592449
