,HorseName,Score
0,STARSHIP EIGHTY,0.2274670205636222
1,FASTPASS,0.07014542976370251
2,COPARTNER ERA,0.07263072137501471
3,HAPPIHOOD,0.06875070233377444
4,BROTHER PEARL,0.04012554432503738
5,DIAMOND WINNER,0.16070728492948946
6,GREEN LASER,0.12897245454174855
7,GENERAL WINNER,0.01787041240065011
8,JOYFUL CHAMPION,0.13960408324970153
9,MISTER ARM,0.024603205222888905
10,SUPER HORNET,0.028103716655322287
