,HorseName,Score
0,MAJESTIC SPEED,0.24522995802674885
1,WONDERFUL UNICORN,0.2464665935372164
2,YOU'REMYEVERYTHING,0.24561929791188222
3,MAGIC SUPREME,0.24610996382251485
4,ALWAYS FLUKE,0.2465040845642337
5,MUST GO,0.24523929508532752
6,SKY HEART,0.2464674471692513
7,FULL CREDIT,0.2453118291828663
8,SUPER BONUS,0.24647672877042792
9,LESS IS MORE,0.2464736514683168
10,STRATHBARRY,0.24645023289394577
11,GO HERO,0.24556749781971526
12,NORTHERN BEAST,0.2464470074095776
13,PODIUM,0.24574926671092348
