,HorseName,Score
0,HARMONY N HOME,0.1528405839169273
1,HERCULES,0.256862178735583
2,COLONEL,0.49270816170668935
3,TIMESTORM,0.19240980886626663
4,WIND SPEEDER,0.23339467453308352
5,BAYVIEW STAR,0.2089818352648432
6,MODEST GENTLEMAN,0.2247832712487514
7,H Z TOURBILLON,0.21663524235143822
8,GET THE MONIES,0.26629610285235206
9,ISLAND SURPRISE,0.14317067539827633
10,DOUBLE SHOW,0.3792154218354195
11,NOIR RIDER,0.20733616670677746
