,HorseName,Score
0,KIMBERLEY,0.42990254026438696
1,ROMANTIC FANTASY,0.5383361403810157
2,TOTAL POWER,0.47546820142868934
3,DARCI JOY,0.2824355776445204
4,CIRCUIT BLAZING,0.10860234810725566
5,SPECIAL HEDGE,0.15397250611769683
6,WINNING STEPS,0.13072661139796954
7,MANAGEMENT FOLKS,0.5366101457201597
8,PAKISTAN FRIEND,0.025196770173572674
9,FOREVER FOLKS,0.058938162485000986
10,JUBILATION,0.3476538775681758
11,STARSHIP EIGHTY,0.13173339781338983
