,HorseName,Jockey,Score
0,CANDLELIGHT DINNER,K Teetan,0.09190323768973004
1,CAPTAIN WIN,C Y Ho,0.2203643498265044
2,ENTERPRISE ATTACK,A Hamelin,0.01671223837262275
3,POLARIS,P N Wong,0.0799195247666955
4,SAVVY BRILLIANT,Z Purton,0.11180058748880733
5,SUPER FORTUNE,M F Poon,0.10382463030705479
6,GALVANIC,M L Yeung,0.1631676588360511
7,SUPER INFINITY,L Hewitson,0.21230777271253393
