,HorseName,Score
0,NICE BIRDIE,0.2769807202421968
1,CLASSIC ARCHI,0.19355362214499197
2,HORSE OF GOOD LUCK,0.07836984537202617
3,DRAGON PRIDE,0.19180870432246508
4,GO GO GO,0.14331458857604495
5,SMART BEAUTY,0.18669748319840268
6,SUPERB DADDY,0.3539753988314138
7,CIRCUIT ELITE,0.07857220987361706
8,FASTPASS,0.03155097406692826
9,DIAMOND WINNER,0.2705025412629119
10,LOYAL AMBITION,0.383832592883012
11,SUPER HORNET,0.049689750562944945
