,HorseName,Score
0,GALVANIC,0.4724049688536549
1,BEAR SLAM,0.3959272051252995
2,HAKKA RADIANCE,0.0465558316183531
3,FOREVER CHARM,0.08118324633499964
4,CORDYCEPS ONE,0.2570560974916785
5,G LINER,0.25340128917688937
6,ALL RICHES,0.14905379772069186
7,FAST VICTORY,0.04750820974947128
8,MAYHEM,0.10501782588893933
9,STARSHIP EIGHTY,0.41581111578791147
10,HIGH RISE POWER,0.02808718965368048
11,KYRUS UNICORN,0.08932604272230488
12,UP AND UP,0.0137379737403441
13,KEEN UNITY,0.0813966686936221
