,HorseName,Score
0,KYRUS UNICORN,0.08760364228296035
1,NINJA DERBY,0.039476216530848734
2,INVINCIBLE MISSILE,0.08268003071686635
3,RUNNING AHEAD,0.058219434862545445
4,RELIABLE PROFIT,0.10675597630199019
5,GOLDEN FAIRY,0.08845758954434084
6,PRECISION GOAL,0.3141921375830932
7,RIGHT HONOURABLE,0.049296186651813866
8,KEEN UNITY,0.10959185442675619
9,YEABOI,0.06372693109878487
