,HorseName,Score
0,BEAUTY WAVES,0.861679001308162
1,CELESTIAL COLOURS,0.3710915317472518
2,SUGAR SUGAR,0.4917871403853402
3,SPORTS LEGEND,0.1863570651327682
4,BRAVE STAR,0.5277513019817996
5,HEROIC MASTER,0.3699824064992358
6,ATOMIC FORCE,0.30265448668673417
7,FAST SERVE,0.7720466442175102
8,SUPER FORTUNE,0.4059178302498844
9,YOUTHFUL SPIRITS,0.2810626191811994
10,MIDORI GLORY,0.2001628224145947
11,MAJESTIC EXPRESS,0.10083928555759768
