,HorseName,Score
0,SKY SONG,0.1545619683918632
1,DAN ATTACK,0.17191248774913123
2,HERO WARRIOR,0.035164042816582135
3,TATTENHAM,0.03865700245155281
4,SUPER EAGLE,0.14896903192827027
5,SPEEDY CHARIOT,0.08246224020131443
6,GALLANT GOODY,0.04648031867174998
7,BEAU GOSSE,0.0994619337355125
8,WOODFIRE CHAMP,0.013984543666382647
9,ALLOY KING,0.11048636140094656
10,CHEER FOR SOUTH,0.06510594732780971
11,WIND SPEEDER,0.03275412165888449
