,HorseName,Score
0,HEALTHY HAPPY,0.3151622120337689
1,TAJ DRAGON,0.23774418702232902
2,PACKING TREADMILL,0.6366907982088295
3,ATULLIBIGEAL,0.5798607830039023
4,WONDER KIT,0.541569886900685
5,SUPREME LUCKY,0.43134423392063975
