,HorseName,Score
0,CALIFORNIA BANNER,0.13954269222240304
1,CALIFORNIA MOXIE,0.180231225708617
2,CALIFORNIA STAR,0.16402490348310816
3,SANTORINI,0.275820135343854
4,SKYEY BLUE,0.11685020606750497
5,THUNDER BLINK,0.16448723127832318
6,LA FORZA,0.43390292209355386
7,RUN YES RUN,0.18655347451951668
8,SUPREME WINNER,0.046911414473557955
