,HorseName,Score
0,RED HARE KING,0.8117144466905815
1,IVY LEAGUE,0.09309598448844544
2,NEVER TOO SOON,0.25986807833137243
3,ROMANTIC LAOS,0.24501496702792258
4,BEAUTY INFINITY,0.8235780083384054
5,STAR CONTACT,0.5499884149216463
6,GLORIOUS JOURNEY,0.22649561212492916
7,SATIRICAL FAN,0.11254665598527355
8,AESTHETICISM,0.22221173378183828
9,WINNING DATA,0.34099346034346284
10,JUMBO LEGEND,0.6226452316156278
11,SWEET BRIAR,0.7726808818526797
