,HorseName,Score
0,IMA SINGLE MAN,0.23256710838298877
1,CALL ME GLORIOUS,0.714944236027254
2,GRACIOUS EXPRESS,0.23755604878034814
3,GREAT STATE,0.042529244710518284
4,PRESTIGE ALWAYS,0.24249220683344969
5,AORAKI SUMMIT,0.1780345805804544
6,PULSAR STRIDER,0.22407208730250552
7,MIGHTY COMMANDER,0.3002628154523198
8,RICH HORSE,0.16750795407612945
9,VICTOR THE RAPID,0.19695360610726456
