,HorseName,Score
0,ENJOY GOLF,0.19837015855121765
1,CHATEAUNEUF,0.49426897326403024
2,AMAZING DUCK,0.08900951389025631
3,ALL RICHES,0.12612112284734772
4,LUCKY GOLD,0.08384404683815448
5,FORTUNE RACER,0.21526734882790352
6,MILES AWAY,0.12590937124778506
7,BALLISTIC WIN,0.018176973338700234
8,SWEET SMILE,0.19960608270197233
9,CLEAR COURAGE,0.12256682064179325
10,MARIO,0.05612465628265243
11,MASTER OF ALL,0.13438754861766145
12,WIN SPEED,0.10526709682516988
13,RUBY SAILING,0.35484084825673073
