,HorseName,Score
0,FLYING HIGH,0.2984467657821744
1,GREAT STATE,0.004690374748024825
2,ATOMIC FORCE,0.05850738111124924
3,HEROIC MASTER,0.25844147836012193
4,HAPPY UNITED,0.09596957168987506
5,BEAUTY WAVES,0.446368309114306
6,HARMONY FIRE,0.01756063169100126
7,ACT OF FAITH,0.12925890508329224
8,YOUTHFUL SPIRITS,0.006600358482145001
9,ATOMIC ENERGY,0.11669876147855507
10,MA COMET,0.0003098046114965126
11,CALIFORNIA TOUCH,0.024789422998979436
