,HorseName,Score
0,CALIFORNIA SPANGLE,0.396960627944156
1,VOYAGE BUBBLE,0.43604628646874694
2,STRAIGHT ARRON,0.21063330975925787
3,RUSSIAN EMPEROR,0.05998725388847823
4,BEAUTY ETERNAL,0.5088608874638969
5,BEAUTY JOY,0.06324895607990144
6,HEALTHY HAPPY,0.11056799905702681
7,FANTASTIC TREASURE,0.1023073425629705
