,HorseName,Score
0,GOLDEN LONG,0.25781259164691445
1,RAGNARR,0.25190419299950256
2,HIGH RISE SOLDIER,0.25586624248000384
3,FLYING PHANTOM,0.2459331460232366
4,TALENTS SUPREMO,0.26132269268699
5,HAPPY SOUL,0.25605147375357074
6,EVER VICTORIOUS,0.23857665274964335
7,HERO STAR,0.2677790057046339
8,MELBOURNE HALL,0.2530228654251562
9,VALHALLA,0.2703337013053046
10,SUPER EAGLE,0.25541369970482153
11,HO HO STAR,0.2634381142998437
