,HorseName,Score
0,EASON,0.24650485079278692
1,JOYFUL HUNTER,0.2505118803679245
2,A AMERIC TE SPECSO,0.24716708872483545
3,SUGAR SUGAR,0.24385382327018684
4,VIVA GRACIOUSNESS,0.2465731456597956
5,ACE ONE,0.24633370064853446
6,CHAIN OF GOLD,0.24649974872092664
7,DENFIELD,0.2507690181544669
8,CAPTAIN WIN,0.24232920989225426
9,ONE FOR ALL,0.24649529658954555
