,HorseName,Score
0,JOY COMING,0.5410908751228378
1,PRIME MORTAR,0.3910910078312696
2,CONTI CONTI,0.08006150293050239
3,RUN RUN COOL,0.3690852619156759
4,CAMINO,0.12222691989394815
5,VANTASTIC CHOICE,0.25172211655838594
6,ALP'S AFFECTION,0.0722559182923819
7,ROMANTIC NOVELIST,0.03731311871851948
8,GIANT LEAP,0.13247733662048963
9,JOLLY COMPANION,0.028535661602315836
10,GREAT ACHIEVER,0.17358358187693984
11,SMART LEADER,0.1437520565375403
