,HorseName,Score
0,KA YING CHEER,0.8495416747740372
1,RUN RUN TIMING,0.4676789326734549
2,CALIFORNIA TOUCH,0.22618724984375999
3,CHAMPION METHOD,0.26310190843140496
4,IVICTORIAM,0.1599812482812773
5,SILVER SPURS,0.32191610094556933
6,SO TREASURE,0.15224020189705503
7,GLORY B,0.20436338619371733
8,MULTIDARLING,0.23200828550538222
9,COUNTRY DANCER,0.40162224663911505
10,CHEER FOR SOUTH,0.20529143360467692
11,MY INTELLIGENT,0.1926046958273744
