,HorseName,Score
0,PATCH OF THETA,0.7359041535895995
1,BEAUTY CRESCENT,0.09153627264163404
4,AMAZING VICTORY,0.062052327106858866
