,HorseName,Score
0,AWESOME FLUKE,0.23696556853419762
1,HAMERON,0.4429180603168863
2,SUPREME AGILITY,0.40386980489315505
3,RISING FROM ASHES,0.15944648589244056
4,FLAMINGO TRILLION,0.5270118364683735
5,PERFECT TEAM,0.38856462621067633
6,ROMANTIC LAOS,0.465239579333083
7,SAMARKAND,0.3010674847550453
8,IVY LEAGUE,0.07035161930181894
9,ROMANTIC CHARM,0.27452577845556164
10,ESCAPE ROUTE,0.13040861343836269
11,G LINER,0.27884721435379645
