,HorseName,Score
0,NORTHERN BEAST,0.47171996535187105
1,MASTER OF LUCK,0.1474172801034633
2,AMAZING BOY,0.2676289413780763
3,DIAMOND DIAMOND,0.20580465328878805
4,FORTUNE PRESIDENT,0.24342443207870512
5,MEDIC ELITE,0.4035942913512347
6,YEABOI,0.12031416746927352
7,BIG TWO,0.27577687992895633
8,HAPPY HUNK,0.014772412333934382
9,SMART BEAUTY,0.46794214731741046
10,FOXHUNTER WAY,0.13988327415475463
11,HANG'S CHOICE,0.23175435423799856
