,HorseName,Score
0,HASTEN DELIGHT,0.15852472547206867
1,NORTHERN BEACHES,0.4200410746399427
2,LADY'S CHOICE,0.5541614604869607
3,CALIFORNIA DEEPLY,0.1807881851780187
4,APOLAR FIGHTER,0.0586093285567101
5,CHAMPION INSTINCT,0.34005385916407854
6,SEA AIR LEGEND,0.22962004314963402
7,ENDEARED,0.22241127021444215
8,ROBOT MASTER,0.009500249250649472
