,HorseName,Score
0,GALLANT VALOUR,0.12068982935056417
1,WIN WIN FIGHTER,0.11735589425737139
2,PERFETTO,0.10607810240654356
3,TOP TOP TEA,0.012715003157203366
4,GALVANIC,0.2897063596248461
5,MASTER HERO,0.20174388997683132
6,SATIRICAL GLORY,0.053169636620000245
7,YOUNG VICTORY,0.00805363773338478
8,V LOVE YOU,0.00952343632274052
9,NOBLE WIN,0.004407718763601823
10,DUBLIN STAR,0.0573148085027147
11,AMAZING BOY,0.070418323250557
