,HorseName,Score
0,HAMERON,0.27985916931761606
1,PRIME MINISTER,0.265654131170453
2,TURIN MASCOT,0.20734335126648148
3,LEAN HERO,0.3542043219999586
4,ROMANTIC LAOS,0.18665827447389716
5,MAJESTIC VICTORY,0.20370564609142972
6,ACCOLADE START,0.11387128948298603
7,ESCAPE ROUTE,0.1485918519939002
8,NICHOLSON RETURNS,0.5179058998271078
9,ALL BEAUTY,0.15762135417288883
10,FLAMINGO TRILLION,0.4451722795693918
11,NOBLE PURSUIT,0.24880208026143136
