,HorseName,Score
0,EXCEL WONGCHOY,0.02863135928497409
1,COMET SPLENDIDO,0.41555889397950424
2,JUMBO LEGEND,0.41051558229811713
3,GOLDEN DARCI,0.026857440294522927
4,PRECISE EXPRESS,0.0484878698821549
5,STRONGEST BOY,0.5340551345166068
6,SETANTA,0.04941788140505471
7,TURIN WARRIOR,0.4956915992488054
8,LOOKING COOL,0.0784736962545906
9,UNITED ENDEAVORS,0.20832584419512096
10,TO INFINITY,0.25178127973413095
11,AROMATICA,0.006711832525423581
