,HorseName,Score
0,PALACE PAL,0.19924851559270704
1,NICE BIRDIE,0.17154449391473067
2,AI ONE,0.08292067834095601
3,M M NEBULA,0.411608891389782
4,VINCY,0.2635432679401505
5,HAPPY HERO,0.1895908028837105
6,FORTUNE TRIPLE,0.1500323129187025
7,DIAMOND WINNER,0.14988443050198955
8,LOYAL AMBITION,0.24670065649543393
9,GREEN LASER,0.12905579012362273
10,JOYFUL CHAMPION,0.16947883423349214
11,GOLDEN FAIRY,0.04713105977093563
