,HorseName,Score
0,EURO ROCKS,0.16746321718379623
1,HAPPY HOLIDAY,0.148066888542433
2,ROBOT KNIGHT,0.3999990260230157
3,CURRAHEE,0.14309042420441495
4,ACA POWER,0.35019396390483987
5,SHANGHAI STYLE,0.06488797958277288
6,ACE VICTORY,0.14569286210156043
7,HINOKAMI KAGURA,0.2194045475641353
8,SKY SONG,0.0908451550302546
9,COSMO NAVIGATOR,0.09842604898327777
10,CRAZY TREASURE,0.04789004284509401
11,SPANGLE FORTUNE,0.18115898662576763
