,HorseName,Score
0,CELESTIAL COLOURS,0.3206059881370335
1,ASTROLOGER,0.10297617519379117
2,BEAUTY INFINITY,0.7701741192893218
3,HAPPY UNITED,0.2924378069976699
4,NEVER TOO SOON,0.21561011202981667
5,COPARTNER PRANCE,0.7992727088762244
6,CONTI CONTI,0.1359735893997701
7,FASHION LEGEND,0.01985632256060974
8,MAGIC PHOENIX,0.08527634959182201
9,CALIFORNIA CIBLE,0.1816427552496026
10,KA YING CHEER,0.6050329694268383
