,HorseName,Score
0,BIG RED,0.3616876541497997
1,SUPER GOLDI,0.29491613424365687
2,ARIEL,0.1932703827566696
3,AFFIRM,0.23128113549090218
4,CIRCUIT FIERY,0.17077217618162566
5,MISSION VOICE,0.06545748243378219
6,THE KHAN,0.08969595218057622
7,SMILING COLLECTOR,0.24981274196084144
8,SUPER BONUS,0.24881985122269137
9,CALIFORNIA ICON,0.05113465558540031
10,CHATEAU,0.04113302210342996
11,DUBLIN STAR,0.250741015036618
12,LADY BILLIE,0.049108815020965854
13,V LOVE YOU,0.013569141908187372
