,HorseName,Score
0,WATCH BUDDY,0.24713895517165094
1,CELESTIAL COLOURS,0.2467804093504636
2,GOLDEN EMPIRE,0.2599928974263012
3,KAHOLO ANGEL,0.24958563279196394
4,CALIFORNIA DEEPLY,0.24718585448104
5,GOLDEN TITLE,0.2471070685344728
6,GOOD LUCK WIN,0.24714012087946513
7,HAPPY TRIO,0.24716093795772878
8,GOLDEN LONG,0.2471786333814803
