,HorseName,Score
0,TELECOM SPEED,0.012390674098887762
1,SCOTCH TYCOON,0.0034867893343605424
2,EXUBERANT,0.022198017595581106
3,GLORY CLOUD,0.002707719206787651
4,MOLLY'S WITNESS,0.0026446705729894306
5,BRAVO WARRIOR,0.0002306459883267918
6,FALCON COURT,0.0028390938236825614
7,SPEEDY CHARIOT,0.010150682855629874
8,TATTENHAM,0.01926292108082706
9,GOLDEN LINK,0.00840074143117604
10,HIGH PERCENTAGE,0.04713267939108014
11,HERO STAR,0.01651040322444513
