,HorseName,Score
0,MULTISUPER,0.14201199668485143
1,AEROINVINCIBLE,0.17185921184418776
2,DENFIELD,0.09859263579877343
3,JOY COMING,0.10067893838977066
4,NEBRASKAN,0.009908067020834974
5,EMBRACES,0.10757307614309426
6,SIGHT HAPPY,0.07437214520169017
7,DOUBLE BINGO,0.04953286657900094
8,EVER SMART,0.02411460785721582
9,TALENTS SUPREMO,0.08117686394933454
10,FAIRY HORSE,0.03601262037623175
11,COLONEL,0.10416697015501411
