,HorseName,Score
0,LOYAL BO BO,0.4829950340111941
1,ARIEL,0.22490608587538724
2,GOLDEN DARCI,0.061537765081115955
3,HOLY POWER,0.15048322132839878
4,I CAN,0.16580718059558852
5,CIRCUIT MIGHTY,0.44173011779160365
6,LINK,0.07372406660625411
7,TOP TOP TEA,0.05069906030695578
8,DOUBLE WIN,0.055212335642376736
9,SKY TRUST,0.35920498731990463
10,SMILING COLLECTOR,0.22176797962521042
11,SPICY GOLD,0.17608818101053358
12,JOYFUL FRIENDSHIP,0.0029998204859458307
13,PODIUM,0.03194332296739995
