,HorseName,Score
0,GALAXY WITNESS,0.15774886643051764
1,PRIME MINISTER,0.07338819085654985
2,I AM THE BOSS,0.0018924224348883982
3,TOURBILLON PRINCE,0.17107913495864946
4,WINNING DRAGON,0.1562854007882357
5,MASTER OF FORTUNE,0.02590529234892011
6,STAR CONTACT,0.08544131947635962
7,ESCAPE ROUTE,0.04068117968973707
8,LOVERO,0.1259310024429423
9,GLORIOUS JOURNEY,0.018762259576474486
10,LOYAL BABY,0.04124424987703267
11,RED HARE KING,0.2777191315299919
