,HorseName,Score
0,CAMPIONE,0.014540568294613965
1,CAPITAL DELIGHT,0.03167129406206061
2,MAGNIAC,0.11411493804092816
3,FIERY DIAMOND,0.08649036053650011
4,ALL IS GOOD,0.030393268491160863
5,SMOKEY BEAR,0.04808671186003407
6,TORONADO PHANTOM,0.014269508911890874
7,GOOD BUDDY,0.043277164331427295
8,MARK THE MOMENT,0.05788820762463013
9,LADY'S CHOICE,0.024483497739992855
10,SPORTS LEGEND,0.006929011378084384
11,SAVVY CHIC,0.015373034413979195
