,HorseName,Score
0,CAPITAL LEGEND,0.1920488756574765
1,KIMBERLEY,0.06688585774022714
2,FIGHT TIME,0.09957070705326722
3,BRAVE WITNESS,0.2917786241490061
4,JOYFUL FRIENDSHIP,0.1567112884549833
5,CHATEAU,0.08458316742365293
6,JOYFUL PROSPERITY,0.1211607044109731
7,LEGION OF MERIT,0.3648788611025932
8,FORTUNE PRESIDENT,0.3352010827207526
9,KEEN UNITY,0.09675708705692804
10,CORDYCEPS ONE,0.3003075598258646
11,SPLENDID STAR,0.17410685859862707
