,HorseName,Score
0,WATCH BUDDY,0.28238993715706434
1,CELESTIAL COLOURS,0.26930403489850807
2,GOLDEN EMPIRE,0.38949650233438077
3,KAHOLO ANGEL,0.36900690223228494
4,CALIFORNIA DEEPLY,0.2762376033892706
5,GOLDEN TITLE,0.1830769955880865
6,GOOD LUCK WIN,0.15386151375246204
7,HAPPY TRIO,0.025058001810460577
8,GOLDEN LONG,0.28575027512558604
