,HorseName,Score
0,FIND MY LOVE,0.269382142060208
1,KEMPES,0.23551911044586998
2,CHING,0.5305910121537878
3,KARMA,0.4973924291162274
4,YOUNG ACHIEVER,0.16760888583413205
5,SIMPLE HEDGE,0.5269840158586546
6,BEAUTY LIVE,0.09411600575080603
7,ORIENTAL SMOKE,0.055541084371540914
8,PRAY FOR MIR,0.16398415742451297
9,WAH MAY WAI WAI,0.09069082180000156
10,AEROINVINCIBLE,0.5560457049256733
11,POWERFUL WINGS,0.20371819317407278
12,SILVER UP,0.4893076388161331
