,HorseName,Score
0,BERLIN TANGO,0.12680339964488319
1,APACHE PASS,0.2538041029563054
2,ALACRITY,0.2791558287796493
3,PERFECT TEAM,0.2008391344683363
4,SUPER WIN DRAGON,0.2650771665119871
5,TOY SOLTERO,0.05308006383141566
6,SO WE JOY,0.1664527867025425
7,SURUGA BAY,0.17235143267602274
8,TALENTS AMBITION,0.05414459909368194
