,HorseName,Score
0,TELECOM SPEED,0.27753327651129334
1,SAVVY CHIC,0.255732223284844
2,MR VALIANT,0.12550821386772984
3,GREAT ACHIEVER,0.25528456912663905
4,MOLLY'S WITNESS,0.038085419297695544
5,WINNING HEART,0.11218452739284525
6,CERVIN,0.0700656679884306
7,CRYSTAL POWERFUL,0.1337640821137033
8,GOLDEN LINK,0.4104472452061961
9,FALCON COURT,0.04538161688543919
10,HERCULES,0.30054535127440807
11,SAME TO YOU,0.016568235105568246
