,HorseName,Score
0,VIVA HUNTER,0.2603771538204772
1,AMAZING TEENS,0.25117894160787096
2,BLISSFUL STAR,0.2566435902210682
3,BEAR SLAM,0.24811776079059408
4,FAST VICTORY,0.2427172913986447
5,BONUS PAL,0.24903322827290378
6,MISSION BRAVO,0.2600466696674129
7,LUCKY BANNER,0.23306785289212711
8,HARRY'S HERO,0.2464562147165781
9,CALIFORNIATOTALITY,0.24045531443123577
10,SIR HURRICANE,0.25712287185170174
11,G LINER,0.25267520128713766
12,MAYHEM,0.25088266546914495
13,WINNING SEVEN,0.2530980494231795
