,HorseName,Score
0,DRAGON PRIDE,0.3481717006051189
1,LITTLE FAIRY,0.03520070052850894
2,SUPERB MOVE,0.8571669334651874
3,CHARMANDER,0.5200170189506609
4,GO GO GO,0.041790618335651786
5,MULAN,0.05382282378189039
6,GET THE MONIES,0.010645354578957834
7,ARTHUR'S KINGDOM,0.08645698408430202
8,ANGELS HUNTER,0.21832841241683112
9,FAITHFUL TRINITY,0.49098673889196576
10,BROTHER PEARL,0.0446171649496684
11,SMART BEAUTY,0.2783054636074956
12,STAR OF GLORY,0.2345986925167083
