,HorseName,Score
2,SUPER EAGLE,0.4300449070395655
1,JOYFUL LIFE,0.21910943707647304
6,CHEER FOR SOUTH,0.14500383251038504
