,HorseName,Score
0,SILVER SONIC,0.3192354744294007
1,QUANTUM PATCH,0.6227154357136362
2,SAMARKAND,0.23434183165263708
3,RED HARE KING,0.6083962738062172
4,SHOW RESPECT,0.19050855900818867
5,GIDDY UP,0.4185931553657846
6,AFFORDABLE,0.054787819861306354
7,ROMANTIC LAOS,0.20790782917136014
8,LUCKY EIGHT,0.34718356592383487
9,CAPITAL LEGEND,0.2758941244543473
10,ZOOM BOOM,0.25224691026259055
11,CHARITY BINGO,0.20402993701024277
