,HorseName,Score
0,SPANGLE FORTUNE,0.06496597434188217
1,MORE RICE,0.06915729606834023
2,HAPPY TANGO,0.41113007490434567
3,VALIANT ELEGANCE,0.07196002776056833
4,SMART LEADER,0.11569157955737866
5,PRESTIGE MOOCHI,0.02001778218533557
6,CASA LEGEND,0.13038330845825574
7,ALL IS READY,0.16184510702640129
8,EIGHT TRIGRAMS,0.05023622549736833
9,SUPER JOY,0.10038008496265086
10,CHIRON,0.0799692172812855
11,FORTUNE MASTER,0.1059969317754642
