,HorseName,Score
0,THE GOLDEN SCENERY,0.31601129133314354
1,ALL FOR ST PAUL'S,0.2525683497636816
2,RUNNING GLORY,0.05714161869281829
3,MUGEN,0.8711437548556292
4,FLAMING RABBIT,0.25678677392783184
5,RISING FROM ASHES,0.0856469864181903
6,SUPERB BOY,0.49420340420244757
