,HorseName,Score
0,E TALENT,0.026576073745373872
1,LOVERO,0.14585056656055162
2,SIMPLY MAVERICK,0.33104106077410844
3,CLUB SODA,0.021652991950223726
4,OWNERS' PRAISE,0.6942183866412991
5,RUNNING AHEAD,0.03484038611279587
6,TO INFINITY,0.2368005868481417
7,YEE CHEONG WARRIOR,0.02193574532488259
8,STORMTROUPER,0.06483511206627952
9,FEARLESS FIRE,0.36743116549170696
