,HorseName,Score
0,AFFORDABLE,0.07230251639847336
1,GALLANT HERO,0.21758090772437552
2,TURIN WARRIOR,0.6417485632767087
3,DRAGON STAR,0.5396118762275353
4,HOLY POWER,0.3882374829917404
5,GALLANT CROWN,0.20609256321699715
6,SETANTA,0.1350268274124579
7,FAMILY FORTUNE,0.10475040897777935
8,MR ALADDIN,0.1477002626228831
9,RUNNING AHEAD,0.08277504572263646
10,NICE BIRDIE,0.3850748565795158
