,HorseName,Score
0,CHIU CHOW BROTHER,0.2838742046485715
1,MY INTELLIGENT,0.2524099228388364
2,FIRE BALL,0.022359712822085622
3,MODEST GENTLEMAN,0.2877529384562085
4,HERO ICON,0.09815154412562932
5,TACTICAL COMMAND,0.20841159773502893
6,DOUBLE SHOW,0.23961906976765082
7,PRECISION GOAL,0.06363325874310911
8,MILLENNIUM FALCON,0.11029020689386652
9,EASY TWO,0.05523031068485085
10,FORTUNE MASTER,0.17309827234229488
11,NOIR RIDER,0.03319555326977664
