,HorseName,Score
0,ROMANTIC WARRIOR,0.7390533972296872
1,VOYAGE BUBBLE,0.8648910355635991
2,STRAIGHT ARRON,0.4788208274071506
3,BEAUTY JOY,0.2309377442425892
4,SWORD POINT,0.32461600502460003
5,ENCOUNTERED,0.5751596720086676
6,MONEY CATCHER,0.2492090417441105
7,NIMBLE NIMBUS,0.5701804972412884
8,SENOR TOBA,0.14151173740831177
9,FIVE G PATCH,0.44992068089377313
10,CHAMPION DRAGON,0.26887652661426237
