,HorseName,Score
0,INVINCIBLE MISSILE,0.10649992817306395
1,DRAGON STAR,0.4052789820637738
2,GOLDEN LINK,0.07856038227183897
3,SATIRICAL GLORY,0.3453142628863161
4,STURDY RUBY,0.27915416701075674
5,V LOVE YOU,0.13504874710703182
6,WIN WIN FIGHTER,0.2983920081245251
7,AROMATICA,0.07076974499664103
8,ATOMIC BEAUTY,0.07056826871870786
9,DRAGON PRIDE,0.1938431530440173
10,RIGHT HONOURABLE,0.09926328926162449
11,SUPERB MOVE,0.16173378614098552
