,HorseName,Score
0,SCOTCH TYCOON,0.08184086319549283
1,HARMONY FIRE,0.1988696517188425
2,SERGEANT PEPPER,0.3928169440745445
3,LIFE IS GOOD,0.14687419334157018
4,SAVVY DELIGHT,0.1859082105713895
5,G ONE EXCELLENT,0.27640815133924385
6,BEAUTY DESTINY,0.31349183196584995
7,OVERSUBSCRIBED,0.39279317218510906
8,SUPER FAST DRAGON,0.1369207893902912
9,CIRCUIT SEVEN,0.09007698584028326
10,GALLANT GOODY,0.0737546966075039
11,LEAN MASTER,0.12610661078362168
