,HorseName,Score
0,GOKO WIN,0.3292169434155436
1,KA YING RISING,0.8056420386171839
2,CAMPIONE,0.10851956746431872
3,TORONADO PHANTOM,0.35532314010135724
4,PRAWNS ELEVEN,0.3392753114597523
5,SOLID IMPACT,0.2682201937836925
6,PARTERRE,0.14157439131968583
7,MY FLYING ANGEL,0.08132134370284251
8,ROBOT MASTER,0.01450552699901351
9,CALL ME GLORIOUS,0.567672555822697
10,ACE ONE,0.13707119824940434
