,HorseName,Score
0,HOSS,0.14000741888238188
1,ERNEST FEELING,0.47612229291513836
2,WOOD ON FIRE,0.0007985818007794735
3,KING ECCELLENTE,0.24237623598836217
4,KILINDINI,0.17392747821106833
5,RUNNING BOY,0.15408878814197854
6,MULTIDARLING,0.16344994749883943
7,SUPER EAGLE,0.7397813292555165
8,ALLOY KING,0.21516767416854296
9,COLONEL,0.4125893153213622
10,HARMONY N HOME,0.07578269536425213
11,TACTICAL COMMAND,0.167113549591037
