,HorseName,Score
0,DARCI JOY,0.20441958486805967
1,NICHOLSON RETURNS,0.6553223752262656
2,WONDER YEARS,0.4318851049628671
3,ROMANTIC FANTASY,0.2656070053348632
4,SUPER HONG KONG,0.1655067229154264
5,SPECIAL HEDGE,0.16444666379737294
6,WINNING STEPS,0.18716510842946849
7,JUBILATION,0.31097949937291774
8,SHARPEN BRIGHT,0.08263415589132415
9,LITTLE FAIRY,0.15905939279335862
