,HorseName,Score
0,HASTEN DELIGHT,0.3416562691140493
1,JAMES TAK,0.7699367235390935
2,ASTROLOGER,0.0648641864226996
3,STELLAR EXPRESS,0.7752380265467329
4,GREAT STATE,0.04020968651367679
5,PRAWNS ELEVEN,0.22558548593413094
6,ACE VICTORY,0.06789808409810302
7,KING GLORIOSO,0.09386863009601462
8,YOUNG SUPERSTAR,0.23682159987669965
9,THRIVING BROTHERS,0.20063740623686938
10,BULB EMPEROR,0.05955143005444512
