,HorseName,Score
0,PACKING POWER,0.45719827595588686
3,AURORA LADY,0.2851144276418349
1,FLYING WROTE,0.08603596640229136
