,HorseName,Score
0,SILVER SONIC,0.25895456786648374
1,TOURBILLON PRINCE,0.649342217902365
2,CALIFORNIA VOCE,0.07035360846648317
3,QUANTUM PATCH,0.23724422998282044
4,LUCKY EIGHT,0.23924869427722883
5,IVY LEAGUE,0.10748770567434457
6,ALL BEAUTY,0.16340891548824188
7,SOLID IMPACT,0.18714524980629788
8,STAR CONTACT,0.3381549529191728
9,TRADITION,0.14724951489867089
10,U S S CONSTITUTION,0.09241380540113764
11,M UNICORN,0.3774593249199858
