,HorseName,Score
0,TOMODACHI KOKOROE,0.19187146550593448
1,BRAVE STAR,0.23783019597774635
2,VIVA CHALEUR,0.28767466608226067
3,ARMOUR EAGLE,0.20651143384872248
4,POWER KOEPP,0.22517794263067456
5,A AMERIC TE SPECSO,0.14543321699716316
6,BEAUTY WAVES,0.6388789792600716
7,HOSS,0.28613187690721376
8,RIGHTEOUS ARION,0.1781309512556481
9,GOLDEN DARCI,0.29966590853772257
10,MEGA BONUS,0.2050764829363919
11,SPEED SWORD,0.19764341230415491
