,HorseName,Score
0,WIND SPEEDER,0.3386932462777185
1,GOOD VIEW GLORY,0.09512011454129816
2,SUPER ELITE,0.14166383369414723
3,GENERAL ACE,0.10209824511904962
4,DOUBLE SHOW,0.15143999633687205
5,AUGUST MOON,0.11125958138841512
6,HAPPILY FRIENDS,0.01653075573059634
7,VIVA A LA,0.09216401453816273
8,EASY TWO,0.08252146655899478
9,CIRCUIT SPLENDOR,0.25437095494949913
10,DEVIL AND GOLD,0.05566072483173355
11,NOIR RIDER,0.024322096863838346
