,HorseName,Score
0,APACHE PASS,0.12193326702772453
1,REWARD SMILE,0.8479154347519964
2,MAGNIAC,0.3489714682413297
3,SING DRAGON,0.49448272396834875
4,VICTORY MOMENTS,0.7688200143200703
5,CAMPIONE,0.17013053704799114
6,LIGHTNING BOLT,0.04792288908076528
7,HONG KONG HALL,0.4193401192644445
8,MONTA FRUTTA,0.23056466842145193
