,HorseName,Score
0,CALIFORNIA SPANGLE,0.473125224113444
1,MAD COOL,0.06487673084504214
2,VICTOR THE WINNER,0.5281216755744171
3,LUCKY WITH YOU,0.25463991519303486
4,INVINCIBLE SAGE,0.8105107736848771
5,HOWDEEPISYOURLOVE,0.7035845686666135
6,SUNRISE RONALDO,0.10832240893381749
7,FLYING ACE,0.7158171454114016
8,MUGEN,0.6925524813354761
9,BELIEVING,0.18682253352479086
10,LITTLE BROSE,0.23252972484373038
