,HorseName,Score
0,WIDE BLUE YONDER,0.23695506589245663
1,ACE ONE,0.2546558348313214
2,FUN N GLORY,0.03427200430815273
3,ENJOY GOLF,0.15399455189633376
4,KING MILES,0.10517185656330658
5,LUCY IN THE SKY,0.1201575433655865
6,SUNDAY'S SERENADE,0.11269007932745236
7,SEA SAPPHIRE,0.17753037564749918
8,GLORY ELITE,0.2067263347898571
9,TALENTS SUPREMO,0.06169943118561487
10,LUCKY QUALITY,0.12788638618275922
11,HAYDAY,0.3250559802936585
