,HorseName,Score
0,AWESOME TREASURE,0.08365974809142858
1,HAROLD WIN,0.26070214825510774
2,LUCKY TOUCH,0.07061442306346188
3,EVERYONE'S CLASSIC,0.20208615031257957
4,BLAZING WIND,0.07176351034823863
5,KING OBERON,0.12731026881759702
6,UNIVERSAL BLAZE,0.02899330194848481
7,GLORIOUS EXPERT,0.11546593681857294
8,STRATHBARRY,0.018736932006495538
9,WIN SPEED,0.020667580338033353
