,HorseName,Score
0,ABSOLUTE SUNSHINE,0.027739231456330955
1,KINGLY DEMEANOR,0.09623196322472792
2,RELIABLE PROFIT,0.07233022231443721
3,KEEN UNITY,0.19103168362952572
4,GO GO GO,0.15477581406107135
5,CLASSIC ARCHI,0.3159909246308572
6,LEATHER MASTER,0.01702981386962913
7,ARTHUR'S KINGDOM,0.10041759707913481
8,FASTPASS,0.043994452005538906
9,GREEN LASER,0.14242484349480342
