,HorseName,Score
0,I GIVE,0.03558669531525788
1,NOT USUAL STAR,0.004025925088706143
2,YOUNG CHAMPION,0.011611560767092771
3,EXCELLENT FIGHTER,0.012139367710667755
4,ILLUMINOUS,0.007603208254741092
5,KA YING VICTORY,0.02641865787036677
6,PRAWNS ELEVEN,0.009773953567182381
7,ORIENTAL SMOKE,0.004834870600502808
8,KA YING POWER,0.004150069211202663
9,MIDORI BEAUTY,0.0036525273074965925
