,HorseName,Score
0,BABY CRYSTAL,0.5692016360942899
1,FAST RESPONDER,0.13161984313977068
2,PLEASANT ENDEAVOR,0.34415055544043377
3,TOY SOLTERO,0.0480632299366525
4,FLYING HIGH,0.5689766005362736
5,HAPPY UNITED,0.5802543003548515
6,SUPER LOVE DRAGON,0.1380750090769278
7,HIGHLAND RAHY,0.19960608270197233
8,MAJESTIC EXPRESS,0.07935042654050632
9,KA YING VICTORY,0.33956198325748166
