,HorseName,Score
0,THE PERFECT MATCH,0.18551971817455645
1,AMAZING RUN,0.036651373115741424
2,ROARING BEBE,0.11689020184481227
3,WINNING MONEY,0.1964860445913914
4,HAYDAY,0.36745066094151474
5,COSMO NAVIGATOR,0.11823590068315978
6,FAST AS ROCKET,0.09750264319987471
7,HERCULES,0.38006942990288145
8,GIMME FIVE,0.16490752548945953
9,SO AWESOME,0.3279330088546596
10,LAPRAS,0.07702044682663026
11,MULTIDARLING,0.18961249514450937
