,HorseName,Score
0,TELECOM FIGHTERS,0.3250497867787032
1,ALL FOR ST PAUL'S,0.3100313787500693
2,MR ASCENDENCY,0.40334832246442426
3,NORDIC DRAGON,0.26761976997553155
4,APACHE PASS,0.1312592301848222
5,ALACRITY,0.5135547433983602
6,GALAXY WITNESS,0.4229758060854205
7,YOUTHFUL DEAL,0.028836789167245205
8,ADEFILL,0.3215351568757515
9,BERLIN TANGO,0.14526670632354513
