,HorseName,Score
0,STORMTROUPER,0.2867425402107736
1,NICE BIRDIE,0.16528650439392611
2,YOUNG HORIZON,0.07425049740346595
3,BIG TWO,0.0840254023817167
4,CIRCUIT ELITE,0.14213175142442466
5,REGENCY HAPPY STAR,0.5083250952437482
6,UNITED ENDEAVORS,0.17165848537049783
7,CHARMING STEED,0.12111342150265682
8,BRILLIANT PIONEER,0.1096829890091733
9,DASHING GLORY,0.05126026046449401
10,VIVA A LA,0.038915440137409586
11,SUPER HORNET,0.04058143385646678
