,HorseName,Score
0,SKY SONG,0.2758090442295921
1,SPICY SPANGLE,0.42811704345004453
2,UNIVERSAL BLAZE,0.3069592432007197
3,COLOURFUL PRINCE,0.3720914886848533
4,OVERSUBSCRIBED,0.5050544590197185
5,SERGEANT PEPPER,0.29481660582004726
6,SUPER FAST DRAGON,0.26999529875361117
7,G ONE EXCELLENT,0.3432887371936642
8,LEAN MASTER,0.17875649641764269
9,PHILOS,0.06755128306467229
10,CIRCUIT SEVEN,0.11380072127068117
11,KING INVINCIBLE,0.05231661329456079
