,HorseName,Score
1,AEROINVINCIBLE,0.41752195261737807
0,ENJOY GOLF,0.2397140986506274
4,HANDSOME BOMB,0.15484602566327096
