,HorseName,Score
0,MUST GO,0.30627039082839136
1,SOLID SHALAA,0.30458259885004213
2,EVERYONE'S VICTORY,0.028971947335120093
3,VANTASTIC CHOICE,0.1824423280356851
4,LUCKY BANNER,0.19808137714600582
5,ROBOT KNIGHT,0.5149775174827385
6,SPICY SPANGLE,0.03675011362028511
7,HINOKAMI KAGURA,0.22190642239803124
8,SMART LEADER,0.24403247009441742
9,MIRACLES,0.268822259419666
10,VALIANT ELEGANCE,0.05337967335176544
11,HAPPY TANGO,0.09908583883990238
