,HorseName,Score
3,VOLCANIC SPARK,0.393934405073214
8,GOOD GOOD,0.23648220939696674
7,KASA PAPA,0.09568339030205449
