,HorseName,Score
0,NORDIC DRAGON,0.39899742311522485
1,ALACRITY,0.24914276299263854
2,APACHE PASS,0.6163929174624329
3,ADEFILL,0.8896282749786131
4,BERLIN TANGO,0.1795407323784017
5,YELLOWFIN,0.8710256340366175
6,TURIN MASCOT,0.720275734110557
7,SO WE JOY,0.3313715599205003
8,TOURBILLON PRINCE,0.7214923585639041
9,MAJESTIC COLOUR,0.6015045972834279
10,FIERY DIAMOND,0.6871110487073654
11,M UNICORN,0.3740071111436405
12,MASSIVE ACTION,0.7100036240007549
