,HorseName,Score
0,EXCEL WONGCHOY,0.12392118096594762
1,COMET SPLENDIDO,0.43191453417176245
2,JUMBO LEGEND,0.4373992738568547
3,GOLDEN DARCI,0.11459108891882844
4,PRECISE EXPRESS,0.075037298351959
5,STRONGEST BOY,0.6429456035274821
6,SETANTA,0.07864952157720427
7,TURIN WARRIOR,0.5676622041738691
8,LOOKING COOL,0.1316281212759795
9,UNITED ENDEAVORS,0.3148779551985623
10,TO INFINITY,0.37690816634921653
11,AROMATICA,0.03609691229910046
