,HorseName,Score
0,BON'S A PEARLA,0.21588396727416279
1,HEROIC MASTER,0.38428166609200964
2,RAGING BLIZZARD,0.41793268714770815
3,BEAUTY GLORY,0.17198214604247594
4,WINGS OF WAR,0.1655925980535654
5,STAR LINE,0.13151362534112201
6,SING DRAGON,0.23927826881714198
7,SUGAR SUGAR,0.3671319989271669
8,CHAIN OF GOLD,0.14067305050898987
9,GOLDEN TITLE,0.12569398971293225
10,SOLAR UP,0.09390277958555425
11,GOLDEN SAMURAI,0.14770961191768153
