,HorseName,Score
0,JAMES TAK,0.27137896317769467
1,YOU'REMYEVERYTHING,0.25891132963809216
2,GIMME FIVE,0.26919899402040615
3,GOLDEN ONE,0.2662062815278831
4,LUCKY CHARM,0.2703736717179234
5,SILVER DESTINY,0.27020121327605906
6,SKY TRUST,0.27005147436143
7,LUCKY FIONN,0.2704256824346418
8,REGENT GLORY,0.2673938829824954
9,NEW POWER,0.26844603515970905
10,SPEEDY FORTUNE,0.2673091062108426
11,NISHIKADO,0.2696085387974973
