,HorseName,Score
0,THE GOLDEN SCENERY,0.24595388696884843
1,FANTASTIC TREASURE,0.24524845250196178
2,FLAMING RABBIT,0.24585472536811948
3,KEEFY,0.24492953966918074
4,DANCING CODE,0.24594049745869373
5,BLUE MARLIN,0.2458493297545658
6,FIND MY LOVE,0.24601280025544905
7,LUCKY ENCOUNTER,0.24591746405762543
8,SUPREME LUCKY,0.2442252866316159
9,YOUNG CHAMPION,0.24598109599485107
10,I GIVE,0.24566776835540305
