,HorseName,Score
0,COPARTNER PRANCE,0.8043840159650618
1,FLYING DRAGON,0.20116701706440762
2,SKY SONG,0.6000316514550547
3,WIN SPEED,0.08054517549191753
4,ROARING BEBE,0.16315357993784427
5,COSMO NAVIGATOR,0.20140477848091987
6,SPEEDY SMARTIE,0.19160309731243955
7,JOYFUL LIFE,0.13665003244226878
8,SPEEDY CHARIOT,0.12318605596866444
9,TATTENHAM,0.1640784656144448
10,PHILOS,0.09644370794373389
11,MY INTELLIGENT,0.282941414171574
