,HorseName,Score
0,GALLANT WAKING,0.34078945480059386
1,TOURBILLON PRINCE,0.5062609047530406
2,QUANTUM PATCH,0.43960150303744444
3,TRUE GENIUS,0.08886931545565696
4,NEVER TOO SOON,0.14082571012506676
5,ROMANTIC LAOS,0.1859774450017098
6,STAR CONTACT,0.36679562201642923
7,LUCKY EIGHT,0.184689119047248
8,ALL BEAUTY,0.20643064478652717
9,SHOW RESPECT,0.17126641059794812
10,ESCAPE ROUTE,0.02411488504178581
11,ZOOM BOOM,0.17477721373498223
