,HorseName,Score
0,BON'S A PEARLA,0.2795207636576557
1,HEROIC MASTER,0.458025136201945
2,RAGING BLIZZARD,0.7156985682494401
3,BEAUTY GLORY,0.18305267931038446
4,WINGS OF WAR,0.19320381322712024
5,STAR LINE,0.10604678461123541
6,SING DRAGON,0.32387597865083845
7,SUGAR SUGAR,0.20296297771702784
8,CHAIN OF GOLD,0.1991433047520461
9,GOLDEN TITLE,0.19151766887087668
10,SOLAR UP,0.07479087058004195
11,GOLDEN SAMURAI,0.2087351795672463
