,HorseName,Score
0,I GIVE,0.3556271444926269
1,NOT USUAL STAR,0.1344533960250329
2,YOUNG CHAMPION,0.4712106678474522
3,EXCELLENT FIGHTER,0.30824179838088317
4,ILLUMINOUS,0.3115377044475099
5,KA YING VICTORY,0.6937987578419998
6,PRAWNS ELEVEN,0.33497731891639665
7,ORIENTAL SMOKE,0.13287328491829847
8,KA YING POWER,0.10601593661022125
9,MIDORI BEAUTY,0.07299021704496862
