,HorseName,Score
0,SUNNY DARLING,0.09368749887421698
1,SIGHT HERO,0.4733347615761811
2,CURRAHEE,0.14973138943430056
3,GLORY CLOUD,0.4963145687768955
4,WINNING HEART,0.1065859889800387
5,COSMO NAVIGATOR,0.1264167981599739
6,GIMME FIVE,0.16490752548945953
7,SUPER AXIOM,0.30775800574731155
8,BRAVO WARRIOR,0.07230662947129735
9,MANYTHANKS FOREVER,0.017035965571527603
10,SWEET DIAMOND,0.48494247478429237
11,MIRACLES,0.2745471725147272
