,HorseName,Score
0,VICTORY MOMENTS,0.7635013785310271
1,YOUTHFUL DEAL,0.29104155156639044
2,MAGNIAC,0.39228007453207614
3,SUPER WIN DRAGON,0.24662755641551742
4,CAPITAL DELIGHT,0.430477932160838
5,HONG KONG HALL,0.34251751914230666
6,SELF IMPROVEMENT,0.41987770421178794
7,MUST GO,0.22367322936594744
8,HIGHLAND RAHY,0.13489344491873748
9,JOY COMING,0.13354531260124866
