,HorseName,Score
0,BERLIN TANGO,0.4355588336919691
1,MOMENTS IN TIME,0.194330851271159
2,PRIME MINISTER,0.0915364897428691
3,TURIN MASCOT,0.3967653155512472
4,TRUE GENIUS,0.1093513014258343
5,LOOKING GREAT,0.12643574820104328
6,M UNICORN,0.3684965486709265
7,MAJESTIC VICTORY,0.2647548913664113
8,INTREPID WINNER,0.16824187092626464
9,ESCAPE ROUTE,0.1326957641364818
10,KIMBERLEY,0.12717265402228556
11,GALLANT HERO,0.19663540954343847
