,HorseName,Score
0,SWEET ENCOUNTER,0.2235878976267999
9,THE HEIR,0.19330191338156993
5,LO PAN SPIRIT,0.14260795117939704
