,HorseName,Score
0,SOLAR PARTNER,0.5157050297429834
1,E UNIVERSE,0.11245756005922956
2,RAGNARR,0.1005805170726808
3,ACE POWER,0.2384971037858824
4,PARTY WARRIOR,0.11273534874456505
5,YODA'S CHOICE,0.4049858902310867
6,GLORIOUS EXPERT,0.0831978172082559
7,COUNTRY DANCER,0.14451962178373573
8,SUPER EAGLE,0.6021445778401289
9,HAPPY FEELING,0.10070479680833783
10,SUPER AXIOM,0.3233737618733824
11,CHEER FOR SOUTH,0.12875261629953672
