,HorseName,Score
3,HELENE WARRIOR,0.6468471921474986
7,GALVANIC,0.11865907114626548
0,HAMERON,0.07108637002315026
