,HorseName,Score
0,NICE BIRDIE,0.01120399578701762
1,CLASSIC ARCHI,0.016927184743294903
2,HORSE OF GOOD LUCK,0.0013002118481225187
3,DRAGON PRIDE,0.013137972445143628
4,GO GO GO,0.003609150433795305
5,SMART BEAUTY,0.013793636320504302
6,SUPERB DADDY,0.012537485466851222
7,CIRCUIT ELITE,0.0040072678875801284
8,FASTPASS,0.001404492936004027
9,DIAMOND WINNER,0.023757176748529306
10,LOYAL AMBITION,0.02568917670705435
11,SUPER HORNET,0.0007320112987754306
