,HorseName,Score
0,ATOMIC FORCE,0.10788888723991263
1,CELESTIAL COLOURS,0.06250286579835
2,HEALTHY HEALTHY,0.42521122643707204
3,BRAVE STAR,0.782603458874556
4,A AMERIC TE SPECSO,0.23824132581879945
5,COPARTNER AMBITION,0.2894479465517052
6,NEVER TOO SOON,0.1404005930502146
7,EXCELLENT PEERS,0.29471013492324694
8,CALIFORNIA CIBLE,0.2232781359578822
9,BEAUTY CHAMP,0.1296638165741914
10,YOU'REMYEVERYTHING,0.015007194401236651
11,GRATEFUL HEART,0.310394124074863
