,HorseName,Score
0,WIDE BLUE YONDER,0.27857552947571335
1,ACE ONE,0.47149935373305457
2,FUN N GLORY,0.008417259383227163
3,ENJOY GOLF,0.29263378097525683
4,KING MILES,0.036985279157838676
5,LUCY IN THE SKY,0.057210761911248076
6,SUNDAY'S SERENADE,0.20816710465130814
7,SEA SAPPHIRE,0.24347570944543806
8,GLORY ELITE,0.28219232027227986
9,TALENTS SUPREMO,0.08686629688228152
10,LUCKY QUALITY,0.1732687819654164
11,HAYDAY,0.4460769403773772
