,HorseName,Score
0,FLYING HIGH,0.7401994208379155
1,GREAT STATE,0.06940846020977566
2,ATOMIC FORCE,0.28695861158838
3,HEROIC MASTER,0.6529055299814532
4,HAPPY UNITED,0.428307515871206
5,BEAUTY WAVES,0.800572524915455
6,HARMONY FIRE,0.1249708916439156
7,ACT OF FAITH,0.48973356042074373
8,YOUTHFUL SPIRITS,0.09406255228636083
9,ATOMIC ENERGY,0.4606938733764718
10,MA COMET,0.006674745612490744
11,CALIFORNIA TOUCH,0.14393181557565324
