,HorseName,Score
0,TELECOM FIGHTERS,0.39431851688397057
1,BUNDLE OF CHARM,0.4381106110419866
2,ALL FOR ST PAUL'S,0.30673754759641786
3,ADEFILL,0.6411584001234883
4,YELLOWFIN,0.6879164954653187
