,HorseName,Score
0,SUNNY SHINES,0.06745430296091445
1,NICE BIRDIE,0.26518635370153343
2,COLOURFUL BARON,0.385876731711234
3,HAPPY HERO,0.19570534318174215
4,SUPERB DADDY,0.6467880717925328
5,VINCY,0.21372939937176985
6,LOYAL AMBITION,0.4154778191728961
7,ARTHUR'S KINGDOM,0.05046505976052497
8,DIAMOND WINNER,0.29212827081100845
9,GOLDEN FAIRY,0.09977592567262804
10,GREEN LASER,0.195831300443209
