,HorseName,Score
0,BUNDLE OF CHARM,0.4425703875727282
1,ATULLIBIGEAL,0.6031748421742491
2,DROMBEG BANNER,0.5713483310826345
3,RAGING BLIZZARD,0.8309805874431709
4,WE ARE HERO,0.16478435731573363
5,LUCKY ENCOUNTER,0.7849428056661031
6,SUPREME LUCKY,0.4587607563887745
7,GORGEOUS WIN,0.7799049178235127
