,HorseName,Score
0,MAGIC PHOENIX,0.2115852363394326
1,PRIME MORTAR,0.39805913289232653
2,SCOTCH TYCOON,0.09923610881095093
3,SAVVY CHIC,0.21829352963339801
4,PACKING HERMOD,0.4671659819605747
5,DOUBLE BINGO,0.5879802702536793
6,GLORY B,0.17322315795581877
7,WOOD ON FIRE,0.15083294689148707
8,TALENTS SUPREMO,0.16142685393147807
9,TEAM HAPPY,0.05494184175958885
10,MR GOOD VIBES,0.2625849408309629
11,DIVINE SHINING,0.04354826382031262
