,HorseName,Score
0,TELECOM FIGHTERS,0.07651236852362393
1,SEASONS WIT,0.17001299310841445
2,PING HAI GALAXY,0.05034503698321616
3,CHANCHENG PRINCE,0.4728519329456411
4,NORDIC DRAGON,0.09565917101952291
5,YOUTHFUL DEAL,0.13618875988079754
6,XPONENTIAL,0.29721968905631785
7,WONDER KIT,0.16274842811344448
8,BUNDLE OF CHARM,0.09370022010289868
9,GUMMY GUMMY,0.20332441902946316
10,MAGNIAC,0.1439924828564791
