,HorseName,Score
0,PLEASANT ENDEAVOR,0.11602109120571792
1,HARMONY N BLESSED,0.09051748935225142
2,O'LINER,0.10082630674301271
3,BEAUTY INFINITY,0.38840871574035485
4,LUCKY ARCHANGEL,0.022591109539890526
5,FASHION LEGEND,0.00018190867191933635
6,CALIFORNIA DEEPLY,0.025719104762174264
7,HELENE WARRIOR,0.015814370795937893
8,KING GLORIOSO,0.019060504540965646
9,SUPERSONIC,0.0037459419687218675
10,CAPTAIN WIN,0.0869214253650006
11,JOY COMING,0.03628146619893652
