,HorseName,Score
0,BLUE MARLIN,0.5744895347316902
1,QUANTUM PATCH,0.3265554409785829
2,SUPER WINNER,0.24936988603572688
3,SINBA,0.08706071415815948
4,LESLIE,0.34566773208862245
5,STORM RIDER,0.22291265733291582
6,KARMA,0.2895648629257613
7,JOLLY RULER,0.05771208932022803
8,RUN RUN COOL,0.315649438805163
9,E LEGEND,0.43289624361008666
10,SUPERB KID,0.09081875725714242
11,GIDDY UP,0.09215103210232208
12,MAGNIFICENT NINE,0.3484105365455974
13,TALENTS AMBITION,0.15250087687277727
