,HorseName,Score
0,SPORTS LEGEND,0.25418581950700353
1,HOSS,0.1437406704297615
2,MASTER STROKE,0.16361670538483702
3,E UNIVERSE,0.23493164131530503
4,EASY SNIP,0.24588383823131754
5,SUPER CHARIZZARD,0.29392640746672016
6,THE KHAN,0.14861306529310886
7,GORGEOUS VITALITY,0.20545424697611553
8,YOUTH POWER,0.15746776415070549
9,DAN ATTACK,0.17962302795107846
10,SUPER AXIOM,0.09875379166399813
11,MY INTELLIGENT,0.2160025296181715
