,HorseName,Score
2,FAMILY JEWEL,0.39653860273581065
4,MISTER DAPPER,0.317946608593887
5,STAR LINE,0.10894860610282346
