,HorseName,Score
0,COPARTNER PRANCE,0.9025836504893926
1,FLYING DRAGON,0.3863260269172145
2,SKY SONG,0.8804110028831077
3,WIN SPEED,0.1788874811824561
4,ROARING BEBE,0.14919362901511135
5,COSMO NAVIGATOR,0.3728775548478973
6,SPEEDY SMARTIE,0.32954855946620504
7,JOYFUL LIFE,0.24133769497931287
8,SPEEDY CHARIOT,0.20250039547895246
9,TATTENHAM,0.26299061941588153
10,PHILOS,0.05601607820900981
11,MY INTELLIGENT,0.41131710508412767
