,HorseName,Score
4,CALL ME GLORIOUS,0.5790016630954765
5,JAMES TAK,0.2601848263126116
6,BEAUTY WAVES,0.09352613728697429
