,HorseName,Score
0,SUNNY SHINES,0.11183242959591139
1,NICE BIRDIE,0.6387745254797267
2,COLOURFUL BARON,0.749468835691748
3,HAPPY HERO,0.48136497673017714
4,SUPERB DADDY,0.8807866396203612
5,VINCY,0.5996226382805318
6,LOYAL AMBITION,0.7297111273750929
7,ARTHUR'S KINGDOM,0.08945238409428
8,DIAMOND WINNER,0.6419571773842917
9,GOLDEN FAIRY,0.2888424080439754
10,GREEN LASER,0.5553265323155345
