,HorseName,Score
0,SUPERB CAPITALIST,0.45732125730911133
1,POWER KOEPP,0.6577030209972647
2,HEALTHY HEALTHY,0.656721156461967
3,ALL IS GOOD,0.3435995822222972
4,RAGING BLIZZARD,0.846809819804684
5,WINGS OF WAR,0.4064206872968814
6,SING DRAGON,0.05219692794851553
7,CHAMPION METHOD,0.41020836932522037
8,STAR LINE,0.048466388421421334
