,HorseName,Score
0,SEASONS WIT,0.5771597777544377
1,BUNDLE OF CHARM,0.2328131247428342
2,MAJESTIC KNIGHT,0.5517328169563224
3,TOMODACHI KOKOROE,0.45940761911562844
4,BEAUTY CHARGE,0.307556404705661
5,GUMMY GUMMY,0.312566469197795
6,BON'S A PEARLA,0.26548757821738617
7,WONDER KIT,0.4943454530265092
8,COPARTNER AMBITION,0.2016115900900766
9,ASTROLOGER,0.041142729577295395
10,YOUTHFUL DEAL,0.1949763196720685
