,HorseName,Score
0,MY FLYING ANGEL,0.046774330197719274
1,LET'S DO IT,0.230285239350455
2,TOP SCORER,0.8585169488067521
3,GRAND BOSS,0.07639936820432267
4,HANDSOME BOMB,0.24409956609823186
5,HAPPY DAILY,0.13088376666588677
6,SMILING COLLECTOR,0.3337304654712683
7,SMART FIGHTER,0.4360359541435637
8,C P ONE,0.040387696229590625
9,NOT A FEW,0.04491664322778274
10,EXCELLENT DADDY,0.031065352176265423
11,RUBY SAILING,0.40171454325388034
12,VULCANUS,0.04749060538807967
13,HOSS,0.05610087507408992
