,HorseName,Score
0,HELIOS EXPRESS,0.8259392951195528
1,HOWDEEPISYOURLOVE,0.7360126193591967
2,HELENE FEELING,0.8322607316174125
3,MOMENTS IN TIME,0.18163074526324602
4,BEAUTY CRESCENT,0.4599206348105573
5,CHANCHENG GLORY,0.5379399591563363
6,SPEED DRAGON,0.225999525304327
7,FALLON,0.23983332774944158
8,STAR MAC,0.3719490656832569
