,HorseName,Score
0,ARMOUR EAGLE,0.3390554406560241
1,GOLDENFIELD,0.3010216771120777
2,SMOKEY BEAR,0.5755897417717586
3,TORONADO PHANTOM,0.26931560147999695
4,BABY CRYSTAL,0.3723368876621263
5,GOOD BUDDY,0.24129370970728464
6,SKY FOREVER,0.166525515632698
7,VICTORY MOMENTS,0.24149318725705465
8,CALIFORNIA TOUCH,0.07112633316742162
9,MARK THE MOMENT,0.4002909892590444
10,MONTA FRUTTA,0.09867679041058838
11,SPORTS LEGEND,0.05948676890591653
