,HorseName,Score
0,HAMERON,0.5930981940849187
1,RED HARE KING,0.671584912960717
2,ZOOM BOOM,0.3124798025844425
3,GIDDY UP,0.28568148672286686
4,LOVERO,0.43097625543855383
5,LOOKING GREAT,0.10444711633788628
6,STAR CONTACT,0.45016419759225096
7,ORIENTAL TYCOON,0.13093034401243114
8,ACCOLADE START,0.07032656508180835
9,CHAIN OF GOLD,0.6677995661055112
