,HorseName,Score
0,I CAN,0.19805904331642477
1,SETANTA,0.1747500057817646
2,STAR LINE,0.06892110625447191
3,ATOMIC BEAUTY,0.26392225636214645
4,CAN'T GO WONG,0.42765817205493695
5,TOGEPI,0.23242682234326892
6,FAST VICTORY,0.17385072741426685
7,NOT A FEW,0.0588916429947565
8,TIGER AND GOLD,0.04061810670390617
9,AMAZING BOY,0.3814068312806144
10,HARRY'S HERO,0.02830515459617281
11,THE KHAN,0.05528925632029931
