,HorseName,Score
0,TELECOM SPEED,0.13018977284571265
1,SCOTCH TYCOON,0.09856202005716032
2,EXUBERANT,0.41252428694104687
3,GLORY CLOUD,0.14884550446224354
4,MOLLY'S WITNESS,0.0865938998480053
5,BRAVO WARRIOR,0.012074627880656937
6,FALCON COURT,0.0894491805302991
7,SPEEDY CHARIOT,0.11670707586455167
8,TATTENHAM,0.148938831281381
9,GOLDEN LINK,0.06674353450982665
10,HIGH PERCENTAGE,0.42419403512011183
11,HERO STAR,0.09550302824436104
