,HorseName,Score
0,SUPERB CAPITALIST,0.24356414952401081
1,POWER KOEPP,0.24743276606055142
2,HEALTHY HEALTHY,0.24893171929601396
3,ALL IS GOOD,0.24625023131240736
4,RAGING BLIZZARD,0.2682489317666134
5,WINGS OF WAR,0.24649264764175946
6,SING DRAGON,0.24650701042740492
7,CHAMPION METHOD,0.24546961472001297
8,STAR LINE,0.24648439649713408
