,HorseName,Score
0,DUKE WAI,0.34426044186793003
1,ADIOS,0.33095488206237694
2,SON PAK FU,0.4876321156340202
3,KURPANY,0.292008417228293
4,MAJESTIC KNIGHT,0.1023402756699194
5,BUNDLE OF CHARM,0.36700921846378776
6,BEAUTY CHARGE,0.4025459636890692
7,TOMODACHI KOKOROE,0.3665717573843899
