,HorseName,Score
0,AMAZING TEENS,0.029841813179328408
1,COMET SPLENDIDO,0.006201338132003914
2,CAPITAL LEGEND,0.04856293761688008
3,DRAGON STAR,0.024407254613537356
4,SNOWALOT,0.060591525119676144
5,HARRY'S HERO,0.0008522430781820711
6,TURIN WARRIOR,0.03596205411884466
7,KILINDINI,0.016102616606362547
8,CALIFORNIA ICON,0.004393363247552594
9,HAPPY FEELING,0.01489436683366703
10,PO ON WAY,0.018478126435319493
11,YEABOI,0.012168250509776973
