,HorseName,Score
0,SATIRICAL FAN,0.11559812971406526
1,FIGHTING MACHINE,0.3828362885723721
2,COMET SPLENDIDO,0.3426194296980007
3,BEER PALACE,0.15401215217422906
4,ATOMIC BEAUTY,0.46061030500931555
5,MASTER TORNADO,0.27462899698680093
6,SUPER TAICHI,0.1687655463905321
7,COURIER MAGIC,0.1863078837532717
8,HARRY'S HERO,0.04082818726809911
9,PALACE PAL,0.24252704002088762
10,AMAZING BOY,0.2565386323065604
11,DRAGON PRIDE,0.2021753268587696
