,HorseName,Score
0,RED MAJESTY,0.17456642314608412
1,DURHAM STAR,0.038265326498479205
2,VIVA HUNTER,0.10402380689385206
3,ATOMIC BEAUTY,0.1291368040274852
4,DOUBLE WIN,0.01646379636189226
5,DRAGON STAR,0.14766884503241845
6,D STAR,0.14759238801400149
7,SUPER BABY,0.030732051922686892
8,LITTLE FAIRY,0.039241881145527194
9,FOREMOST TEDDY,0.0735970831028603
10,MATSU VICTOR,0.051212545718140476
11,KASA PAPA,0.047499048136572346
