,HorseName,Score
0,BEAUTY LIVE,0.051493293139762655
1,UNIVERSAL HORIZON,0.47657169891766243
2,KARMA,0.49166227397961304
3,BEAUTY FIT,0.17122565483226554
4,SOLEIL FIGHTER,0.1752906608461422
5,SWEET BRIAR,0.5171677377267254
6,EIGHTEEN CARAT,0.1975109347258165
7,FRANTANCK,0.3210142452946772
8,SILVER UP,0.3012079319020884
9,MIDORI BURLY,0.02581847468180952
10,ZOOM BOOM,0.12283743779643114
11,BEATO,0.4956274381287999
12,MARADO,0.10818325929077784
