,HorseName,Score
0,FLYING DRAGON,0.49574681373893303
1,SKY FOREVER,0.051929058975636114
2,EVERYONE'S VICTORY,0.03496315992772284
3,COLOURFUL PRINCE,0.44994502645906126
4,ROBOT KNIGHT,0.199983668778918
5,SHANGHAI STYLE,0.13239775865492454
6,SHINING FORTUNE,0.22140424103240283
7,REGENT GLORY,0.46174499420610066
8,DIAMOND SOARS,0.19238943994704705
9,ACA POWER,0.24152908747502114
10,RED MAVERICK,0.1160833896040853
11,COOL BLUE,0.16491988489277723
