,HorseName,Score
0,HASTEN DELIGHT,0.20153235082665397
1,NORTHERN BEACHES,0.46459110993223773
2,LADY'S CHOICE,0.6142653262542095
3,CALIFORNIA DEEPLY,0.1944676880703277
4,APOLAR FIGHTER,0.11436650781366772
5,CHAMPION INSTINCT,0.41228142723620514
6,SEA AIR LEGEND,0.21213650538075113
7,ENDEARED,0.28788331108451815
8,ROBOT MASTER,0.01832103962381985
