,HorseName,Score
0,FAST BUCK,0.2695431999352081
1,COLOURFUL PRINCE,0.26946960861343566
2,DIAMOND FLARE,0.2544976366961458
3,LIFE IS GOOD,0.26997257142109937
4,TRIUMPHANT WARRIOR,0.265645292547163
5,SPEEDY SMARTIE,0.2708132385196891
6,STRIVE FOR GLORY,0.2696852249285779
7,HINOKAMI KAGURA,0.26916654651198824
8,COOL BLUE,0.2640986653489952
9,AFFIRM,0.267913109331399
10,MIRACLES,0.26998762415165417
11,BEAT HOLLOW,0.2675398684434035
