,HorseName,Score
0,JAZZ CLUB,0.049829830745137256
1,STORMTROUPER,0.36730832627793325
2,MEDIC ELITE,0.6064223330263444
3,BIG TWO,0.23457724732728283
4,COURIER MAGIC,0.007848789815916793
5,MASTER OF LUCK,0.05451345414066153
6,REGENCY HAPPY STAR,0.2000929570184507
7,CHARMING STEED,0.10396514321111403
8,BAYVIEW STAR,0.04985346038772167
9,BRILLIANT PIONEER,0.11383986467694447
10,HANG'S CHOICE,0.15988754043162526
11,MISTER ARM,0.026996038927747542
