,HorseName,Score
0,WIND SPEEDER,0.2683509197159137
1,GOOD VIEW GLORY,0.07894084694755872
2,SUPER ELITE,0.10551844133492264
3,GENERAL ACE,0.10706158839657606
4,DOUBLE SHOW,0.20403459170564672
5,AUGUST MOON,0.08710551319341937
6,HAPPILY FRIENDS,0.016189768908022123
7,VIVA A LA,0.04968707765696036
8,EASY TWO,0.05836165216593805
9,CIRCUIT SPLENDOR,0.16646300374369624
10,DEVIL AND GOLD,0.04448829215618271
11,NOIR RIDER,0.009727206953984411
