,HorseName,Score
0,SEASONS WIT,0.24688699036226716
1,BUNDLE OF CHARM,0.24695162175005678
2,MAJESTIC KNIGHT,0.2509598976583175
3,TOMODACHI KOKOROE,0.2469110446791549
4,BEAUTY CHARGE,0.24841377826070954
5,GUMMY GUMMY,0.25479988013423716
6,BON'S A PEARLA,0.24798188613681524
7,WONDER KIT,0.24690315177003885
8,COPARTNER AMBITION,0.24697242670128164
9,ASTROLOGER,0.24598091573734504
10,YOUTHFUL DEAL,0.24692923138097264
