,HorseName,Score
0,KA YING POWER,0.256313687605558
1,JOY COMING,0.26899354403754394
2,ERNEST FEELING,0.2680692114725726
3,TOP TOP TEA,0.2681978240670672
4,LYRICAL MOTION,0.2614267416943413
5,YODA'S CHOICE,0.26808789592845855
6,COUNTRY DANCER,0.26472154015546456
7,CRYSTAL POWERFUL,0.2665511915461491
8,MULTIDARLING,0.2675753093586862
9,SHINKANSEN,0.2683304212336757
10,CHEER FOR SOUTH,0.2501726495626127
11,GALLANT GOODY,0.2584387544248088
