,HorseName,Score
0,CALIFORNIA SPANGLE,0.8104513658694753
1,VOYAGE BUBBLE,0.7880762107186268
2,STRAIGHT ARRON,0.4839638490930709
3,RUSSIAN EMPEROR,0.1139592779108808
4,BEAUTY ETERNAL,0.876379930935057
5,BEAUTY JOY,0.25360964164953165
6,HEALTHY HAPPY,0.3429497772312193
7,FANTASTIC TREASURE,0.283248083522619
