,HorseName,Score
0,DARING PURSUIT,0.475378393551167
1,KYEEMA,0.02618626200058012
2,BEAUTY GLORY,0.2987113605472417
3,HOLY POWER,0.3077383425348438
4,GREAT SPIRIT,0.649138771992613
5,GOOD GOOD,0.23877122745325546
6,MIU FA FA,0.1643087419193962
7,PACKING BRILLIANT,0.02348166490763676
8,WINNING GOLD,0.6368900437803608
9,TOP PEAK,0.44138320722076435
10,SAVVY ELEGANCE,0.016186250058309697
11,TELECOM BULLET,0.04494231915609063
12,YOUNG HORIZON,0.5125702264105314
13,SMART FOLKS,0.06234979533711242
