,HorseName,Score
0,ATULLIBIGEAL,0.5648536652742436
1,FLAMING RABBIT,0.5054281443017824
2,TOMODACHI KOKOROE,0.28833148130144465
3,WONDER KIT,0.6843824721323929
4,SUPREME LUCKY,0.29557924729823953
5,KEEFY,0.31319153101789293
6,SUPERB BOY,0.6382889383564234
7,CHIU CHOW SPIRIT,0.4455088869446586
8,GORGEOUS WIN,0.6442554852697605
