,HorseName,Score
4,RELIABLE PROFIT,0.4821592314398542
2,INVINCIBLE MISSILE,0.14911289125429122
6,PRECISION GOAL,0.10254497208573908
