,HorseName,Score
0,WE ARE HERO,0.27175972749438454
1,BABY CRYSTAL,0.5904368774994525
2,FAST RESPONDER,0.16821131444657872
3,PLEASANT ENDEAVOR,0.31060346409234
4,FLYING HIGH,0.474162560221773
5,BRAVE STAR,0.37447116028764926
6,KA YING VICTORY,0.3062533139641539
7,ACE VICTORY,0.2539649359602566
8,SUPER LOVE DRAGON,0.14739913565818116
9,VIVA GRACIOUSNESS,0.09757721657659432
