,HorseName,Score
0,MA COMET,0.02523191763028505
1,ACE POWER,0.10680681646103335
2,SERGEANT PEPPER,0.1331449051625922
3,FORTUNE WARRIOR,0.13688672159911425
4,LESS IS MORE,0.02913588296867861
5,YEE CHEONG SPIRIT,0.04007466226846982
6,SWEET DIAMOND,0.245221144686143
7,MR VALIANT,0.022615448631629093
8,CIRCUIT SEVEN,0.04466872912291926
9,FUNG,0.058844586547600726
10,SUPER SIXTY,0.056899431749297014
11,HAPPY HORSE,0.10046975317223769
