,HorseName,Score
0,HOLY LAKE,0.36837852316575964
1,BEER PALACE,0.22564587143410522
2,BEATO,0.2799210707017284
3,ARIEL,0.25922490464116776
4,UP AND UP,0.16265130143310563
5,JOYFUL FRIENDSHIP,0.10436240978414438
6,LUCKY ETERNITY,0.2671197262452064
7,WINNING STEPS,0.14879372613420144
8,ROBOT FIGHTER,0.12714754208564624
9,CHATEAU,0.1427193366666247
10,JOYFUL PROSPERITY,0.2256644085718237
11,NORTHERN BEAST,0.07682084232428851
12,G LINER,0.12713613719750114
13,SPLENDID STAR,0.16265130143310563
