,HorseName,Score
0,CLASSIC ARCHI,0.010787404539176601
1,NICE BIRDIE,0.534085103210899
2,PALACE PAL,0.6876655167140975
3,AI ONE,0.23901954712409834
4,COLOURFUL BARON,0.38553818191094175
5,VINCY,0.7508382111068718
6,CIRCUIT ELITE,0.40957746105449194
7,BRILLIANT PIONEER,0.35803815191017047
8,DIAMOND WINNER,0.6450395914752596
9,LOYAL AMBITION,0.611937497748937
10,GOLDEN FAIRY,0.3747693086051297
11,MIGHTY STAR,0.3824982066170392
