,HorseName,Score
0,DIAMOND SOARS,0.29360662234367835
1,TACTICAL COMMAND,0.16253649028207523
2,KING INVINCIBLE,0.06771422205572653
3,MODEST GENTLEMAN,0.31930359703986777
4,THE GOOD DEAL,0.22744693964569462
5,MULTIMORE,0.17468344422084045
6,ISLAND SURPRISE,0.2543956082331478
7,CRAIG'S MASTER,0.03904890049556085
8,AUGUST MOON,0.16248082318198784
9,SIX BEST FRIENDS,0.035145393668147513
10,HAPPILY FRIENDS,0.1639713110058207
11,DASHING GLORY,0.06059759690852748
