,HorseName,Score
0,WATCH BUDDY,0.20618221731978106
1,CELESTIAL COLOURS,0.2002291365158918
2,GOLDEN EMPIRE,0.3195560723810033
3,KAHOLO ANGEL,0.23661933160025617
4,CALIFORNIA DEEPLY,0.18612371706876352
5,GOLDEN TITLE,0.05953268297123566
6,GOOD LUCK WIN,0.03765002405124247
7,HAPPY TRIO,0.023608691964569068
8,GOLDEN LONG,0.290234717085506
