,HorseName,Score
0,GALLANT VALOUR,0.24536196258706913
1,WIN WIN FIGHTER,0.24674401702632237
2,PERFETTO,0.24460337603521587
3,TOP TOP TEA,0.24355769535736127
4,GALVANIC,0.24591376263916312
5,MASTER HERO,0.2459556765310227
6,SATIRICAL GLORY,0.24223414160759088
7,YOUNG VICTORY,0.24562475538215522
8,V LOVE YOU,0.24591331440588554
9,NOBLE WIN,0.2425660356497099
10,DUBLIN STAR,0.24523760646836185
11,AMAZING BOY,0.24518569337044227
