,HorseName,Score
0,RAGING BLIZZARD,0.8518624874609436
1,SUGAR SUGAR,0.33625109771980993
2,WATCH BUDDY,0.5322468319966528
3,VIVA GRACIOUSNESS,0.0949282112519108
4,SUPERSONIC,0.26322132597429887
5,MA COMET,0.1548654168276853
6,CAPTAIN WIN,0.2240305564457611
7,DENFIELD,0.1601000686073197
8,KYRUS DRAGON,0.0812550663305283
