,HorseName,Score
0,NOBLE ONE,0.18706951437778097
1,TACTICAL COMMAND,0.39209694868385286
2,BEAU GOSSE,0.5424645962208589
3,MR GOOD VIBES,0.2821565229254695
4,PODIUM,0.031089429052749414
5,STORMTROUPER,0.1749839046657361
6,SWEET DIAMOND,0.49331827244445636
7,WIND SPEEDER,0.0796982614369984
8,VIVA A LA,0.17198975032325425
9,HERO ICON,0.2121823783256096
10,MILLENNIUM FALCON,0.11826295101604861
11,EASY TWO,0.130278608662425
