,HorseName,Score
0,JAZZ CLUB,0.24550536921203414
1,STORMTROUPER,0.24598376036986838
2,MEDIC ELITE,0.2533263818827973
3,BIG TWO,0.24748171515928458
4,COURIER MAGIC,0.24717827966342024
5,MASTER OF LUCK,0.24371978116416557
6,REGENCY HAPPY STAR,0.24717544534861632
7,CHARMING STEED,0.2466587999745352
8,BAYVIEW STAR,0.2417680055547686
9,BRILLIANT PIONEER,0.24677845326618092
10,HANG'S CHOICE,0.2462003777084
11,MISTER ARM,0.24513646371735212
