,HorseName,Score
0,CHIU CHOW SPIRIT,0.45272570404968593
1,EIGHTY LIGHT YEARS,0.6232584834290118
2,BEAUTY CRESCENT,0.3632767992458129
3,GOLDEN ARTIE,0.07369832185318634
4,MOJAVE DESERT,0.20535660705144113
5,SILVER SONIC,0.1305368062438529
6,THE HEIR,0.8562163603843432
7,ACROSS DA UNIVERSE,0.11612301989572328
8,SUPER GOLDI,0.6193355005805729
9,BEAUTY GLORY,0.17492594787144736
10,BEAUTY THUNDER,0.13160029501320308
11,LESLIE,0.23924745332577316
