,HorseName,Score
0,BULB EMPEROR,0.09790841886473053
1,NEBRASKAN,0.18919900468750636
2,PRINCE OF PORTY,0.5837941502921117
3,LEAN MASTER,0.3230895208401164
4,CHARITY FOR ALL,0.10114415690342682
5,CAMP FIRE,0.21399747158340765
6,PERFECTO MOMENTS,0.14164554729477324
7,GIMME FIVE,0.08807722072025997
8,HAPPY HORSE,0.1591816745491439
9,FANCY STAR,0.03568720287469106
10,STRIVE FOR GLORY,0.40005129148758783
11,LAPRAS,0.06506114762846242
