,HorseName,Score
0,RATTAN WORLD,0.20569775820217168
1,WIND SPEEDER,0.0963415844190406
2,COLONEL,0.38417324473238246
3,SONIC BOOM,0.14414006903159607
4,DAILY TROPHY,0.11330259439747478
5,NORDIC COMBINED,0.306529936624248
6,YOUNG HORIZON,0.1496124908440351
7,GENERAL ACE,0.10226246009856675
8,H Z TOURBILLON,0.1145048110371507
9,VIVA A LA,0.14548712475485068
10,DEVIL AND GOLD,0.003522676531384892
11,NOIR RIDER,0.10401542559366576
