,HorseName,Score
0,RED LION,0.1199538764201822
1,HOWDEEPISYOURLOVE,0.18955054907768015
2,SAUVESTRE,0.054411607062282555
3,FLAMING RABBIT,0.044349675118295816
4,DROMBEG BANNER,0.04196991883466442
5,ATULLIBIGEAL,0.12792667889627532
6,DANCING CODE,0.1994622048138855
7,EASON,0.013704172363546227
8,BRAVEHEARTS,0.013497323978727745
9,GLOBAL HARMONY,0.1175464213494875
10,SUPERB BOY,0.07839155258011413
11,MUGEN,0.057158940205322153
