,HorseName,Score
0,SKY HEART,0.9916299701548089
1,SECOND TO NONE,0.9055483128650021
2,WAR OF COURAGE,0.7760739122708668
3,GOOD GOOD,0.8338492153926215
4,SOARING BRONCO,0.4071154273888383
5,FIGHT TIME,0.8954949587974163
6,TRAVEL GOLF,0.7316184027960028
7,CHATER GOLD,0.75612778463215
8,LUCKY FIONN,0.23345364164695553
9,TOP PEAK,0.8377837756570373
10,WINNING GOLD,0.7986738837312987
11,KINGLY DEMEANOR,0.038288701057433976
12,CIRCUIT NINE,0.5494524582082106
13,AFFIRM,0.890455923040786
