,HorseName,Score
0,MIDORI BEAUTY,0.0029452606848718336
1,SUPER COMMANDER,0.021868658959802445
2,FUN ELITE,0.006619027808904442
3,RUBYLOT,0.04260598755771718
4,SUPER AXIOM,0.024465581529030927
5,VALIANT ELEGANCE,0.002783205090879094
6,SKY TRUST,0.013291683502780025
7,GLORY B,0.007332720344361442
8,PANDA,0.0045411635204416
9,SAME TO YOU,0.006155914365867445
10,HAYDAY,0.003025128400842495
11,SPEEDY FORTUNE,0.023127701825336196
12,HO HO STAR,0.005224928528892894
13,JAZZ CLUB,0.003533188636467358
