,HorseName,Score
0,GLORIOUS JOURNEY,0.045706830427392396
1,GOOD LUCK WIN,0.1227085649438857
2,WINDICATOR FAMILY,0.07168554023548204
3,NOT A FEW,0.037124762238667446
4,DEVAS TWELVE,0.8534032787171683
5,WOOD ON FIRE,0.4309735034393698
6,GALLANT CROWN,0.28511976735868083
7,STURDY RUBY,0.7879161437287842
8,SURE JOYFUL,0.5053106118815142
9,MR ALADDIN,0.44801804631098724
10,ATOMIC BEAUTY,0.6235563330019929
11,KEEN UNITY,0.3176511884192019
