,HorseName,Score
0,JOYFUL PROSPERITY,0.2551903731782258
1,KYRUS UNICORN,0.05670554085606434
2,ARTHUR'S KINGDOM,0.12115519702242067
3,FRUITY WARRIOR,0.05948595425340795
4,TURTLE AGAIN,0.11163985365792557
5,KINGLY DEMEANOR,0.01776832547884466
6,SUNNY BABY,0.22477637765201083
7,GOLDEN FAIRY,0.059213456285969565
8,SPLENDID STAR,0.0494819974406815
9,RIGHT HONOURABLE,0.04458292417444912
