,HorseName,Score
0,WUNDERBAR,0.21327919633728362
1,CALIFORNIA TOUCH,0.07738784209027655
2,SUGAR SUGAR,0.15234065462016438
3,YOUNG SUPERSTAR,0.05009178822047179
4,LUCY IN THE SKY,0.1777472816287563
5,GOLDEN EMPIRE,0.038049817388287825
6,PRAWNS ELEVEN,0.05572513902830327
7,STORM RIDER,0.08288338067556894
8,CAPTAIN WIN,0.09875011660657011
9,MEGA BONUS,0.053744783404317084
