,HorseName,Score
0,I GIVE,0.24294223974318205
1,NOT USUAL STAR,0.24631633685333326
2,O'LINER,0.24625349430023663
3,SUPER FORTUNE,0.24510572544643647
4,TORONADO PHANTOM,0.24464927666762004
5,LADY'S CHOICE,0.25170382445588785
6,LEEDOX,0.2432296237532231
7,STELLAR SWIFT,0.24414218357675466
8,FLOOF,0.24584134470739294
9,MY FLYING ANGEL,0.2443698352386449
10,PRAWNS ELEVEN,0.24587984540176108
