,HorseName,Score
0,HARMONY N BLESSED,0.41557920702681406
1,HEROIC MASTER,0.34728588838420354
2,CALIFORNIA DEEPLY,0.21604819695012223
3,BEAUTY GLORY,0.17232301014058793
4,ATOMIC ENERGY,0.3984087338534545
5,NICCONI COUNTY,0.23564689199707345
6,CHAIN OF GOLD,0.31255150950571386
7,ENFOLDED,0.11265557959498317
8,HAPPY UNITED,0.7218669145730819
9,FORTUNE WARRIOR,0.22049271011844748
