,HorseName,Score
0,THE BEST PEACH,0.23892619807143628
1,MOMENTS IN TIME,0.24241491645614097
2,WOODFIRE BRO,0.25497577049831804
3,SIMPLE HEDGE,0.2530883895907549
4,LOOKING GREAT,0.2511178689178848
5,PACKING HURRICANE,0.23034083513591744
6,SIMPLY MAVERICK,0.25559017945667356
7,DEVILDOM,0.24346046511478875
8,ENIGMA,0.24380526048124182
9,HAKKA RADIANCE,0.25112040933794183
10,GALLANT HERO,0.2457268957422211
