,HorseName,Score
0,AFFIRM,0.11851733993772862
1,BEAT HOLLOW,0.4223128381884947
2,KASI FARASI,0.2561315089317776
3,SPEEDSTAR,0.12032695958789891
4,DIAMOND DIAMOND,0.22274902400316438
5,MULAN,0.07735434683348516
6,SONIC BOOM,0.26963260867711203
7,NORDIC COMBINED,0.08073215150626804
8,DRAGON DELIGHT,0.2575065205369041
9,APEX TOP,0.25004159033249795
10,MASTER OF LUCK,0.1363099181108117
11,SMART BEAUTY,0.1363391302263188
12,TSUEN WAN GLORY,0.1956390536689536
13,COMPULSORY,0.0339824890937694
