,HorseName,Score
0,PHOENIX LIGHT,0.339272208759959
1,SAKEWIN,0.020824713360004042
2,ROMANTIC NOVELIST,0.05629120550254432
3,EXUBERANT,0.3251797167415684
4,SUPERB WITNESS,0.14707346700509674
5,GLORY CLOUD,0.10619005116385133
6,TEAM HAPPY,0.13586813502857456
7,BRAVO WARRIOR,0.038988152894138865
8,PARENTS' LOVE,0.14768360390190838
9,DAN ATTACK,0.2873846681125643
10,CHEONG FAT,0.09329324184725106
11,DIAMOND SOARS,0.11019671693613223
