,HorseName,Score
0,MAJESTIC SPEED,0.1722765938836821
1,WONDERFUL UNICORN,0.500162859399931
2,YOU'REMYEVERYTHING,0.14097355586828794
3,MAGIC SUPREME,0.17179989462025502
4,ALWAYS FLUKE,0.23263869280237146
5,MUST GO,0.28741041748345203
6,SKY HEART,0.14298568388100144
7,FULL CREDIT,0.12557794465904748
8,SUPER BONUS,0.14830176242077417
9,LESS IS MORE,0.5384055952123052
10,STRATHBARRY,0.213295734676911
11,GO HERO,0.0659252430984817
12,NORTHERN BEAST,0.2227493650225739
13,PODIUM,0.1044927264935585
