,HorseName,Score
0,COUNTRY DANCER,0.06356514186284189
1,GREAT ACHIEVER,0.11332093644953427
2,TALENTS SUPREMO,0.10183715206812614
3,SPEEDY CHARIOT,0.09215305006043858
4,SEA SAPPHIRE,0.02981774749452053
5,MR GOOD VIBES,0.018278172442791455
6,MEGA BONUS,0.20155769402568213
7,VALHALLA,0.08948437623538832
8,GALLANT CROWN,0.11689700707354188
9,HARMONY N HOME,0.034541796001627996
10,WOOD ON FIRE,0.07733314442035477
11,HIGH RISE SOLDIER,0.3473686425322448
