,HorseName,Score
0,DRAGON STAR,0.6839326506741845
1,SATIRICAL GLORY,0.33442917853682574
2,FOREVER GLORIOUS,0.2049254356341824
3,INVINCIBLE MISSILE,0.1005092229553225
4,CONCERTO,0.12047292093099077
5,COURIER MAGIC,0.17950919064262388
6,LITTLE FAIRY,0.12555517553481538
7,PAKISTAN FRIEND,0.30336186667331405
8,GOLD TACK,0.3090846218083795
9,RUNNING AHEAD,0.04954112854320642
10,FLYING SILVER,0.1931964563974167
11,TURTLE AGAIN,0.46614900874303294
