,HorseName,Score
0,DUKE WAI,0.135357733437022
1,ADIOS,0.340645810857166
2,WHIZZ KID,0.2859731371086814
3,GALAXY PATCH,0.5349197483463526
4,INVINCIBLE SAGE,0.6359304552813132
5,KURPANY,0.25602773021711955
6,PING HAI GALAXY,0.26280589463464477
7,NERVOUS WITNESS,0.13754481750202804
8,WE ARE HERO,0.21773145323575707
9,CARROLL STREET,0.30282925213045464
10,SUPREME LUCKY,0.3652170989729156
11,EXPLOSIVE WITNESS,0.23595373596138397
