,HorseName,Score
0,LOYAL BABY,0.21375042208899722
1,RED MAJESTY,0.11325847797576563
2,GALLANT VALOUR,0.8500387102161707
3,SUPER BABY,0.10683055456298828
4,ALL RICHES,0.10604222566309673
5,INVINCIBLE MISSILE,0.04148136929632713
6,KASA PAPA,0.06198266578812528
7,CONCERTO,0.14717318874916005
8,DUBLIN STAR,0.3781905231739147
9,LEGION OF MERIT,0.26266030299930127
10,SUNNY SHINES,0.08326543592291624
11,NORTHERN BEAST,0.025556432766027534
