,HorseName,Score
0,HELIOS EXPRESS,0.29275607715549873
1,HOWDEEPISYOURLOVE,0.41817190557370226
2,HELENE FEELING,0.48570738376335143
3,MOMENTS IN TIME,0.041555332370017024
4,BEAUTY CRESCENT,0.19367332876924592
5,CHANCHENG GLORY,0.2908501063196815
6,SPEED DRAGON,0.047810850379126066
7,FALLON,0.07040016655843206
8,STAR MAC,0.11128756714296113
