,HorseName,Score
0,TELECOM FIGHTERS,0.06575598378480649
1,HAPPY TOGETHER,0.25088212927844866
2,LA CITY BLANCHE,0.09718097464670986
3,DANCING CODE,0.3029482375536898
4,NORDIC DRAGON,0.13095508089297517
5,RISING FROM ASHES,0.11331368520415064
6,MR ASCENDENCY,0.13455910609094918
