,HorseName,Score
0,ABSOLUTE SUNSHINE,0.2471304862266833
1,DARCI JOY,0.24518878145564202
2,SERANGOON,0.2471518493201592
3,AMAZING TEENS,0.2466666286143293
4,PEGASUS GENERAL,0.24705097235362158
5,SUPER BABY,0.24713378700884983
6,ROYAL PRIDE,0.2452926995078257
7,TO INFINITY,0.2471105893177494
8,RUNNING AHEAD,0.24262663022206016
9,KYRUS UNICORN,0.24716587442032695
10,V LOVE YOU,0.24543602672689174
11,AROMATICA,0.24716718253069253
