,HorseName,Score
0,BOWSER,0.48757891072779314
1,LO PAN SPIRIT,0.6398701850953327
2,SEA AIR LEGEND,0.06245466603256706
3,SUPER INFINITY,0.2738345958801215
4,HAROLD WIN,0.17636007035776516
5,THE AZURE,0.10749120934646798
6,GOLDEN TITLE,0.0470587976344939
7,IVICTORIAM,0.02397626181963152
8,FLYING ROMANTIC,0.044496996006528185
9,SUPER TAICHI,0.05910772581953932
10,GLUCK RACER,0.2226516754783684
11,GANGNAM STAR,0.2333030534171705
