,HorseName,Score
0,ELLIPTICAL,0.011450554898560962
1,AWESOME FLUKE,0.004928905823818385
2,SIMPLE HEDGE,0.09467609308677014
3,KA YING GENERATION,0.005242077321711112
4,ESCAPE ROUTE,0.00795594684035016
5,ENIGMA,0.004938106083191462
6,INTREPID WINNER,0.009582407103018047
7,HAKKA RADIANCE,0.004049607703614871
8,SWAN BAY,0.01698214682247643
9,BILLIONAIRE SECRET,0.002989628249031231
10,GALLANT HERO,0.009828180769370675
