,HorseName,Score
0,SKY SONG,0.3781204699144933
1,SPICY SPANGLE,0.5991393063746824
2,UNIVERSAL BLAZE,0.41525893171138867
3,COLOURFUL PRINCE,0.2389350478458115
4,OVERSUBSCRIBED,0.39223960879820124
5,SERGEANT PEPPER,0.23412055102866158
6,SUPER FAST DRAGON,0.12446178317504514
7,G ONE EXCELLENT,0.3180968100280237
8,LEAN MASTER,0.1435432217470049
9,PHILOS,0.13596014337543613
10,CIRCUIT SEVEN,0.07392094183532578
11,KING INVINCIBLE,0.05631176681983841
