,HorseName,Score
0,GALLANT WAKING,0.3650000442075113
1,TURIN MASCOT,0.2820832407367257
2,WINNING DRAGON,0.2414469329761499
3,ROMANTIC LAOS,0.5718410469102753
4,FASHION LEGEND,0.1684281122958478
5,LEAN HERO,0.4301970435517615
6,IVY LEAGUE,0.08860168664870696
7,SIMPLY MAVERICK,0.28122457201858
8,SOLID IMPACT,0.22027790040064854
9,THESIS,0.16793405429695574
10,MAJESTIC SPEED,0.1273486073095543
11,RED HARE KING,0.41005622739780745
