,HorseName,Score
0,HARMONY N BLESSED,0.33908433908844143
1,EASON,0.09919386908191538
2,SUGAR SUGAR,0.43992905281786804
3,A AMERIC TE SPECSO,0.2353273324327543
4,COLOURFUL EMPEROR,0.44021517386961584
5,GOLDEN EMPIRE,0.2581044900513179
6,HEALTHY HEALTHY,0.3532742056726745
7,LESLIE,0.12469526926161056
8,LIGHTNING BOLT,0.13571750118505221
9,SOLAR PARTNER,0.6374365050217489
10,WINGS OF WAR,0.34154951506725345
11,CHAIN OF GOLD,0.2657422376906457
