,HorseName,Score
0,PATCH OF THETA,0.9286397519318541
1,BEAUTY FIT,0.5616545433114615
2,HEALTHY HEALTHY,0.37200743707747996
3,FANTASTIC FUN,0.16916638775321793
4,HYPER DRAGON BALL,0.38435953888945884
5,SUNLIGHT POWER,0.31248596630730613
6,ACROSS DA UNIVERSE,0.07887898803759497
7,EIGHTEEN PALMS,0.4217316080364111
8,NORTHERN BEACHES,0.43235664980500566
9,WRITTEN CASA,0.16253188744323277
10,STELLAR SWIFT,0.06715072164129489
