,HorseName,Score
0,MR ASCENDENCY,0.5136037845506524
1,WONDER KIT,0.5735184106504523
2,SUPREME LUCKY,0.417055543924118
3,SPIRITED EXPRESS,0.29468814141404637
4,SUPERB BOY,0.5711879494116208
5,KEEFY,0.25159274512455826
