,HorseName,Score
0,KING MILES,0.34768706537931415
1,LEEDOX,0.057012605152279225
2,STORM LEGEND,0.2188913146968159
3,D STAR,0.39795748303804057
4,CONFRINGO,0.13645315213388956
5,MIU FA FA,0.06399935727060965
6,CURRAHEE,0.12746137271187646
7,IMPERIAL MAGEE,0.11760318991436038
8,YEE CHEONG RAIDER,0.01948635509916346
9,FAST AS ROCKET,0.04804645523270158
10,ALL RICHES,0.13139902422025013
11,FIGHT TIME,0.2088035427822299
12,YOUNG HORIZON,0.36704622504455947
13,SPEEDY CHARIOT,0.07567372416354139
