,HorseName,Score
0,NORDIC DRAGON,0.5259053091194053
1,CELESTIAL COLOURS,0.22537070185152605
2,RISING FROM ASHES,0.08123818827720328
3,MANRAY HONOUR,0.2973345711827486
4,ASTROLOGER,0.05091481134680445
5,GOLDEN EMPIRE,0.22238553644924647
6,AMAZING VICTORY,0.5519059035505812
7,ACE VICTORY,0.06823216781895454
8,SUPER JOY N FUN,0.6966280208658567
9,YOUNG ARROW,0.1981445292172365
10,CALIFORNIA DEEPLY,0.3238607095212039
11,LUCKY ARCHANGEL,0.1303071772030346
