,HorseName,Score
0,GOOD LUCK FRIEND,0.2671742015808312
1,DROMBEG BANNER,0.261057398442369
2,ATULLIBIGEAL,0.25880833801234016
3,KEEFY,0.2662034055431476
4,GUMMY GUMMY,0.2663818010839816
5,ALACRITY,0.2605709470583948
6,FIND MY LOVE,0.26603126653252124
7,YOUTHFUL DEAL,0.26615847239615037
8,SUPERB BOY,0.2636988817845972
9,BERLIN TANGO,0.2579268836496887
10,GLOBAL HARMONY,0.26672325577890327
11,SILVER KING,0.2642199093085802
