,HorseName,Score
0,SUPERB CAPITALIST,0.14918181537574682
1,HARMONY N BLESSED,0.21814906448307783
2,GRATEFUL HEART,0.23688021311888607
3,LIGHTNING BOLT,0.16432789232963443
4,CELESTIAL COLOURS,0.48909167865203107
5,O'LINER,0.3229368226573204
6,NEVER TOO SOON,0.2495399290822374
7,EXCELLENT PEERS,0.1876761684877726
8,ACT OF FAITH,0.23776237282327725
9,NICCONI COUNTY,0.2737613433763752
10,JUMBO FORTUNE,0.2023297638123628
11,ONE FOR ALL,0.33682721403385524
