,HorseName,Score
0,SIXTH GENERATION,0.4885192219247176
1,TRADITION,0.04682009808033552
2,COMET SPLENDIDO,0.29545147327826665
3,BEER PALACE,0.1344410306200352
4,SURE JOYFUL,0.4553941919878289
5,CAN'T GO WONG,0.35542364997674775
6,LINK,0.11056652468680811
7,SUPER WISE DRAGON,0.2627374139728249
8,THE KHAN,0.07484372109586745
9,ATOMIC BEAUTY,0.31897144897786545
10,INVINCIBLE MISSILE,0.026219555146249435
11,SUNNY BABY,0.2285681453863601
