,HorseName,Score
0,CALIFORNIA VOCE,0.0317071671371813
1,HAMERON,0.11391073864128824
2,SAMARKAND,0.12526574717677996
3,NOBLE PURSUIT,0.12696890146826176
4,IVY LEAGUE,0.03556720649406737
5,CHAIN OF GOLD,0.12672468472966814
6,SOLAR PARTNER,0.12562301289461042
7,EIGHTEEN PALMS,0.09790930336332722
8,GLORIOUS JOURNEY,0.030788119265862775
9,GREENWICH,0.0658345716747479
10,RED MAJESTY,0.04336377985607509
11,I CAN,0.0763367672981299
