,HorseName,Jockey,Score
1,YOUNG HORIZON,Z Purton,0.6898259529792594
7,CERVIN,C Y Ho,0.08056460929683343
3,SUPER ELITE,H Bowman,0.06896078963102796
