,HorseName,Score
0,FLYING DRAGON,0.1787930287066757
1,FORTUNE WARRIOR,0.11929966499291057
2,DIAMOND FLARE,0.04190799417386715
3,SOLID SHALAA,0.17497161928110042
4,TRIUMPHANT WARRIOR,0.4306177307158288
5,SPEEDY SMARTIE,0.0749076925621271
6,STRIVE FOR GLORY,0.10241514532627663
7,HIGH RISE POWER,0.017440163303277537
8,HINOKAMI KAGURA,0.10024031879347216
9,ACA POWER,0.2920519154042538
10,SPEEDY FORTUNE,0.21952360416778172
11,SMART FOLKS,0.10641349822165011
