,HorseName,Score
0,SUPER CHARIZZARD,0.1338414924756467
1,COLOURFUL PRINCE,0.525494043901123
2,PARENTS' LOVE,0.06586834675525034
3,FALCON COURT,0.030531113740557166
4,OVERSUBSCRIBED,0.5687704831492251
5,BEAUTY DESTINY,0.47240456250172086
6,KOWLOON EAST STAR,0.012603434419307832
7,SUPER FAST DRAGON,0.38836138455421193
8,SUPER AXIOM,0.33374286240167883
9,CIRCUIT SEVEN,0.4830769501908859
10,DIAMOND SOARS,0.34778536023935375
11,LEAN MASTER,0.29783384489279446
