,HorseName,Score
0,COLONEL,0.35331911588858567
1,HAPPY FEELING,0.10988321502419232
2,TACTICAL COMMAND,0.19704273301389902
3,CHEER FOR SOUTH,0.14392757238687867
4,COMMANDING MISSILE,0.1590438572565959
5,SONIC BOOM,0.04630610277022629
6,TIMESTORM,0.14445950160110677
7,WIND SPEEDER,0.12516667723740704
8,THE GOOD DEAL,0.24550672252762204
9,HO HO STAR,0.03469644539916819
10,SIX BEST FRIENDS,0.02474763561340071
11,CIRCUIT SPLENDOR,0.11545389391681724
