,HorseName,Score
0,TRUE LEGEND,0.26065692463760415
1,YELLOWFIN,0.2612959404782439
2,ADEFILL,0.2585625036342317
3,SO WE JOY,0.2502966884167128
4,PERFECT TEAM,0.24710363591614143
5,FIERY DIAMOND,0.26029156311652096
6,BEAUTYVERSE,0.2583152176690097
7,LESLIE,0.2568140661462281
8,SELF IMPROVEMENT,0.2543233522869684
9,MASSIVE ACTION,0.2596541561889684
10,AMAZING DUCK,0.24806610139140442
11,FRANTANCK,0.25864568195225907
12,NORDIC STAR,0.24441679579459966
