,HorseName,Score
0,E UNIVERSE,0.22686614363718896
1,DOUBLE BINGO,0.6345006366290253
2,SIGHT SUPREME,0.12457685643865232
3,PRIME MORTAR,0.23580887441893988
4,MISTER FOX,0.07737538509510906
5,FAIRY HORSE,0.07799457647410094
6,HERCULES,0.37144140244262897
7,LAPRAS,0.13936632683142705
8,SPICY GOLD,0.22808218837681257
9,SUPER EAGLE,0.480686962734435
10,HAPPY FEELING,0.14050444819600472
11,HARMONY N HOME,0.19231666570905803
