,HorseName,Score
0,UNPRESUMING,0.26693831220770353
1,AMAZING RUN,0.2625583709866529
2,ROUND THE EARTH,0.2666223328029677
3,SHOW RESPECT,0.2610250162068935
4,COMPASSION SPIRIT,0.26497305301366164
5,ONLY U,0.26316996568370893
6,CELTIC TIMES,0.265048307168282
7,TRAVEL GOLF,0.26145083544202874
8,ALL RICHES,0.2660113500496061
9,KINGLY DEMEANOR,0.26646165290023155
10,FRUITY WARRIOR,0.2632780150296361
11,WINNING GOLD,0.2521640525532381
12,SUNNY SHINES,0.26155367635150784
13,PODIUM,0.2545385549495069
