,HorseName,Score
3,SUPER INFINITY,0.8091839647456212
6,ALWAYS FLUKE,0.07170465290180236
0,EXUBERANT,0.04918251799813096
