,HorseName,Score
0,SCOTCH TYCOON,0.18287414810565208
1,HARMONY FIRE,0.3022007347611522
2,SERGEANT PEPPER,0.3061842776925454
3,LIFE IS GOOD,0.2334100090946214
4,SAVVY DELIGHT,0.21714811761026134
5,G ONE EXCELLENT,0.1588214612078642
6,BEAUTY DESTINY,0.2202031103638531
7,OVERSUBSCRIBED,0.2991513987230391
8,SUPER FAST DRAGON,0.1668892499537367
9,CIRCUIT SEVEN,0.21500025345129764
10,GALLANT GOODY,0.22169230986255306
11,LEAN MASTER,0.17609503508536076
