,HorseName,Score
0,SPLENDID STAR,0.1930065768363884
1,AMAZING BOY,0.36655701528369444
2,NINJA DERBY,0.01587578645727447
3,SUNNY SHINES,0.007675961561370052
4,GO GO GO,0.015744518348163
5,CIRCUIT ELITE,0.08295866979230503
6,LOYAL AMBITION,0.4317633131817145
7,PRECISION GOAL,0.10265923761015108
8,DIAMOND WINNER,0.116176334355497
9,FOXHUNTER WAY,0.06089614575861672
10,BROTHER PEARL,0.053667407452437664
11,SUPER HORNET,0.0019562496842172356
