,HorseName,Score
0,STAR CLUB,0.6320613705266768
1,PHOENIX LIGHT,0.25517342924350833
2,FORERUNNER,0.2604856575291418
3,GAMEPLAYER WARRIOR,0.2973948397536696
4,GIMME FIVE,0.4327050565861031
5,GLORY ELITE,0.18175291722483589
6,KING MILES,0.13840108127323134
7,LIFELINE EXPRESS,0.1981139765976333
8,MASSIVE TALENT,0.11616700703783767
9,PACKING PROSPECT,0.35662168474316036
10,VERBIER,0.021915893796960642
11,COMPASSION SUPER,0.062233327590750405
