,HorseName,Score
0,HELENE FEELING,0.7809216614158447
1,TOMODACHI KOKOROE,0.6239102939383924
2,OUTGATE,0.37597292420071204
3,ADEFILL,0.6290510815968297
4,CHILL CHIBI,0.7574770723376962
5,YELLOWFIN,0.6687499193744585
6,BERLIN TANGO,0.1383189756093722
7,TURIN MASCOT,0.5129519110070916
8,WOODFIRE BRO,0.6619696207473793
9,UNIVERSAL HORIZON,0.4812296094563779
