,HorseName,Score
0,RAGING BLIZZARD,0.9233389224840213
1,SUGAR SUGAR,0.7311638598653496
2,WATCH BUDDY,0.7554286369447508
3,VIVA GRACIOUSNESS,0.07972260705689026
4,SUPERSONIC,0.2730589418064241
5,MA COMET,0.13423405220200635
6,CAPTAIN WIN,0.6592692895825768
7,DENFIELD,0.460712182474695
8,KYRUS DRAGON,0.10795308568578468
