,HorseName,Score
0,MUST GO,0.166276503993188
1,STREET CONQUEROR,0.23428201807035753
2,CIRCUIT ELEVEN,0.16573240863670924
3,EVERYONE'S VICTORY,0.07597061084775039
4,IMPERIAL MAGEE,0.18329570508479867
5,HINOKAMI KAGURA,0.24612070867190397
6,REGENT GLORY,0.3161817391132186
7,SPEEDY SMARTIE,0.21768725642007442
8,STRIVE FOR GLORY,0.08351774443469591
9,JOYFUL LIFE,0.1543618688370366
10,SPANGLE FORTUNE,0.1583221690816996
11,HAPPY TANGO,0.12368447644504216
