,HorseName,Score
0,I KEEP WINNING,0.15865863784560472
1,NOT A FEW,0.09119139162039334
2,SHOW RESPECT,0.07655626518421858
3,STURDY RUBY,0.6335191044121266
4,JOY OF SPRING,0.15039485960733842
5,MR ALADDIN,0.2532715561311231
6,MAYHEM,0.11700310014866931
7,ATOMIC BEAUTY,0.2937682926094084
8,BRAVE WITNESS,0.1534881393181175
9,GOLD TACK,0.17776650778485087
10,THE CONCENTRATION,0.0948231010894519
11,KEEN UNITY,0.06865286916064715
