,HorseName,Score
0,VIVA HUNTER,0.2844973282490885
1,WINDICATOR FAMILY,0.03865164850782344
2,WOOD ON FIRE,0.1196628786707501
3,GALLANT CROWN,0.08928770428671333
4,FOREMOST TEDDY,0.019996661645887828
5,MR ALADDIN,0.16255351450293815
6,ATOMIC BEAUTY,0.20160594700788698
7,TO INFINITY,0.28797185296032846
8,WINNING SEVEN,0.04621834814295145
9,MACH TEN,0.24616730626320488
10,TURTLE AGAIN,0.35740702131561136
11,UNITED ENDEAVORS,0.20751963546582936
