,HorseName,Score
0,DRAGON PRIDE,0.24380131291155216
1,LITTLE FAIRY,0.24618262900502932
2,SUPERB MOVE,0.2504134862851797
3,CHARMANDER,0.2551870493262014
4,GO GO GO,0.24377711504169552
5,MULAN,0.24633578476478726
6,GET THE MONIES,0.24609131003175455
7,ARTHUR'S KINGDOM,0.2464064865606056
8,ANGELS HUNTER,0.24630821757798213
9,FAITHFUL TRINITY,0.24639251450273164
10,BROTHER PEARL,0.24611891340727113
11,SMART BEAUTY,0.24746255506451295
12,STAR OF GLORY,0.24636803504685537
