,HorseName,Score
0,COURIER WONDER,0.8036161324009379
1,HOWDEEPISYOURLOVE,0.9730635586127093
2,DUKE WAI,0.7816917006482703
3,WHIZZ KID,0.7283861424403799
4,ADIOS,0.8549417829378888
5,NERVOUS WITNESS,0.9057206950534057
6,PACKING TREADMILL,0.9816932658949926
7,INVINCIBLE SAGE,0.9748595199279295
8,FLYING ACE,0.987363352120544
9,BEAUTY CHARGE,0.9563463576313818
10,DROMBEG BANNER,0.9001909893354401
