,HorseName,Score
0,HAMERON,0.3356483650570612
1,PRIME MINISTER,0.24702567959840513
2,TURIN MASCOT,0.3845562703112783
3,LEAN HERO,0.31075008100634893
4,ROMANTIC LAOS,0.24093484754624456
5,MAJESTIC VICTORY,0.20951704130435425
6,ACCOLADE START,0.09973515258728854
7,ESCAPE ROUTE,0.15112732566925863
8,NICHOLSON RETURNS,0.5758201151458925
9,ALL BEAUTY,0.15194395266180122
10,FLAMINGO TRILLION,0.31719677991563744
11,NOBLE PURSUIT,0.34308541429089684
