,HorseName,Score
0,HAPPY GOLF,0.24794965943390906
1,TOGEPI,0.2464784619072173
2,LYRICAL MOTION,0.24995970299380518
3,HIGH RISE SOLDIER,0.24715097326652632
4,SERGEANT PEPPER,0.24714549712079747
5,TEAM HAPPY,0.24713053703036994
6,FLYING PHANTOM,0.24707137753383965
7,MISTER FOX,0.24662145680038403
8,HAPPY SOUL,0.24916652499378683
9,JOYFUL LIFE,0.2471744190828368
10,LUCKY PLANET,0.24686066045128557
11,HERO STAR,0.24633822538410005
