,HorseName,Score
0,COLOURFUL BARON,0.3929056231138775
1,SUNNY SHINES,0.0706015969852287
2,SUPERB DADDY,0.2667402250396278
3,LEATHER MASTER,0.008954942618731528
4,FASTPASS,0.0483885528719698
5,JOYFUL CHAMPION,0.273726506651876
6,ARTHUR'S KINGDOM,0.024597017763870778
7,GOLDEN FAIRY,0.07175414900021147
8,DIAMOND WINNER,0.15948738595151726
9,GREEN LASER,0.14004122221567966
