,HorseName,Score
0,CALIFORNIA CIBLE,0.35529112829431275
1,DRACO,0.10155589144477815
2,IVICTORIAM,0.035891503457370466
3,VICTORYTHIRTYTHREE,0.2134281585022348
4,SO TREASURE,0.06109533251011049
5,TALENTS SUPREMO,0.19946450173000538
6,VALHALLA,0.3823771586260759
7,MISTER FOX,0.09662692085047198
8,SHINKANSEN,0.18539209485246944
9,NEW POWER,0.27437890429139905
10,TRAVEL GOLF,0.21472256280717206
11,TATTENHAM,0.1319992349234199
