,HorseName,Score
0,KA YING POWER,0.09608131415403715
1,JOY COMING,0.20376105574861908
2,ERNEST FEELING,0.2854647756577722
3,TOP TOP TEA,0.12183660942070845
4,LYRICAL MOTION,0.3478234716414728
5,YODA'S CHOICE,0.635048878287586
6,COUNTRY DANCER,0.16731644132639742
7,CRYSTAL POWERFUL,0.07014514528917447
8,MULTIDARLING,0.16943282806421542
9,SHINKANSEN,0.055378570831019075
10,CHEER FOR SOUTH,0.07753866143417536
11,GALLANT GOODY,0.049761388145190565
