,HorseName,Score
0,BEAUTY INFINITY,0.24748470702113237
1,SCOTCH TYCOON,0.2468566521743548
2,JUMBO LEGEND,0.24893098085291396
3,EVERYONE'S VICTORY,0.24419842942223222
4,KING ECCELLENTE,0.24706355418075168
5,OUR LUCKY GLORY,0.24650055811740262
6,VANTASTIC CHOICE,0.2465644087334595
7,VULCANUS,0.24645971030997416
8,BONUS PAL,0.24517527523349364
9,YOUTH POWER,0.24651192211936135
10,DAN ATTACK,0.2464736134719076
11,SO AWESOME,0.24623624100720595
