,HorseName,Score
0,ACE TALENT,0.15457710496753457
1,HAPPY HORSE,0.13599612397210661
2,MR GOOD VIBES,0.16570114298219182
3,HAPPY TANGO,0.3840876770968893
4,MODEST GENTLEMAN,0.2400918547803709
5,SWEET DIAMOND,0.21509694837013615
6,SMART LEADER,0.09750573552363566
7,AUGUST MOON,0.13336900601535845
8,GOODMANSHIP,0.25331541507954475
9,GREAT DAYS,0.26930977559971964
10,DASHING GLORY,0.1564626702791748
11,DEVIL AND GOLD,0.08536771439369853
