,HorseName,Score
0,AMAZING TEENS,0.2820231034926302
1,COMET SPLENDIDO,0.07529999776261556
2,CAPITAL LEGEND,0.39462363762722885
3,DRAGON STAR,0.31376580008826804
4,SNOWALOT,0.4815374744212475
5,HARRY'S HERO,0.026489989154031116
6,TURIN WARRIOR,0.3540866751234079
7,KILINDINI,0.17547592164718462
8,CALIFORNIA ICON,0.11056985262308085
9,HAPPY FEELING,0.16581116058313447
10,PO ON WAY,0.21713572131779893
11,YEABOI,0.148370041539842
