,HorseName,Score
0,RUSSIAN EMPEROR,0.23155415686015
1,BEAUTY ETERNAL,0.8068144728298494
2,BEAUTY JOY,0.39353632202849304
3,SWORD POINT,0.19278777761342233
4,NIMBLE NIMBUS,0.6551596058004638
5,RED LION,0.23093948059926148
6,ENCOUNTERED,0.6170345551857457
7,HEALTHY HAPPY,0.21365534486205265
8,MONEY CATCHER,0.25021725910316794
9,TAJ DRAGON,0.19465188748630197
10,HAPPY TOGETHER,0.442155253114306
11,SUPER SUNNY SING,0.3450778193696825
12,THE BEST PEACH,0.42019960805581097
