,HorseName,Score
0,DARING PURSUIT,0.3336771966505647
1,KYEEMA,0.06236632051411692
2,BEAUTY GLORY,0.14437224011091943
3,HOLY POWER,0.21811248169642145
4,GREAT SPIRIT,0.45574102398426314
5,GOOD GOOD,0.1207701666678707
6,MIU FA FA,0.08417590841272593
7,PACKING BRILLIANT,0.06731500760114785
8,WINNING GOLD,0.429984921813047
9,TOP PEAK,0.295577643325505
10,SAVVY ELEGANCE,0.04829489551166029
11,TELECOM BULLET,0.09863799203908817
12,YOUNG HORIZON,0.46422299085646085
13,SMART FOLKS,0.07057103915232057
