,HorseName,Score
0,EASON,0.32992183901532796
1,JOYFUL HUNTER,0.20948460714070816
2,A AMERIC TE SPECSO,0.20607312434391442
3,SUGAR SUGAR,0.1572062013412242
4,VIVA GRACIOUSNESS,0.267264764506634
5,ACE ONE,0.18642109905680318
6,CHAIN OF GOLD,0.20987850160602867
7,DENFIELD,0.5747330987180397
8,CAPTAIN WIN,0.26915551921391667
9,ONE FOR ALL,0.2682445897020648
