,HorseName,Score
0,ASIAN ONE,0.3412026517608653
1,M M NEBULA,0.43018882702147665
2,RED MAVERICK,0.0059479727760803555
3,DRAGON DELIGHT,0.2656621991273695
4,SUN OF MAKFI,0.3607483787071873
5,BAEBAE TSOI,0.10736123849020296
6,CHARMING STEED,0.13932939122402818
7,GET THE MONIES,0.19973345265022593
8,CHIRON,0.13080500962788713
9,MILLENNIUM FALCON,0.10992075098659354
10,GREEN LASER,0.08048329641891111
