,HorseName,Score
0,DAILY TROPHY,0.20737865159039207
1,CIRCUIT BLAZING,0.03512744650103778
2,SMART LEADER,0.24625314605991522
3,SPANGLE FORTUNE,0.08233443478397094
4,HIGH RISE POWER,0.01884143676918483
5,DIAMOND SOARS,0.11315284322797674
6,SUPER JOY,0.1943493846896205
7,VULCANUS,0.02184111164231639
8,REGENCY HAPPY STAR,0.0807215447355855
