,HorseName,Score
0,CAMPIONE,0.16953711930049184
1,CAPITAL DELIGHT,0.35444853314210295
2,MAGNIAC,0.7580891598537567
3,FIERY DIAMOND,0.3541873055871948
4,ALL IS GOOD,0.33685341064130614
5,SMOKEY BEAR,0.2528477021900742
6,TORONADO PHANTOM,0.14958217819004305
7,GOOD BUDDY,0.3006798506376211
8,MARK THE MOMENT,0.3205750913661872
9,LADY'S CHOICE,0.25788830694229775
10,SPORTS LEGEND,0.06570211082751864
11,SAVVY CHIC,0.19549823654507534
