,HorseName,Score
0,PRECISE EXPRESS,0.12196328432402902
1,WONDER YEARS,0.3477566261827408
2,ROMANTIC FANTASY,0.2837096129150025
3,SERANGOON,0.11283823976434647
4,RUNNING AHEAD,0.10101671217708981
5,JUBILATION,0.6345443005620678
6,SHARPEN BRIGHT,0.3454734398834952
7,READY PLAYER ONE,0.06897712633861079
8,PALACE PAL,0.052289152930119015
9,HAPPY HERO,0.15686575036005293
