,HorseName,Score
0,CALIFORNIA SPANGLE,0.5415521805687413
1,TAJ DRAGON,0.18786963912280033
2,HEALTHY HAPPY,0.19535094080806834
3,FLYING ACE,0.5646726739243387
4,MUGEN,0.8381071770169873
5,PACKING TREADMILL,0.6181351189408439
6,TELECOM FIGHTERS,0.06041616457586977
