,HorseName,Score
0,PACKING HURRICANE,0.303041463059893
1,ILLUMINOUS,0.6026927099292065
2,STAR MAC,0.6743617960978503
3,HOLY LAKE,0.5750606691183738
4,EIGHTEEN CARAT,0.27340495964855965
5,SUNSTRIDER,0.13258413220551446
6,ORIENTAL SMOKE,0.08679169739826359
7,AFFORDABLE,0.07980596834164333
8,BILLIONAIRE SECRET,0.15284844021414712
9,KIMBERLEY,0.09150114290747259
