,HorseName,Score
0,LIGHTNING BOLT,0.269468146655579
1,NICCONI COUNTY,0.2690259003116015
2,GOLDEN EMPIRE,0.25872283962122
3,ACT OF FAITH,0.25359385630838466
4,PRINCE OF PORTY,0.2710223601065105
5,CONTI CONTI,0.2693195636103237
6,HOSS,0.26370533971408194
7,RIGHTEOUS ARION,0.27026810662565603
8,MEGA BONUS,0.26505963227544904
9,ORIENTAL SMOKE,0.2667568887895094
10,READY TO WIN,0.26285922163163794
