,HorseName,Score
0,SPORTS LEGEND,0.130618363901645
1,HOSS,0.02906412168363428
2,MASTER STROKE,0.14292679359938248
3,E UNIVERSE,0.29047727967902937
4,EASY SNIP,0.3423282104060443
5,SUPER CHARIZZARD,0.2294621096505846
6,THE KHAN,0.11373955014753179
7,GORGEOUS VITALITY,0.18237477778122305
8,YOUTH POWER,0.047811815027622113
9,DAN ATTACK,0.159033970811736
10,SUPER AXIOM,0.02775522930804445
11,MY INTELLIGENT,0.10758721612797476
