,HorseName,Score
0,BOWSER,0.4877974167827537
1,ERNEST FEELING,0.2916984661182982
2,AMAZING ACE,0.44283731976658436
3,HAROLD WIN,0.22093710192449523
4,SIGHT HERO,0.1765212356817173
5,CIRCUIT TEN,0.08581969549567309
6,SKYEY BLUE,0.2128255629235896
7,VALHALLA,0.5179462638321679
8,WOOD ON FIRE,0.14713472808227834
9,YODA'S CHOICE,0.1640207525710989
10,GOLDEN CHAMPION,0.048713187766363145
11,LUCKY PLANET,0.5565312728619918
