,HorseName,Score
0,THE GREAT MASTER,0.24616095924925727
1,FUN ELITE,0.2460726011244356
2,METRO WARRIOR,0.2462579401612597
3,PANDA,0.2469256617744363
4,BOWSER,0.24877955809504712
5,CHEERFUL WORLD,0.24621661567251435
6,DEEP PURSUIT,0.24634893084865386
7,PROSPEROUS SMILE,0.24307510565708518
8,CERVIN,0.24634884263214307
9,LUCKY SYMPHONY,0.24543934071349743
10,MARIO,0.24625313435857046
11,FANCY STAR,0.24592394399074013
12,HELLS BELLS,0.24618000570744386
13,PROSECCO,0.24425667394445705
