,HorseName,Score
0,MY INTELLIGENT,0.14046457660532805
1,SUPER ELITE,0.08751866595589214
2,BEAT HOLLOW,0.1515065548146191
3,DAILY TROPHY,0.30552035371943875
4,SPANGLE FORTUNE,0.020435468427536106
5,GENERAL ACE,0.08307558129777873
6,MAGIC TRAVELLER,0.09583288071292768
7,ALL IS READY,0.16424193840078455
8,FINGERS CROSSED,0.14119460738215528
9,FORTUNE MASTER,0.5383424403927674
10,PERFECT ROCK,0.0099445983663891
