,HorseName,Score
0,BEAUTY WAVES,0.8299874624510584
1,HEROIC MASTER,0.6671722177846428
2,HAPPY UNITED,0.5152928327935841
3,HARMONY FIRE,0.303497016367251
4,SUPER FORTUNE,0.34833616242626486
5,MAJESTIC EXPRESS,0.2812231795032795
6,YOUTHFUL SPIRITS,0.15165693955677695
