,HorseName,Jockey,Score
0,ENSUED,Z Purton,0.29175975359167045
1,AWESOME FLUKE,A Atzeni,0.13078118422618826
2,PACKING HURRICANE,E C W Wong,0.0894363134009745
3,SUPREME AGILITY,H Bowman,0.03450159776912071
4,WINNING DRAGON,B Avdulla,0.10380222588786506
5,UNIVERSAL HORIZON,C Y Ho,0.1576034638071043
6,EIGHTEEN CARAT,A Badel,0.10146645893846963
7,BRIGHT INHERITANCE,M Chadwick,0.07191280630089134
8,BEAUTY LIVE,Y L Chung,0.01873619607771582
