,HorseName,Score
0,COLOURFUL EMPEROR,0.5268325890053016
1,KAHOLO ANGEL,0.49341787504063495
2,SOLAR PARTNER,0.39991452506715297
3,ARMOUR EAGLE,0.49655270165199733
4,ACT OF FAITH,0.2579356304215709
5,CALIFORNIA TOUCH,0.28792198514895223
6,HAPPY TRIO,0.4847365475656607
7,LIGHTNING BOLT,0.217668044458636
8,FORTUNE WHISKEY,0.04047487408708447
9,FLOOF,0.07406709701409438
10,MY FLYING ANGEL,0.06619647984180649
