,HorseName,Score
0,STREET CONQUEROR,0.24702538671109123
1,SAVVY CHIC,0.24694817519288526
2,COPARTNER PRANCE,0.25300846802558724
3,GALE SAGA,0.24693710524090084
4,GREAT ACHIEVER,0.24458269975478644
5,MANYTHANKS FOREVER,0.24556553958038185
6,LAPRAS,0.24608822946481398
7,VALHALLA,0.24693444268235454
8,HAYDAY,0.24694631217354263
9,WINNING HEART,0.24675734603409707
10,SAME TO YOU,0.24704144974185943
11,BEAT HOLLOW,0.24618191070242731
