,HorseName,Score
0,HOLY POWER,0.15945291936060746
1,WAR OF COURAGE,0.13926757034197593
2,MUST GO,0.16282358492852603
3,TELECOM DRAGON,0.27061759894347154
4,AWESOME TREASURE,0.24672504913730775
5,GENEVA,0.5210302916722617
6,CALL ME GLORIOUS,0.2134470655353822
7,GALE SAGA,0.17837259808403114
8,LINK,0.1406733419068688
9,SUNNY DA BEST,0.5629470546793326
10,TOP PEAK,0.19036150532638615
11,HICKORY VICTORY,0.16836424806159606
12,SPICY GOLD,0.2614001141240477
13,URBAN TRIUMPH,0.214266732770239
