,HorseName,Score
0,TOP SCORER,0.36828052635253133
1,JOY OF SPRING,0.27985722225675314
2,BALLISTIC WIN,0.16265130143310563
3,CALIFORNIA ICON,0.22564587143410522
4,CRAZY TREASURE,0.22564587143410522
5,GLORIOUS EXPERT,0.22564587143410522
6,KING OBERON,0.16265130143310563
7,MASTER MASTERMIND,0.22564587143410522
8,SECOND TO NONE,0.16265130143310563
9,MR MAESTRO,0.12714754208564624
10,COMMANDING MISSILE,0.12711330496633022
11,JOY FOR YOU,0.07682084232428851
