,HorseName,Score
0,MA COMET,0.01730392749302523
1,FORTUNE WARRIOR,0.1267712635798173
2,CHARITY FOR ALL,0.22556436757925372
3,GRAND NOVA,0.36353257872903044
4,SERGEANT PEPPER,0.29516546573988595
5,FAIRY HORSE,0.029557944690181435
6,STRIVE FOR GLORY,0.2723848287823588
7,GREAT ACHIEVER,0.12699439112966718
8,LEAN MASTER,0.13015781887434416
9,CIRCUIT SEVEN,0.06019313442297703
10,GORGEOUS VITALITY,0.1793347702404954
11,PHILOS,0.01786254148137646
