,HorseName,Score
0,RATTAN WORLD,0.15865511501544555
1,WIND SPEEDER,0.082599351663608
2,COLONEL,0.28663779104672765
3,SONIC BOOM,0.04868268261511668
4,DAILY TROPHY,0.0597112103261979
5,NORDIC COMBINED,0.25695543419613787
6,YOUNG HORIZON,0.10605499119169262
7,GENERAL ACE,0.04123061553225373
8,H Z TOURBILLON,0.08817917451289328
9,VIVA A LA,0.10761228027835472
10,DEVIL AND GOLD,0.0020671278596588938
11,NOIR RIDER,0.021506419652599622
