,HorseName,Score
0,HOLY POWER,0.2469780014495964
1,WAR OF COURAGE,0.24602085782531777
2,MUST GO,0.2463803095206282
3,TELECOM DRAGON,0.2487458993996308
4,AWESOME TREASURE,0.24519851404303913
5,GENEVA,0.25188308876696225
6,CALL ME GLORIOUS,0.24640108847965736
7,GALE SAGA,0.2464329556638429
8,LINK,0.24578213319208825
9,SUNNY DA BEST,0.24963910124578226
10,TOP PEAK,0.2472289716740653
11,HICKORY VICTORY,0.24619598293469216
12,SPICY GOLD,0.24804610969040763
13,URBAN TRIUMPH,0.24649908396142944
