,HorseName,Score
0,STUNNING PEACH,0.22108865079888246
1,WINNING DRAGON,0.2785110785146984
2,ALACRITY,0.14243184284557298
3,SUPREME AGILITY,0.11612301989572328
4,FLAMINGO TRILLION,0.4949022290394414
5,UNIVERSAL HORIZON,0.6208796077144889
6,STAR MAC,0.5321221605680456
7,SAMARKAND,0.4385518064299486
8,BEAUTY LIVE,0.06922780355220363
9,FLAGSHIP WARRIOR,0.142472730769444
10,BRIGHT INHERITANCE,0.057477357323496535
11,NICHOLSON RETURNS,0.17516642382866665
12,ESCAPE ROUTE,0.2506050994429194
