,HorseName,Score
1,STEPS AHEAD,0.6690982728255743
3,FAMILY JEWEL,0.19553429232986577
13,YOUNG HORIZON,0.030676797401155247
