,HorseName,Score
0,KING ECCELLENTE,0.26973253882913917
1,ROMANTIC NOVELIST,0.0527376898048027
2,ERNEST FEELING,0.45501897392473434
3,HAPPY SOUL,0.3644704963302663
4,OUR LUCKY GLORY,0.26840161126334944
5,SUPER TAICHI,0.21372069734141308
6,GALE SAGA,0.06843936684114388
7,TALENTS SUPREMO,0.0874804074856435
8,COUNTRY DANCER,0.2898763661334095
9,SO AWESOME,0.2894362337428771
10,DIAMOND SOARS,0.04544805030181062
11,CHEER FOR SOUTH,0.14756076770774043
