,HorseName,Score
0,I KEEP WINNING,0.24651173451527933
1,NOT A FEW,0.2469265327504406
2,SHOW RESPECT,0.24688956955111319
3,STURDY RUBY,0.2537578569851525
4,JOY OF SPRING,0.24618533884435798
5,MR ALADDIN,0.24695596181226395
6,MAYHEM,0.24693480522739764
7,ATOMIC BEAUTY,0.2522723176270426
8,BRAVE WITNESS,0.24705338841235994
9,GOLD TACK,0.24479488845187125
10,THE CONCENTRATION,0.24555437286561682
11,KEEN UNITY,0.2443671488962091
