,HorseName,Score
0,PRIME MORTAR,0.10823920323508876
1,AURORA LADY,0.20714972053602662
2,MY DAY MY WAY,0.047130671239360586
3,BEAUTY DESTINY,0.06225744758455285
4,GLORY CLOUD,0.1052320680191935
5,NEW POWER,0.10522862002409956
6,SPICY GOLD,0.13009762988034984
7,MR VALIANT,0.035206783379119796
8,IVICTORIAM,0.01695363707389695
9,SHINKANSEN,0.07284205785015688
10,STRIVE FOR GLORY,0.07936631568433432
11,HERO STAR,0.030295845493820327
