,HorseName,Score
0,GALLANT VALOUR,0.31581735663322325
1,WIN WIN FIGHTER,0.290600335058923
2,PERFETTO,0.28424882401165813
3,TOP TOP TEA,0.10335036829711503
4,GALVANIC,0.6340092416180831
5,MASTER HERO,0.36513941644672726
6,SATIRICAL GLORY,0.19010755815180944
7,YOUNG VICTORY,0.04348967715023523
8,V LOVE YOU,0.062448314242602054
9,NOBLE WIN,0.033445672084243976
10,DUBLIN STAR,0.18082778736810415
11,AMAZING BOY,0.11737248866608622
