,HorseName,Score
0,WONDER KIT,0.20274267953903885
1,ASTROLOGER,0.18089332540553124
2,COPARTNER AMBITION,0.22931936726446164
3,MAGNIAC,0.15738749353414414
4,WINNING ICEY,0.22259886021545217
5,HARMONY N BLESSED,0.20753694445156837
6,BON'S A PEARLA,0.2713823079648772
7,PLEASANT ENDEAVOR,0.160105307639319
8,GRATEFUL HEART,0.17342385676712482
9,NEVER TOO SOON,0.14038877082909357
10,EXCELLENT PEERS,0.1823570355198547
11,BEAUTY GLORY,0.23802037326971592
