,HorseName,Score
1,REWARD SMILE,0.4652768289115249
11,PACKING HERMOD,0.32148024147791376
6,SUPER JOY N FUN,0.1036963070303501
