,HorseName,Score
0,LUCKY SWEYNESSE,0.7804387630515435
1,LUCKY WITH YOU,0.4091427882441296
2,HOWDEEPISYOURLOVE,0.5254745114745913
3,DUKE WAI,0.3209290723408714
4,FLYING ACE,0.6435938492205305
5,ADIOS,0.35115006696134826
6,WHIZZ KID,0.16726993160878315
7,INVINCIBLE SAGE,0.5500649752497978
8,PACKING TREADMILL,0.6488378088500997
9,NERVOUS WITNESS,0.23534034165730447
10,TOMODACHI KOKOROE,0.4843401244748377
