,HorseName,Score
0,TELECOM SPEED,0.21400007546978508
1,SCOTCH TYCOON,0.0803567009155578
2,EXUBERANT,0.32065933383808193
3,GLORY CLOUD,0.13642220572979294
4,MOLLY'S WITNESS,0.13857798405483618
5,BRAVO WARRIOR,0.011948077994394762
6,FALCON COURT,0.09644222389975186
7,SPEEDY CHARIOT,0.1265606306276632
8,TATTENHAM,0.20528128121268863
9,GOLDEN LINK,0.08323449105262291
10,HIGH PERCENTAGE,0.4356076438480654
11,HERO STAR,0.11419975586380111
