,HorseName,Score
0,MIDORI BEAUTY,0.053076840321910214
1,SUPER COMMANDER,0.30234766156424775
2,FUN ELITE,0.23402159054884838
3,RUBYLOT,0.7849886793928396
4,SUPER AXIOM,0.28307868316424256
5,VALIANT ELEGANCE,0.041769514082173
6,SKY TRUST,0.3144093078120015
7,GLORY B,0.1571839368813991
8,PANDA,0.1273970099261666
9,SAME TO YOU,0.15094904821523275
10,HAYDAY,0.05531209887740204
11,SPEEDY FORTUNE,0.38710179523506766
12,HO HO STAR,0.07499767183089383
13,JAZZ CLUB,0.04700733075669899
