,HorseName,Score
0,RED HARE KING,0.6971322082641173
1,GIDDY UP,0.3303144441560931
2,IVY LEAGUE,0.09815437344496407
3,SWEET BRIAR,0.8241625416549879
4,GLORIOUS JOURNEY,0.18624487551301985
5,ROMANTIC LAOS,0.2707834773490083
6,SILVER UP,0.6665069683973613
7,WAH MAY WAI WAI,0.26304718037829
8,RED MAJESTY,0.09833048898078535
9,ESCAPE ROUTE,0.32105971265017047
10,JUMBO LEGEND,0.3282037400992926
11,ORIENTAL TYCOON,0.09137703243382361
