,HorseName,Score
0,BEAUTY INFINITY,0.4903942361644479
1,OUR LUCKY GLORY,0.08457377868376713
2,TRAVEL GOLF,0.3264125236543954
3,YOUTH POWER,0.057499018080806576
4,RUNNING BOY,0.1643816706028524
5,SUPER JOY N FUN,0.11799983795343254
6,JOYFUL FRIENDSHIP,0.06977486514031425
7,BRAVE WITNESS,0.16122504741214214
8,DIVINE ERA,0.6074461506450478
9,NORTHERN BEAST,0.06282234690106042
10,PO ON WAY,0.1978358745859487
11,BEAU GOSSE,0.11970695311460186
