,HorseName,Score
0,NORTHERN BEAST,0.41568680269265085
1,MASTER OF LUCK,0.1802670222322444
2,AMAZING BOY,0.2364873267535783
3,DIAMOND DIAMOND,0.20570674389134228
4,FORTUNE PRESIDENT,0.21850380397021707
5,MEDIC ELITE,0.49536719058501794
6,YEABOI,0.10744465814129942
7,BIG TWO,0.2634588568341605
8,HAPPY HUNK,0.052810530817377445
9,SMART BEAUTY,0.5425493652912888
10,FOXHUNTER WAY,0.19066665786340292
11,HANG'S CHOICE,0.2742376184329086
