,HorseName,Score
0,KA YING RISING,0.44480990495693085
7,BEAUTY WAVES,0.1657520110904657
1,FLYING ACE,0.15391919355654238
