,HorseName,Score
0,HARMONY N BLESSED,0.1992717898448324
1,EASON,0.15897204667260176
2,SUGAR SUGAR,0.2556792320758706
3,A AMERIC TE SPECSO,0.15035812299122073
4,COLOURFUL EMPEROR,0.2790149383812131
5,GOLDEN EMPIRE,0.2566026243599039
6,HEALTHY HEALTHY,0.2611134994739122
7,LESLIE,0.13370504534533817
8,LIGHTNING BOLT,0.15576187422478047
9,SOLAR PARTNER,0.49248475783054085
10,WINGS OF WAR,0.2915669657843584
11,CHAIN OF GOLD,0.2658340396494792
