,HorseName,Score
0,BEAUTY JOY,0.3148606302575856
1,ENCOUNTERED,0.5946719986064957
2,TAJ DRAGON,0.1910770973331931
3,GALAXY PATCH,0.7556350414687346
4,THE GOLDEN SCENERY,0.3107258975505589
5,ATULLIBIGEAL,0.42127268645589433
6,CHANCHENG GLORY,0.6730185559018255
