,HorseName,Score
0,CHAMPION METHOD,0.804583677978165
1,ALWAYS FLUKE,0.9463176473896702
2,AMAZING RUN,0.09405430190666071
3,FAST AS ROCKET,0.3557466249823392
4,FULL CREDIT,0.6092644987923707
5,LIFELINE EXPRESS,0.9662563742894006
6,LUCKY TOUCH,0.8562176573922881
7,SILVER SPURS,0.682165510377983
8,VULCANUS,0.3839669568391837
9,LESS IS MORE,0.36889246721507263
10,TELECOM BULLET,0.03449038057768673
11,MARIO,0.22791020834378894
12,LUCKY PLANET,0.8697761323815515
13,GANGNAM STAR,0.6612887526553061
