,HorseName,Score
0,CELESTIAL COLOURS,0.3353267219718555
1,SUPERB CAPITALIST,0.30608711087864454
2,BEAUTY INFINITY,0.8333704831973715
3,NICCONI COUNTY,0.34719235184162095
4,HONG KONG HALL,0.4243217033912589
5,RUN RUN COOL,0.13476786570725494
6,GOLDEN TITLE,0.12594535114005706
7,HAPPY FAT CAT,0.2035114420652919
