,HorseName,Score
0,NICE BIRDIE,0.19584330157065363
1,CLASSIC ARCHI,0.24932962471493889
2,HORSE OF GOOD LUCK,0.07626199990857767
3,DRAGON PRIDE,0.21370763368681298
4,GO GO GO,0.1815231754094275
5,SMART BEAUTY,0.24017665983619987
6,SUPERB DADDY,0.26789562751331764
7,CIRCUIT ELITE,0.08137855242132463
8,FASTPASS,0.03660159074564664
9,DIAMOND WINNER,0.19644610444269042
10,LOYAL AMBITION,0.3812291906629281
11,SUPER HORNET,0.032109688502251335
