,HorseName,Score
0,STAR CLUB,0.43956987540711967
1,PHOENIX LIGHT,0.1397474294651829
2,FORERUNNER,0.08189291543592032
3,GAMEPLAYER WARRIOR,0.05156245350782409
4,GIMME FIVE,0.12012580691862354
5,GLORY ELITE,0.05213477135001062
6,KING MILES,0.035242129224528566
7,LIFELINE EXPRESS,0.13037062997442073
8,MASSIVE TALENT,0.07950267997265828
9,PACKING PROSPECT,0.1961873577785922
10,VERBIER,0.00945019158870714
11,COMPASSION SUPER,0.07170086063820007
