,HorseName,Score
0,D STAR,0.2664346203438662
1,GALVANIC,0.5470130990624981
2,U S S CONSTITUTION,0.11944743961243513
3,DRAGON STAR,0.36780911466996186
4,WIN WIN FIGHTER,0.30134503456124867
5,STRONGEST BOY,0.7447207489946001
6,ME TIME,0.09453387263487244
7,YOUNG VICTORY,0.19915342139693712
8,UP AND UP,0.03212356546114899
9,LITTLE FAIRY,0.14041915517063033
10,YEABOI,0.09277213684896743
11,COURIER MAGIC,0.010606828234730822
