,HorseName,Score
0,TRUE LEGEND,0.03017276316444695
1,YELLOWFIN,0.8201666587044232
2,ADEFILL,0.5079920219766617
3,SO WE JOY,0.2866125872885456
4,PERFECT TEAM,0.16487616025872268
5,FIERY DIAMOND,0.548647500121499
6,BEAUTYVERSE,0.19696177432962383
7,LESLIE,0.23273590971519154
8,SELF IMPROVEMENT,0.7161842220900607
9,MASSIVE ACTION,0.5188752072844524
10,AMAZING DUCK,0.19452541309597488
11,FRANTANCK,0.7574907019453958
12,NORDIC STAR,0.29813883005036124
