,HorseName,Score
0,IMA SINGLE MAN,0.18260945179200744
1,MOJAVE DESERT,0.2791395619688812
2,LADY'S CHOICE,0.4559196682549879
3,FULL CREDIT,0.6813673958554973
4,SUPER JOY N FUN,0.7666380015754709
5,MAGNIFICENT NINE,0.3188031327631205
6,WINNING DAY,0.18910490243319622
7,WRITTEN CASA,0.07590693140397885
8,CHAMPION INSTINCT,0.38686553697481624
9,LUCKY EIGHT,0.13460076310824298
10,CAPTAIN WIN,0.178394185416529
11,CONTI CONTI,0.12664743541923024
