,HorseName,Score
0,D STAR,0.27487380173132253
1,INVINCIBLE MISSILE,0.06371566152235528
2,SURE JOYFUL,0.5233556772951942
3,CORDYCEPS ONE,0.3408185716357631
4,TAKE ACTION,0.07454448397712059
5,CHEONG FAT,0.0875608085622466
6,STARSHIP EIGHTY,0.16011942896345804
7,STRONGEST BOY,0.5418492982669364
8,PO ON WAY,0.08492653667601086
9,CAN'T GO WONG,0.031836389430534365
10,RIGHT HONOURABLE,0.009075282491213012
11,UNITED ENDEAVORS,0.22521966806017465
