,HorseName,Score
0,ABSOLUTE SUNSHINE,0.04698644797063777
1,DARCI JOY,0.12090204802334176
2,SERANGOON,0.06956978153846628
3,AMAZING TEENS,0.15041068103083854
4,PEGASUS GENERAL,0.13293928538302618
5,SUPER BABY,0.06375641119300184
6,ROYAL PRIDE,0.028300452369461052
7,TO INFINITY,0.09336940129592178
8,RUNNING AHEAD,0.018477891000707024
9,KYRUS UNICORN,0.06823469577211852
10,V LOVE YOU,0.002602052634801724
11,AROMATICA,0.013600694670921702
