,HorseName,Score
0,SPORTS LEGEND,0.09693025412893501
1,HOSS,0.026976656733511184
2,MASTER STROKE,0.17494823426794479
3,E UNIVERSE,0.2389274755763529
4,EASY SNIP,0.35658954498367906
5,SUPER CHARIZZARD,0.2974026262639228
6,THE KHAN,0.1426244037461173
7,GORGEOUS VITALITY,0.09305477896728821
8,YOUTH POWER,0.03881307061071684
9,DAN ATTACK,0.18801194460888723
10,SUPER AXIOM,0.011196422835014708
11,MY INTELLIGENT,0.09488828593533785
