,HorseName,Score
0,HARMONY N HOME,0.11095680246347375
1,HERCULES,0.3489463359533253
2,COLONEL,0.41687914936766857
3,TIMESTORM,0.1188991927003084
4,WIND SPEEDER,0.17434865272395977
5,BAYVIEW STAR,0.06607673073102344
6,MODEST GENTLEMAN,0.22306154005913448
7,H Z TOURBILLON,0.13266779810818924
8,GET THE MONIES,0.18412769149662983
9,ISLAND SURPRISE,0.15822247116512508
10,DOUBLE SHOW,0.30848006080523843
11,NOIR RIDER,0.025850469989295983
