,HorseName,Score
0,PRECISE EXPRESS,0.19239432866630587
1,PEGASUS GENERAL,0.16714185000556409
2,OWNERS' PRAISE,0.19388504983445626
3,SERANGOON,0.27407409032188895
4,TAKE ACTION,0.20372844218925887
5,MR ALADDIN,0.23679166035627577
6,FOREVER GLORIOUS,0.1459612498700159
7,ROBOT FIGHTER,0.2155790949586907
8,CASA COSMO,0.19831108426158867
9,KYRUS UNICORN,0.22842196694344963
10,SUNNY BABY,0.21783452765038544
11,TURTLE AGAIN,0.17659858787659083
