,HorseName,Score
0,HAMERON,0.23915964752754335
1,PRIME MINISTER,0.2637888090204952
2,TURIN MASCOT,0.2580662549289558
3,LEAN HERO,0.2647175477009789
4,ROMANTIC LAOS,0.261897204742987
5,MAJESTIC VICTORY,0.23478600908599886
6,ACCOLADE START,0.23673703330617998
7,ESCAPE ROUTE,0.24916302892930187
8,NICHOLSON RETURNS,0.2661175499246907
9,ALL BEAUTY,0.26440348569825955
10,FLAMINGO TRILLION,0.2647609734354342
11,NOBLE PURSUIT,0.26307986291098534
