,HorseName,Score
0,SPEED SWORD,0.016579086749896593
1,FUN N GLORY,0.017822085014758845
2,MUST GO,0.3934301468495317
3,CIRCUIT TEN,0.0682713490832853
4,GENEVA,0.7864965985063725
5,IMPERIAL MAGEE,0.1307464637656731
6,DIVANO,0.09566077663619338
7,FAMILY FORTUNE,0.0802780141296465
8,MASSIVE TALENT,0.10685554660256295
9,SUPER BONUS,0.06516659851057935
10,HAPPY FOR ALL,0.300233202039308
11,STRATHBARRY,0.08329245946676822
12,ISLAND GOLDEN,0.37661975618626303
13,GO HERO,0.011069177790796844
