,HorseName,Score
0,I CAN,0.2597807069725615
1,FOOLISH HEART,0.07026407369464469
2,LUCKY GOLD,0.1675586805229329
3,SKY HEART,0.5070928943474
4,BALLISTIC WIN,0.13740458721882165
5,CIRCUIT BLAZING,0.1625476810532674
6,CHATER GOLD,0.35547475148166735
7,CALIFORNIATOTALITY,0.2962472803453808
8,GOLD TACK,0.3666739394424812
9,KING OBERON,0.11802116324583024
10,VANTASTIC CHOICE,0.1669227414476533
11,GO HERO,0.07655252989495062
12,HEARTY WISH,0.24758117659318538
13,KING OF THE COURT,0.19316248073174366
