,HorseName,Score
0,ABSOLUTE SUNSHINE,0.19928347231876647
1,DARCI JOY,0.25270852510204883
2,SERANGOON,0.19965649294947577
3,AMAZING TEENS,0.28219327833641705
4,PEGASUS GENERAL,0.2506099704717385
5,SUPER BABY,0.1416208446731381
6,ROYAL PRIDE,0.06397692053044045
7,TO INFINITY,0.17345861029324844
8,RUNNING AHEAD,0.04468883729160609
9,KYRUS UNICORN,0.12607538388110068
10,V LOVE YOU,0.008229079318417506
11,AROMATICA,0.04305022978827957
