,HorseName,Score
0,THE GOLDEN SCENERY,0.3847582241864751
1,FANTASTIC TREASURE,0.1496313703624123
2,FLAMING RABBIT,0.3193849161509451
3,KEEFY,0.2582317705146622
4,DANCING CODE,0.28903745296065714
5,BLUE MARLIN,0.5229332804850756
6,FIND MY LOVE,0.14652735408321618
7,LUCKY ENCOUNTER,0.30398299390861655
8,SUPREME LUCKY,0.13187381948843024
9,YOUNG CHAMPION,0.26864159333685617
10,I GIVE,0.3477380303867881
