,HorseName,Score
0,CHEER FOR SOUTH,0.14689113852858662
1,NOBLE ONE,0.15777854514511225
2,PODIUM,0.025431388761626893
3,SONIC BOOM,0.06041272521845421
4,WIND SPEEDER,0.085489504972293
5,YEABOI,0.1444944313949294
6,VIVA A LA,0.19472514117352813
7,TIMESTORM,0.2327208329053993
8,ISLAND SURPRISE,0.26390393353071084
9,AUGUST MOON,0.4637143499535595
10,CIRCUIT SPLENDOR,0.1899276642732404
11,EASY TWO,0.08403596356232292
