,HorseName,Score
0,SPANGLE FORTUNE,0.17779246814724733
1,MORE RICE,0.19024611517013623
2,HAPPY TANGO,0.35411631085459183
3,VALIANT ELEGANCE,0.10590016575788042
4,SMART LEADER,0.08090114814505482
5,PRESTIGE MOOCHI,0.07373323426332026
6,CASA LEGEND,0.20016028126219684
7,ALL IS READY,0.21258100998905474
8,EIGHT TRIGRAMS,0.2535203177588481
9,SUPER JOY,0.18638866025073877
10,CHIRON,0.2152768062432986
11,FORTUNE MASTER,0.09935822373015682
