,HorseName,Score
0,DUKE WAI,0.24647400531567945
1,ADIOS,0.24457043323404196
2,WHIZZ KID,0.2464211086429191
3,GALAXY PATCH,0.24462377247251518
4,INVINCIBLE SAGE,0.25357141234795344
5,KURPANY,0.2464928517924319
6,PING HAI GALAXY,0.24640419898898755
7,NERVOUS WITNESS,0.24421260983010265
8,WE ARE HERO,0.23728416928098908
9,CARROLL STREET,0.25460855992940745
10,SUPREME LUCKY,0.24382969434768667
11,EXPLOSIVE WITNESS,0.24645525894719383
