,HorseName,Score
0,LUCKY SWEYNESSE,0.8620490804426023
1,LUCKY WITH YOU,0.531681316278612
2,HOWDEEPISYOURLOVE,0.6800385927486627
3,DUKE WAI,0.37325813134533603
4,FLYING ACE,0.7588020102018231
5,ADIOS,0.47362506144686944
6,WHIZZ KID,0.21956518910295622
7,INVINCIBLE SAGE,0.6801770940347608
8,PACKING TREADMILL,0.7886450703448576
9,NERVOUS WITNESS,0.2841059642335926
10,TOMODACHI KOKOROE,0.5923538981037703
