,HorseName,Score
0,D STAR,0.16178987158787012
1,GALVANIC,0.30756637471603643
2,U S S CONSTITUTION,0.20721015232779783
3,DRAGON STAR,0.16428720565913868
4,WIN WIN FIGHTER,0.24813007605220572
5,STRONGEST BOY,0.5516407792562609
6,ME TIME,0.15117272491023834
7,YOUNG VICTORY,0.21349751527473032
8,UP AND UP,0.15120606456674224
9,LITTLE FAIRY,0.28194312273589733
10,YEABOI,0.20925793810633672
11,COURIER MAGIC,0.1405197393664498
