,HorseName,Score
0,FORTUNE WARRIOR,0.26641913176138077
1,FUN ELITE,0.2707334505901859
2,HARMONY FIRE,0.26618166724302256
3,SERGEANT PEPPER,0.27100994068269935
4,GLORIOUS EXPERT,0.26725086653790653
5,HICKORY VICTORY,0.27059890234635703
6,MOLLY'S WITNESS,0.27001104100898227
7,PARENTS' LOVE,0.24601603832267394
8,RUBY SAILING,0.2706128679308747
9,SAVVY DELIGHT,0.2694405283212525
10,SAME TO YOU,0.2326123626531436
11,KING INVINCIBLE,0.2386856269879185
