,HorseName,Score
0,JUMBO LEGEND,0.3537407000653213
1,SUPER HIGHWAY,0.2204160798493386
2,FUN N GLORY,0.07506503844454002
3,COPARTNER PRANCE,0.31797240338352784
4,CHATEAUNEUF,0.466023892165967
5,GREAT SPIRIT,0.38281055456758106
6,MASSIVE TALENT,0.14864345583679736
7,NEVER PETER OUT,0.25549080221058335
8,ROBOT KNIGHT,0.2099385630734263
9,COMPASSION SUPER,0.08332236475750822
10,SEA SAPPHIRE,0.1162883036499279
11,COMMANDING MISSILE,0.050866744559519644
