,HorseName,Score
0,WATCH BUDDY,0.37862602760151365
1,CELESTIAL COLOURS,0.41702050209331637
2,GOLDEN EMPIRE,0.5489939860361551
3,KAHOLO ANGEL,0.48854197329733096
4,CALIFORNIA DEEPLY,0.2682189748792125
5,GOLDEN TITLE,0.19114797835263989
6,GOOD LUCK WIN,0.17506616769148794
7,HAPPY TRIO,0.024105782416147113
8,GOLDEN LONG,0.3668609656053413
