,HorseName,Score
0,FLYING WROTE,0.26243392819517675
1,HAPPY SOUL,0.26408298972479
2,GALLANT VALOUR,0.7347225376824268
3,GET SET WIN,0.06120490156795927
4,CAMINO,0.07945776000115304
5,SO TREASURE,0.07024076626016425
6,RAGNARR,0.0706749637547228
7,SUPER HIGHWAY,0.4167153651924342
8,STERLING WONGCHOY,0.10439061608861415
9,TRAVEL GOLF,0.2082843911656826
10,HERO STAR,0.20118667834511075
11,SPICY SO SMART,0.04874386782820029
