,HorseName,Score
0,YELLOWFIN,0.6125889897781779
1,ARMOUR EAGLE,0.15930050417211597
2,VICTORY MOMENTS,0.30585770016362496
3,SMOKEY BEAR,0.6406053412782287
4,FIERY DIAMOND,0.2645150327651339
5,FAST BUCK,0.31444733969313965
6,GOOD BUDDY,0.406503496529704
7,SELF IMPROVEMENT,0.30572763619012644
8,SKY FOREVER,0.11241269425200631
9,JOLLY RULER,0.06607003622508689
10,SING DRAGON,0.17183875376311308
11,MONTA FRUTTA,0.06567664983883757
