,HorseName,Score
0,RAGING BLIZZARD,0.2663863833380716
1,SUGAR SUGAR,0.24735604149511864
2,WATCH BUDDY,0.2504961761496766
3,VIVA GRACIOUSNESS,0.2469343742199505
4,SUPERSONIC,0.24698494486188863
5,MA COMET,0.24685544379425994
6,CAPTAIN WIN,0.24704836123805485
7,DENFIELD,0.24574058179625863
8,KYRUS DRAGON,0.2447395694270855
