,HorseName,Score
0,CHIU CHOW BROTHER,0.24651096867823166
1,MY INTELLIGENT,0.24649779010987485
2,FIRE BALL,0.24646595757073145
3,MODEST GENTLEMAN,0.24535631870459962
4,HERO ICON,0.24481519220792583
5,TACTICAL COMMAND,0.24650235973317294
6,DOUBLE SHOW,0.24532542541425237
7,PRECISION GOAL,0.2434029900917368
8,MILLENNIUM FALCON,0.2464392479036979
9,EASY TWO,0.2459879628725042
10,FORTUNE MASTER,0.24684250929459392
11,NOIR RIDER,0.24537723071858988
