,HorseName,Score
0,ALL FOR ST PAUL'S,0.3108333503070958
1,FLAMING RABBIT,0.33347969955895534
2,RUNNING GLORY,0.09627543214215728
3,LA CITY BLANCHE,0.34546134296885556
4,THE BEST PEACH,0.6384948672082805
5,CHILL CHIBI,0.7707354036009088
6,C P BRAVE,0.169385264150985
7,NATURAL STORM,0.3322298779961481
8,SWEET ENCOUNTER,0.7221150523295755
9,ALACRITY,0.19785564389711247
10,PACKING HURRICANE,0.27458444325785936
11,SPEED DRAGON,0.253439517350292
12,TURIN MASCOT,0.15973785606961569
