,HorseName,Score
0,GOKO WIN,0.05497978778391156
1,KA YING RISING,0.3824389627238482
2,CAMPIONE,0.013903504336510707
3,TORONADO PHANTOM,0.07320451700387776
4,PRAWNS ELEVEN,0.057338392039611205
5,SOLID IMPACT,0.04593148134203331
6,PARTERRE,0.017887429538633395
7,MY FLYING ANGEL,0.0042897726168099354
8,ROBOT MASTER,0.0006021710375530264
9,CALL ME GLORIOUS,0.13561239571491146
10,ACE ONE,0.018939482606475058
