,HorseName,Score
0,PARTERRE,0.14284512964175308
1,EASY SNIP,0.2698929445090613
2,PATCH OF THETA,0.23663882232347191
3,FUNG,0.06472270357782796
4,MARIO,0.20327342654029398
5,MASTER MASTERMIND,0.5004232722604975
6,PACKING WISHER,0.1599081721392105
7,SUPER GLORY,0.1012342291129871
8,GOLDEN LINK,0.11198654584516288
9,SPICY GOLD,0.21349147669201204
10,PATCH OF WATCH,0.13384519926721747
11,SIGHT VICTORY,0.17174652242495858
12,URBAN TRIUMPH,0.07684246303322993
13,JAZZ CLUB,0.07448873867684204
