,HorseName,Score
0,ROMANTIC FANTASY,0.045048595103011305
1,PEGASUS GENERAL,0.0642057814247923
2,PRECISE EXPRESS,0.004374631043571315
3,REACH GOAL,0.005609630412979709
4,SHARPEN BRIGHT,0.015438935244315197
5,WINNING STEPS,0.0026163847260983744
6,LITTLE FAIRY,0.0011875041163974512
7,PALACE PAL,0.014918184590484485
8,RUNNING AHEAD,0.0004672833370802045
9,JUBILATION,0.0157329936651836
10,SUNNY BABY,0.008623189797693269
11,FLYING SILVER,0.0038983324607615084
