,HorseName,Score
0,CAMPIONE,0.23040272284125657
1,HASTEN DELIGHT,0.3693481919297595
2,EIGHTY LIGHT YEARS,0.6325892528570375
3,NORTHERN BEACHES,0.3808291989626931
4,FASHION LEGEND,0.10036824962177257
5,PINS PRINCE,0.31296663914521033
6,ACE ONE,0.09649027335431153
7,APOLAR FIGHTER,0.06148253369115495
8,KYEEMA,0.07152545840427818
9,SOLID IMPACT,0.260157572670744
10,SIXTH GENERATION,0.269785992665831
11,LOST CHILD,0.12903387516449066
