,HorseName,Jockey,Score
4,LO PAN SPIRIT,H Bentley,0.2459709774715356
0,TOP GUN,Z Purton,0.18526124185256126
6,FUN TOGETHER,C L Chau,0.12268520264529005
