,HorseName,Score
0,AWESOME FLUKE,0.08785840805314225
1,PACKING HURRICANE,0.0789426082108017
2,UNIVERSAL HORIZON,0.17940992904690056
3,ILLUMINOUS,0.24140300312981308
4,EIGHTEEN CARAT,0.06895489321750271
5,FALLON,0.09699824550141428
6,BRIGHT INHERITANCE,0.10049299767128116
7,TURIN STARSPANGLED,0.06171098406937482
8,FLAGSHIP WARRIOR,0.04623086616643588
9,BEAUTY LIVE,0.02325844879992415
10,TRUE GENIUS,0.01473961613340942
