,HorseName,Score
0,THE BEST PEACH,0.38193337993181153
1,MOMENTS IN TIME,0.21841183127664965
2,WOODFIRE BRO,0.21339646264438172
3,SIMPLE HEDGE,0.4260164922933215
4,LOOKING GREAT,0.12375278121034376
5,PACKING HURRICANE,0.2713389118746865
6,SIMPLY MAVERICK,0.16130652470928114
7,DEVILDOM,0.17827344335961678
8,ENIGMA,0.23546113954606723
9,HAKKA RADIANCE,0.1834030061979954
10,GALLANT HERO,0.23300185267970394
