,HorseName,Score
0,STAR CLUB,0.4826620943351298
1,PHOENIX LIGHT,0.1550976533617061
2,FORERUNNER,0.17472371807534423
3,GAMEPLAYER WARRIOR,0.22416925242366464
4,GIMME FIVE,0.36773930516143527
5,GLORY ELITE,0.21903404151822395
6,KING MILES,0.11165860123180327
7,LIFELINE EXPRESS,0.15198441172659496
8,MASSIVE TALENT,0.13940853936175102
9,PACKING PROSPECT,0.2052286135073201
10,VERBIER,0.005249504781861746
11,COMPASSION SUPER,0.07425870369288265
