,HorseName,Score
0,IMA SINGLE MAN,0.16869021890164615
1,YOUNG ACHIEVER,0.36067842985145687
2,PRAWNS ELEVEN,0.3425364510782881
3,SOLID IMPACT,0.1872257641065186
4,BETTER LINK,0.09739302987281231
5,LADY'S CHOICE,0.41941587302604566
6,CALL ME GLORIOUS,0.6429594220132633
7,SEA AIR LEGEND,0.040529959243884014
8,PINS PRINCE,0.21263727569456115
9,APOLAR FIGHTER,0.029981299984311174
10,PARTERRE,0.1489406325651157
11,SUNNY DARLING,0.08508256946434924
