,HorseName,Score
0,JAMES TAK,0.5786854879642213
1,YOU'REMYEVERYTHING,0.06260184088112349
2,GIMME FIVE,0.07439309693338798
3,GOLDEN ONE,0.10435963604602522
4,LUCKY CHARM,0.0822264827106676
5,SILVER DESTINY,0.054453178172524055
6,SKY TRUST,0.03978213917063484
7,LUCKY FIONN,0.06506535102358234
8,REGENT GLORY,0.2887209030420536
9,NEW POWER,0.029265771315498932
10,SPEEDY FORTUNE,0.6611209366002139
11,NISHIKADO,0.0021118852523290283
