,HorseName,Score
0,SKY SONG,0.010260602506027281
1,SPICY SPANGLE,0.02629186801096248
2,UNIVERSAL BLAZE,0.014144707631614005
3,COLOURFUL PRINCE,0.06599470276497525
4,OVERSUBSCRIBED,0.09127937561008427
5,SERGEANT PEPPER,0.03804654085727533
6,SUPER FAST DRAGON,0.04024298323675719
7,G ONE EXCELLENT,0.04907828529203787
8,LEAN MASTER,0.016573406997497223
9,PHILOS,0.006158694439510125
10,CIRCUIT SEVEN,0.012719719286583107
11,KING INVINCIBLE,0.004757482044093876
