,HorseName,Score
0,SEASONS WIT,0.289172526501982
1,PING HAI GALAXY,0.2335499334391516
2,BUNDLE OF CHARM,0.4304488086838464
3,GUMMY GUMMY,0.7622912536954276
4,XPONENTIAL,0.49541902214788636
5,WONDER KIT,0.43222012843816127
6,MAGNIAC,0.4722619858020261
7,WINNING ICEY,0.7225347623183299
