,HorseName,Score
0,CHIU CHOW BROTHER,0.5560901706225395
1,MY INTELLIGENT,0.5822310071518529
2,FIRE BALL,0.027839450491272608
3,MODEST GENTLEMAN,0.6230275251374959
4,HERO ICON,0.33359033111122266
5,TACTICAL COMMAND,0.4124843241342075
6,DOUBLE SHOW,0.4491756930775382
7,PRECISION GOAL,0.1178598537403844
8,MILLENNIUM FALCON,0.3081293811210063
9,EASY TWO,0.13781089246195996
10,FORTUNE MASTER,0.46036675657435655
11,NOIR RIDER,0.031605492300612194
