,HorseName,Score
0,HOLY POWER,0.5177875554588647
1,WAR OF COURAGE,0.3017243211890295
2,MUST GO,0.15633039415238845
3,TELECOM DRAGON,0.5816704209493017
4,AWESOME TREASURE,0.16727176944557326
5,GENEVA,0.7453485693771613
6,CALL ME GLORIOUS,0.1738477040056129
7,GALE SAGA,0.12707618667636084
8,LINK,0.0996651867822496
9,SUNNY DA BEST,0.3327663803879479
10,TOP PEAK,0.5692248369288052
11,HICKORY VICTORY,0.05830352365330857
12,SPICY GOLD,0.5821332895432239
13,URBAN TRIUMPH,0.0510293215713383
