,HorseName,Score
0,DARCI JOY,0.001959260147453795
1,NICHOLSON RETURNS,0.015598124249592142
2,WONDER YEARS,0.01353671273961687
3,ROMANTIC FANTASY,0.0015223345106509265
4,SUPER HONG KONG,0.001414117056574785
5,SPECIAL HEDGE,0.001002263103982594
6,WINNING STEPS,0.002673497627924691
7,JUBILATION,0.011290866964464309
8,SHARPEN BRIGHT,0.0007697901537022079
9,LITTLE FAIRY,0.002191417946169174
