,HorseName,Score
0,GALLANT WAKING,0.38146899238484727
1,WINNING DRAGON,0.11815903228195516
2,ROCKET SPADE,0.2695098821688919
3,QUANTUM PATCH,0.27588882432435524
4,STAR CONTACT,0.1758114908804415
5,LUCKY EIGHT,0.10559537776727691
6,RED HARE KING,0.2934948564540199
7,ALL BEAUTY,0.09880081541092826
8,CHARITY BINGO,0.07768334515066794
