,HorseName,Score
0,CAPITAL DELIGHT,0.12055030688262819
1,MAGNIAC,0.12584163132652668
2,PACKING BOLE,0.17444237634457746
3,SELF IMPROVEMENT,0.11489823012533026
4,TALENTS AMBITION,0.017614272168201862
5,SUPER WIN DRAGON,0.16350534760063484
6,VIVA CHALEUR,0.020969978371728135
7,GOR MO TUEN,0.016953893915817628
8,I AM THE BOSS,0.012823346958180834
9,MAJESTIC COLOUR,0.04601239057607482
10,NATURAL HIGH,0.03097432720061211
11,UNPRESUMING,0.15541389852968726
