,HorseName,Score
0,JOLLY COMPANION,0.006444302025546006
1,MAGIC SUPREME,0.005793497639163319
2,TOP TOP TEA,0.004863023633612647
3,JUDY'S GREAT,0.011498397456426423
4,SOLID SHALAA,0.0025640993367005496
5,DIAMOND FLARE,0.003412427593833897
6,MAYHEM,0.0018941902170539404
7,SPEEDY SMARTIE,0.003209196200875294
8,JOYFUL LIFE,0.0014594243486478987
9,NISHIKADO,0.0008952324526487939
10,VALIANT ELEGANCE,0.0005075509121036521
11,STRIVE FOR GLORY,0.004592380799501093
