,HorseName,Score
0,BEAUTY INFINITY,0.775865303823031
1,SCOTCH TYCOON,0.14167620601150513
2,JUMBO LEGEND,0.7404749024520794
3,EVERYONE'S VICTORY,0.0027277879405537496
4,KING ECCELLENTE,0.39396606904395415
5,OUR LUCKY GLORY,0.09058644299058341
6,VANTASTIC CHOICE,0.2486991723344299
7,VULCANUS,0.22432251571626163
8,BONUS PAL,0.06887102569310052
9,YOUTH POWER,0.05684840730257123
10,DAN ATTACK,0.07668123316052257
11,SO AWESOME,0.102282440837429
