,HorseName,Score
11,HO HO STAR,0.3681819431201663
7,THE KHAN,0.17697190000842708
5,DRAGON DELIGHT,0.16120260100271525
