,HorseName,Score
0,CAMPIONE,0.24488579726038195
1,HASTEN DELIGHT,0.24624864704106258
2,EIGHTY LIGHT YEARS,0.25089185878472703
3,NORTHERN BEACHES,0.24823197359077864
4,FASHION LEGEND,0.24625760341602976
5,PINS PRINCE,0.24838555034375076
6,ACE ONE,0.24621881413972113
7,APOLAR FIGHTER,0.24516088193088342
8,KYEEMA,0.24404475044755428
9,SOLID IMPACT,0.24535409205872857
10,SIXTH GENERATION,0.24535740058361463
11,LOST CHILD,0.24633462145434493
