,HorseName,Score
0,DREAM PURSUER,0.13793485760861296
1,HAPPY FAT CAT,0.2909055923627219
2,PARTY WARRIOR,0.120497627709254
3,GORGEOUS VITALITY,0.14604906722551694
4,MISTER FOX,0.06019504923270735
5,SAVVY ELEGANCE,0.17896014399236593
6,HERO WARRIOR,0.13703425311343828
7,SEE U AGAIN,0.20333841752420387
8,SUPER AXIOM,0.2983617395138677
9,TATTENHAM,0.22074540164144285
10,SUPER EAGLE,0.615664202996479
11,DAN ATTACK,0.10040540712705304
