,HorseName,Score
0,ATOMIC FORCE,0.20889477183440228
1,LUCKY ARCHANGEL,0.16048804027017546
2,A AMERIC TE SPECSO,0.4418113626110529
3,COLOURFUL EMPEROR,0.29017642083182676
4,KYEEMA,0.11877309454785052
5,HAPPY TRIO,0.4747688906095511
6,STAR LINE,0.09532703493820242
7,DENFIELD,0.35549281999780047
8,JUMBO FORTUNE,0.0758760013537632
9,KYRUS DRAGON,0.10205150843920796
10,TOGEPI,0.23897631199160976
