,HorseName,Score
0,D STAR,0.34110874570771427
1,EXCEL WONGCHOY,0.07113279198683149
2,VOLCANIC SPARK,0.40290194988643624
3,NOT A FEW,0.07099980176048154
4,CORDYCEPS ONE,0.26021575675235026
5,SETANTA,0.16802573777413984
6,ABSOLUTE SUNSHINE,0.023682169314523764
7,RUNNING BOY,0.11811767313675213
8,BRAVE WITNESS,0.14324494822366327
9,FRUITY WARRIOR,0.0697518317329624
10,DRAGON PRIDE,0.07833285994297245
11,CHEONG FAT,0.0737096020101074
