,HorseName,Score
7,GENEVA,0.6715272419612722
0,FIRST LOVE,0.11719988012653412
5,MASTER MASTERMIND,0.06107517964390569
