,HorseName,Score
0,TELECOM FIGHTERS,0.4749503803985761
1,MR ASCENDENCY,0.7327040472267916
2,MOMENTS IN TIME,0.6953238053396781
3,KEEFY,0.3357017306584904
4,GALAXY WITNESS,0.7124646692657227
5,RISING FROM ASHES,0.5506528149844222
6,FIND MY LOVE,0.5087279714253808
7,OUTGATE,0.6252341980807206
