,HorseName,Score
0,FAST BUCK,0.23532584869901849
1,COLOURFUL PRINCE,0.5029490849632844
2,DIAMOND FLARE,0.2233398058542602
3,LIFE IS GOOD,0.18039920946448076
4,TRIUMPHANT WARRIOR,0.2206192143276781
5,SPEEDY SMARTIE,0.520203663330411
6,STRIVE FOR GLORY,0.4219255509461105
7,HINOKAMI KAGURA,0.021996332210132974
8,COOL BLUE,0.12067087718835835
9,AFFIRM,0.5344653608124886
10,MIRACLES,0.47929376631534487
11,BEAT HOLLOW,0.5186990266712614
