,HorseName,Score
0,NERVOUS WITNESS,0.2852097907722411
1,WHIZZ KID,0.18518620204043845
2,DUKE WAI,0.4440620537945122
3,TOMODACHI KOKOROE,0.27877315539168707
4,GUMMY GUMMY,0.4777334051295097
5,CARROLL STREET,0.4661194017252337
6,COPARTNER PRANCE,0.740959070681456
7,REWARD SMILE,0.3648649860696556
8,GORGEOUS WIN,0.7217705912144695
