,HorseName,Score
0,YOU'REMYEVERYTHING,0.1608664895925631
1,EASY SNIP,0.35665588635860734
2,LYRICAL MOTION,0.38982954018299437
3,DIAMOND FLARE,0.3001847159578092
4,CLEAR COURAGE,0.23681444492774475
5,GOLDEN LINK,0.24360551458953913
6,SWEET SMILE,0.25162579266334273
7,MISTER FOX,0.09491410041795942
8,SHINKANSEN,0.14585762259725082
9,BEAUTY DESTINY,0.4648509753235516
10,TATTENHAM,0.13792302094386388
11,MAXIMIZE HEART,0.1863372764315887
