,HorseName,Score
0,RIGHTEOUS ARION,0.4723458832532802
1,TELECOM SPEED,0.2561105358676689
2,ERNEST FEELING,0.3599955647033948
3,SAVVY CHIC,0.11721252629547652
4,VICTORYTHIRTYTHREE,0.12303206508915535
5,SEA SAPPHIRE,0.1906541416312259
6,DEEP PURSUIT,0.12029800548468482
7,PARTY WARRIOR,0.08516922224533557
8,ROARING BEBE,0.2754087520142649
9,SUPER TEN,0.02062061841133365
10,MASSIVE TALENT,0.13676163474733197
11,FALCON COURT,0.06804194851976476
