,HorseName,Score
0,EXPLOSIVE WITNESS,0.0628432079536558
1,GREAT STATE,0.019481933257377966
2,HEROIC MASTER,0.2402940001199857
3,KA YING SPIRIT,0.08566504829006413
4,HAPPY UNITED,0.21542590152062066
5,CALIFORNIA DEEPLY,0.10424512765131032
6,SUMMIT CHEERS,0.06742634505760249
7,FORTUNE WHISKEY,0.012321781496801167
8,ATOMIC ENERGY,0.1589923162916734
9,MA COMET,0.019506750640348985
10,ROMANTIC NOVELIST,0.02373192548957894
11,HOSS,0.0035229243253171896
