,HorseName,Score
0,SPANGLE FORTUNE,0.0508851339507223
1,MORE RICE,0.02704624081118375
2,HAPPY TANGO,0.3232326229314379
3,VALIANT ELEGANCE,0.03152950067718329
4,SMART LEADER,0.053597579934405566
5,PRESTIGE MOOCHI,0.018863741709009816
6,CASA LEGEND,0.14318608908786506
7,ALL IS READY,0.11105281705612838
8,EIGHT TRIGRAMS,0.03941081666935961
9,SUPER JOY,0.10791694722043955
10,CHIRON,0.10385537065042649
11,FORTUNE MASTER,0.08341523551585349
