,HorseName,Score
0,SUGAR SUGAR,0.49621649405036233
1,YOUTHFUL SPIRITS,0.6397911516113031
2,ALPHA ONE,0.18697104222507321
3,ATOMIC FORCE,0.20578284863969404
4,RED ELEGANCE,0.3685045332024345
5,KA YING CHEER,0.8004537620425187
6,MOTOMAN,0.23160205590881228
7,DO YOUR PART,0.19581464486455485
8,RICH HORSE,0.06730991345889922
