,HorseName,Score
0,RUN RUN TIMING,0.1377095250779043
1,STELLAR SWIFT,0.026226190830170422
2,BULB EMPEROR,0.01881049703367908
3,FUN N FUN TOGETHER,0.22281697504560374
4,STORMING DRAGON,0.3445464067251086
5,PEARL OF PANG'S,0.04319764828523848
6,SUGAR BALL,0.0740381618422796
7,GOOD LUCK WIN,0.012168098418925228
8,GET SET WIN,0.062189574562846586
9,CIRCUIT MAXIMUS,0.025716576312192378
10,WINNING TURN,0.03258034586605161
