,HorseName,Score
0,MOMENTS IN TIME,0.3957466139690112
1,SWORD POINT,0.16239858624554224
2,MONEY CATCHER,0.1934692251782857
3,CHANCHENG GLORY,0.8337501186647106
4,TELECOM FIGHTERS,0.06489085266908881
5,THE GOLDEN SCENERY,0.306270419699374
6,ATULLIBIGEAL,0.3994697930553549
7,ALL FOR ST PAUL'S,0.23170454320167636
8,C P BRAVE,0.22182722119172135
9,THE BEST PEACH,0.33777734127356307
