,HorseName,Score
0,WIND SPEEDER,0.23091736166244842
1,GOOD VIEW GLORY,0.12980194525265953
2,SUPER ELITE,0.1687366610127419
3,GENERAL ACE,0.07672691822313393
4,DOUBLE SHOW,0.2230670476492571
5,AUGUST MOON,0.1845642098643332
6,HAPPILY FRIENDS,0.016295468585685976
7,VIVA A LA,0.18291157979288336
8,EASY TWO,0.11853406406720887
9,CIRCUIT SPLENDOR,0.3708746713899364
10,DEVIL AND GOLD,0.05716040038585406
11,NOIR RIDER,0.022652507699525513
