,HorseName,Jockey,Score
13,MEDIC ELITE,K Teetan,0.30381752666344447
0,JOYFUL LIFE,H Bowman,0.25515818900782616
5,CHARMANDER,Z Purton,0.12479873082861824
