,HorseName,Score
0,HARMONY GALAXY,0.048705287065301875
1,TOP PEAK,0.2200128144310772
2,SATIRICAL GLORY,0.11303845734897439
3,DEVAS TWELVE,0.26370019983561516
4,MISSION VOICE,0.029976352391125657
5,LUCKY IMPACT,0.09983114383490431
6,DRAGON FOUR SEAS,0.044095968179639705
7,CHATER GOLD,0.13422031390421005
8,STERLING WONGCHOY,0.036863565267264524
9,MISTER FOX,0.009555897741887073
