,HorseName,Score
0,SETANTA,0.12318392753630418
1,COMET SPLENDIDO,0.5346480659130453
2,MISTER DAPPER,0.1230121024914554
3,DRAGON STAR,0.5411907283119703
4,GOLDEN LINK,0.22629486173071717
5,THUNDERBOLTAURUS B,0.15409643800274467
6,COURIER MAGIC,0.22656844619659605
7,JOYFUL PROSPERITY,0.37372175049516115
8,FLYING PHANTOM,0.0882013607865274
9,CHATER GOLD,0.18398591359595062
10,INVINCIBLE MISSILE,0.08281145559698903
11,VULCANUS,0.02414101200763315
