,HorseName,Score
0,HAMERON,0.13506845369540788
1,ROMANTIC LAOS,0.0607291633928348
2,LOVERO,0.20373882487887615
3,HELENE WARRIOR,0.05535636979192987
4,SAMARKAND,0.13849759463622796
5,IVY LEAGUE,0.02451237097011195
6,COMET SPLENDIDO,0.060236971056974516
7,GALVANIC,0.17027338108819107
8,GLORIOUS JOURNEY,0.052839545809004046
9,SETANTA,0.03804752542095842
10,I CAN,0.06069979925948332
