,HorseName,Score
0,I GIVE,0.049839561881833964
1,NOT USUAL STAR,0.008397578912423483
2,YOUNG CHAMPION,0.023544411512963208
3,EXCELLENT FIGHTER,0.019367761015388073
4,ILLUMINOUS,0.015824606913097616
5,KA YING VICTORY,0.04646613912917885
6,PRAWNS ELEVEN,0.017587983733972284
7,ORIENTAL SMOKE,0.00840683718748361
8,KA YING POWER,0.00831456178449275
9,MIDORI BEAUTY,0.010478946846344556
