,HorseName,Score
0,HELIOS EXPRESS,0.2909949934044653
1,HOWDEEPISYOURLOVE,0.38753561771928585
2,HELENE FEELING,0.49094472102382186
3,MOMENTS IN TIME,0.05621797939324891
4,BEAUTY CRESCENT,0.20612578148958982
5,CHANCHENG GLORY,0.2889897346574422
6,SPEED DRAGON,0.06415410764041289
7,FALLON,0.0812970286410932
8,STAR MAC,0.18125933916968756
