,HorseName,Score
0,AWESOME TREASURE,0.15150912732609395
1,NEBRASKAN,0.25028529606492483
2,CAPTAIN WIN,0.3495713523326658
3,DRAGON FOUR SEAS,0.1180455621407275
4,FAMILY JEWEL,0.16916638775321793
5,FUN N FUN TOGETHER,0.3332329054485618
6,SPICY KNUCKLES,0.12740392856248192
7,SUPER LEGENDS,0.5965732309888642
8,VIEW OF THE WORLD,0.12083871363172462
9,BALLISTIC WIN,0.016105319875202122
10,PACKING BRILLIANT,0.05407254040585702
11,SHINKANSEN,0.0955447305031624
