,HorseName,Jockey,Score
6,FIGHTING MACHINE,Z Purton,0.2719947398140386
2,M UNICORN,C Y Ho,0.23407851164088878
11,I CAN,A Atzeni,0.13861206619088343
