,HorseName,Score
0,NORDIC COMBINED,0.1783466824212989
1,YOUTH POWER,0.04723517293011813
2,TATTENHAM,0.11908228372482371
3,BRAVE WITNESS,0.18519098157460165
4,FLYING PHANTOM,0.11899653202575097
5,CHEONG FAT,0.3932279313418945
6,MULTIDARLING,0.045257637889543845
7,SHINKANSEN,0.30466425489150784
8,DAN ATTACK,0.037570987037535766
9,MIRACLES,0.2391372588362377
10,CRYSTAL POWERFUL,0.06944976592279319
11,SUPER ELITE,0.03372654267536599
