,HorseName,Score
0,HAPPY TANGO,0.415795218442552
1,KING INVINCIBLE,0.051371099524090816
2,PLENTIFUL,0.0357739915183718
3,PHILOS,0.03759672247765598
4,GALLANT GOODY,0.042459409445507704
5,JAZZ CLUB,0.04316393049392121
6,NOBLE ONE,0.18613093194329008
7,MULTIMORE,0.598199612174145
8,PRESTIGE MOOCHI,0.12794178600984146
9,GOODMANSHIP,0.24256893446797892
10,AUGUST MOON,0.04310804263023459
11,EASY TWO,0.08983541952073543
