,HorseName,Score
0,BEAU GOSSE,0.16870435915121387
1,MEDIC ELITE,0.4608169601224172
2,SUPERB MOVE,0.22296783124753006
3,SUPERB DADDY,0.2648709443596638
4,MASTER OF LUCK,0.10410222317707138
5,HAPPY JAI JAI,0.6891159429500872
6,PRECISION GOAL,0.0984702342010372
7,ANGELS HUNTER,0.14508444272641574
8,HAPPIHOOD,0.03574089745970228
9,FAITHFUL TRINITY,0.11249032193339385
10,MIGHTY STAR,0.06387171201556423
11,FOXHUNTER WAY,0.10500813524803426
