,HorseName,Score
0,BEAUTY LIVE,0.09257038831737947
1,UNIVERSAL HORIZON,0.25893962782570745
2,KARMA,0.24904901103174068
3,BEAUTY FIT,0.17126269947664222
4,SOLEIL FIGHTER,0.2529279670202043
5,SWEET BRIAR,0.3001508468775496
6,EIGHTEEN CARAT,0.2983686475290556
7,FRANTANCK,0.3186427843560518
8,SILVER UP,0.23512301599648622
9,MIDORI BURLY,0.15964942603978863
10,ZOOM BOOM,0.18907685306953614
11,BEATO,0.48770162497470076
12,MARADO,0.10714838974717662
