,HorseName,Score
0,DREAM PURSUER,0.17156006224865658
1,HAPPY FAT CAT,0.18917890700505657
2,PARTY WARRIOR,0.13713599515965785
3,GORGEOUS VITALITY,0.2022311880234689
4,MISTER FOX,0.07631675336173352
5,SAVVY ELEGANCE,0.27168379201294557
6,HERO WARRIOR,0.13996532800275502
7,SEE U AGAIN,0.22420413685089205
8,SUPER AXIOM,0.16905701969895348
9,TATTENHAM,0.20345702949705857
10,SUPER EAGLE,0.578070785282799
11,DAN ATTACK,0.06325066626302193
