,HorseName,Score
0,HARMONY N BLESSED,0.44050628353215826
1,EASON,0.09028720840758804
2,SUGAR SUGAR,0.6061131349679723
3,A AMERIC TE SPECSO,0.2892952785832959
4,COLOURFUL EMPEROR,0.5324563150282509
5,GOLDEN EMPIRE,0.3179652387954457
6,HEALTHY HEALTHY,0.5290653840863402
7,LESLIE,0.2243496731953926
8,LIGHTNING BOLT,0.14748857054372583
9,SOLAR PARTNER,0.666130857877658
10,WINGS OF WAR,0.45493774624305683
11,CHAIN OF GOLD,0.2654661689076666
