,HorseName,Score
0,CELESTIAL COLOURS,0.2469946620610131
1,SUPERB CAPITALIST,0.24538205635476212
2,BEAUTY INFINITY,0.25380594277669555
3,NICCONI COUNTY,0.24820782316641915
4,HONG KONG HALL,0.25099103865156586
5,RUN RUN COOL,0.24352601329965867
6,GOLDEN TITLE,0.24696040368189767
7,HAPPY FAT CAT,0.2468949310874256
