,HorseName,Score
0,NOT A FEW,0.14801527406353135
1,CHARITY BINGO,0.04528570548517877
2,RED MAJESTY,0.24296114905594052
3,INVINCIBLE MISSILE,0.11577254055478069
4,TIGER AND GOLD,0.25989058989317887
5,CHEONG FAT,0.1574361826711439
6,TO INFINITY,0.18091594726838936
7,ATOMIC BEAUTY,0.34120786893267313
8,AROMATICA,0.1006506708618246
9,THE CONCENTRATION,0.029740357498120103
10,CLUB SODA,0.07021866097304254
11,RED MAVERICK,0.018138006467617103
