,HorseName,Score
0,SUPER GOLDI,0.31230252028479105
1,CHAMPION INSTINCT,0.3564910392315752
2,SETANTA,0.08659464904236386
3,JOLLY COMPANION,0.09475977483864384
4,EXCELLENT DADDY,0.005249029598681178
5,GREAT SPIRIT,0.4368702993459851
6,GIANT LEAP,0.16705490514689694
7,JOYFUL SUPREME,0.04832864496772515
8,PACKING BRILLIANT,0.459714090997747
9,SUPER GLORY,0.27307817148193697
10,AWESOME TREASURE,0.06519430867982345
11,NEW POWER,0.07797668589706071
