,HorseName,Score
0,PRECISE EXPRESS,0.1549401445877382
1,CONCERTO,0.09920894366650156
2,LOOKING COOL,0.06944976592279319
3,SERANGOON,0.09196026162772439
4,FOREVER GLORIOUS,0.2769390572919995
5,CASA COSMO,0.10644880801395472
6,MR ALADDIN,0.11594370680937978
7,FLYING SILVER,0.2143671586016855
8,STRONGEST BOY,0.4703639374468348
9,SUPER CONTENTED,0.09330850430441423
10,VINCY,0.11193758281863446
11,PALACE PAL,0.09561239510830813
