,HorseName,Score
0,GALAXY WITNESS,0.4542468774929789
1,PRIME MINISTER,0.19010511067089694
2,I AM THE BOSS,0.03329258076502238
3,TOURBILLON PRINCE,0.35550082935500094
4,WINNING DRAGON,0.29502458840322954
5,MASTER OF FORTUNE,0.11116040630364352
6,STAR CONTACT,0.20885331114185796
7,ESCAPE ROUTE,0.09747203145296733
8,LOVERO,0.28974020012116636
9,GLORIOUS JOURNEY,0.16695646801003258
10,LOYAL BABY,0.08798900799967724
11,RED HARE KING,0.4649386182555118
