,HorseName,Score
0,JUMBO LEGEND,0.3807077685519678
1,SUPER HIGHWAY,0.32158155809343236
2,FUN N GLORY,0.024011089162322273
3,COPARTNER PRANCE,0.5879075231901749
4,CHATEAUNEUF,0.16946491325363372
5,GREAT SPIRIT,0.15784183794180975
6,MASSIVE TALENT,0.2399699904814974
7,NEVER PETER OUT,0.10143422407650478
8,ROBOT KNIGHT,0.06668749147364628
9,COMPASSION SUPER,0.17894667164261246
10,SEA SAPPHIRE,0.0301804510784715
11,COMMANDING MISSILE,0.132876341372708
