,HorseName,Score
0,D STAR,0.5921660691516009
1,CAPITAL LEGEND,0.5089784329016298
2,WIN WIN FIGHTER,0.2922833177281851
3,GALLANT VALOUR,0.8155987107461331
4,I CAN,0.1617331793727021
5,MASTER TORNADO,0.28860102594934545
6,HARRY'S HERO,0.02111324057045353
7,CHATER GOLD,0.07676846582688795
8,FOREMOST TEDDY,0.10062213627242575
9,JOYFUL PROSPERITY,0.3633515449896062
10,WINNING SEVEN,0.061186081245697875
11,DRAGON PRIDE,0.2401193941308808
