,HorseName,Score
0,HAPPY DAY,0.1801978335772998
1,CHATEAUNEUF,0.21242212431783647
2,GIANT LEAP,0.1643437823509649
3,JUDY'S GREAT,0.07788732492626306
4,PERFECT GENERAL,0.09442155472494494
5,TELECOM POWER,0.01960424300778811
6,GIMME FIVE,0.128414861430864
7,SHINKANSEN,0.10418812169429675
8,YODA'S CHOICE,0.01852015396974203
