,HorseName,Score
0,STAR CLUB,0.24747593046506877
1,PHOENIX LIGHT,0.24519108406928627
2,FORERUNNER,0.24627458718644002
3,GAMEPLAYER WARRIOR,0.24631672924514567
4,GIMME FIVE,0.24635969056223753
5,GLORY ELITE,0.24632490297113444
6,KING MILES,0.24617414849672203
7,LIFELINE EXPRESS,0.24632987598019934
8,MASSIVE TALENT,0.24621063018724887
9,PACKING PROSPECT,0.24687277182915757
10,VERBIER,0.24624291619143432
11,COMPASSION SUPER,0.24485077025027657
