,HorseName,Score
0,SUPREME LUCKY,0.46549409320376467
4,KARMA,0.16473398353406016
1,CHIU CHOW SPIRIT,0.11197201067789699
