,HorseName,Score
0,MY INTELLIGENT,0.0746995957498441
1,SUPER ELITE,0.05029543726606191
2,BEAT HOLLOW,0.08980545013106268
3,DAILY TROPHY,0.10359585976238596
4,SPANGLE FORTUNE,0.021782469829706847
5,GENERAL ACE,0.0399377155587583
6,MAGIC TRAVELLER,0.05151292596883769
7,ALL IS READY,0.0781021173483204
8,FINGERS CROSSED,0.0796657907514096
9,FORTUNE MASTER,0.2357680965648567
10,PERFECT ROCK,0.00044316779183100295
