,HorseName,Score
0,BEAUTY JOY,0.5112092997723268
1,GALAXY PATCH,0.585591943697126
2,HAPPY TOGETHER,0.49937615252025436
3,NIMBLE NIMBUS,0.37383304299377534
4,FIVE G PATCH,0.3542363720477968
5,LA CITY BLANCHE,0.13443500581201273
6,SWORD POINT,0.14388651064533953
7,CHANCHENG GLORY,0.6250848341691382
8,ALL FOR ST PAUL'S,0.4046126124358847
9,C P BRAVE,0.15081608618350908
10,THE BEST PEACH,0.5492689519065309
