,HorseName,Score
0,PALACE PAL,0.2353777099025734
1,NICE BIRDIE,0.15094813061940685
2,AI ONE,0.12264754294974495
3,M M NEBULA,0.5073351584001178
4,VINCY,0.20729393274347233
5,HAPPY HERO,0.2730754593241087
6,FORTUNE TRIPLE,0.14386313495432054
7,DIAMOND WINNER,0.21888445644664387
8,LOYAL AMBITION,0.18183112131093743
9,GREEN LASER,0.21454925451269724
10,JOYFUL CHAMPION,0.2998166376613062
11,GOLDEN FAIRY,0.21120285513653098
