,HorseName,Score
0,JAZZ CLUB,0.09252997931503547
1,STORMTROUPER,0.25808107091442695
2,MEDIC ELITE,0.7469875491710857
3,BIG TWO,0.21274149966335693
4,COURIER MAGIC,0.007659586961233931
5,MASTER OF LUCK,0.05990143687833967
6,REGENCY HAPPY STAR,0.2523903569443811
7,CHARMING STEED,0.17788291835651526
8,BAYVIEW STAR,0.12965887790526243
9,BRILLIANT PIONEER,0.13355603648292783
10,HANG'S CHOICE,0.3215965352236608
11,MISTER ARM,0.0036597836027228935
