,HorseName,Score
0,HARMONY N BLESSED,0.2471428757496222
1,ATOMIC FORCE,0.24756209239165575
2,LIGHTNING BOLT,0.248949316717477
3,LUCKY ARCHANGEL,0.24714652984413937
4,COLOURFUL EMPEROR,0.24572803480642144
5,ACT OF FAITH,0.24724587707454063
6,BEAUTY GLORY,0.2557472948753666
7,MEGA BONUS,0.24594306654061085
8,ROMANTIC NOVELIST,0.246653185225599
