,HorseName,Score
0,MA COMET,0.06061773214808851
1,FORTUNE WARRIOR,0.38406086189889854
2,RED ELEGANCE,0.33379169055983576
3,HAPPY SOUL,0.34777558327618513
4,SERGEANT PEPPER,0.39035310869947776
5,SUPER COMMANDER,0.1937365539584041
6,SIGHT HAPPY,0.34102388085840774
7,SPEED SWORD,0.03316683650982138
8,OVERSUBSCRIBED,0.456157784955036
9,PARENTS' LOVE,0.05235027276872488
10,ROMANTIC NOVELIST,0.043192485423203746
11,FANCY STAR,0.03315491453812074
