,HorseName,Score
0,BON'S A PEARLA,0.4050626289020666
1,ARMOUR EAGLE,0.2227662381823763
2,LUCKY ARCHANGEL,0.08410305384002191
3,PRINCE OF PORTY,0.3401487929793296
4,RAGING BLIZZARD,0.6112748245230736
5,SUGAR SUGAR,0.38314548162682965
6,STREET CONQUEROR,0.14720912346234283
7,WATCH BUDDY,0.3361709642740001
8,GOLDEN SAMURAI,0.45978297440594784
9,BEAUTY CHAMP,0.13509673522680174
10,ONLY U,0.027651636605946005
11,TOGEPI,0.31466710947323945
