,HorseName,Score
0,DRAGON PRIDE,0.14438482734496316
1,LITTLE FAIRY,0.18866182681740973
2,SUPERB MOVE,0.5831973381606826
3,CHARMANDER,0.4382346549988713
4,GO GO GO,0.21030127817721794
5,MULAN,0.1252483051347984
6,GET THE MONIES,0.2096980116609395
7,ARTHUR'S KINGDOM,0.3443808852871837
8,ANGELS HUNTER,0.13568754967305105
9,FAITHFUL TRINITY,0.17474727448227162
10,BROTHER PEARL,0.21221486757713792
11,SMART BEAUTY,0.16404621963971805
12,STAR OF GLORY,0.15447220444371748
