,HorseName,Score
0,CHATEAUNEUF,0.308607788937043
1,ACE ONE,0.334452852154361
2,EVER SMART,0.1633625975663656
3,FOXHUNTER KING,0.057338552962818104
4,WIN SPEED,0.07598773314256374
5,MR VALIANT,0.08363247023053676
6,FLYING PHANTOM,0.10528966140629296
7,LEAN MASTER,0.35011645296116917
8,SUPER GLORY,0.06243236393716486
9,LUCKY QUALITY,0.31334908720305105
10,COLONEL,0.3176712025169098
11,NEW POWER,0.2281145986849533
