,HorseName,Score
0,TELECOM SPEED,0.23118305337640913
1,SCOTCH TYCOON,0.16096943139925315
2,EXUBERANT,0.20883412756688177
3,GLORY CLOUD,0.1959239947896948
4,MOLLY'S WITNESS,0.138477737105674
5,BRAVO WARRIOR,0.11873829362186485
6,FALCON COURT,0.1899262060950665
7,SPEEDY CHARIOT,0.2042939267627243
8,TATTENHAM,0.2765791579900059
9,GOLDEN LINK,0.10976312012789075
10,HIGH PERCENTAGE,0.5283905363837929
11,HERO STAR,0.16945425829680127
