,HorseName,Score
0,NOBLE ONE,0.15912834413165802
1,TACTICAL COMMAND,0.3627212365312027
2,BEAU GOSSE,0.5768170781302869
3,MR GOOD VIBES,0.25945259114056596
4,PODIUM,0.010371945287215478
5,STORMTROUPER,0.19740451023485456
6,SWEET DIAMOND,0.47824272423669817
7,WIND SPEEDER,0.06418304554332856
8,VIVA A LA,0.11658894562052954
9,HERO ICON,0.18401718577256765
10,MILLENNIUM FALCON,0.08292241172833702
11,EASY TWO,0.09166101939212203
