,HorseName,Score
0,CAN'T GO WONG,0.1094580616952331
1,FORTUNE PRESIDENT,0.21970837005236102
2,NORTHERN BEAST,0.19269702986889048
3,DIAMOND DIAMOND,0.43069535931306197
4,MASTER OF LUCK,0.14091728520165156
5,ASIAN ONE,0.26277605265714715
6,BIG TWO,0.2594892302355241
7,DRAGON DELIGHT,0.16300275695445987
8,REGENCY HAPPY STAR,0.25060688279380694
9,BROTHER PEARL,0.134220808935817
10,FOXHUNTER WAY,0.15557886363204376
11,HANG'S CHOICE,0.26874469902888704
