,HorseName,Score
0,CLASSIC ARCHI,0.13750574120790116
1,NICE BIRDIE,0.17849659310308658
2,PALACE PAL,0.5423856513048712
3,AI ONE,0.15338996076348685
4,COLOURFUL BARON,0.2059039185037658
5,VINCY,0.3278287869989601
6,CIRCUIT ELITE,0.2088505648217801
7,BRILLIANT PIONEER,0.25606383037321756
8,DIAMOND WINNER,0.19091158429801383
9,LOYAL AMBITION,0.21672655133021562
10,GOLDEN FAIRY,0.2878623569463545
11,MIGHTY STAR,0.16787373488662102
