,HorseName,Score
0,I GIVE,0.35016906068569514
1,NOT USUAL STAR,0.1262893084201345
2,YOUNG CHAMPION,0.46428993848861616
3,EXCELLENT FIGHTER,0.28315653056528167
4,ILLUMINOUS,0.3319791110116191
5,KA YING VICTORY,0.6900031789868201
6,PRAWNS ELEVEN,0.3342409024459963
7,ORIENTAL SMOKE,0.13312360868951365
8,KA YING POWER,0.1088415524308214
9,MIDORI BEAUTY,0.12220845334165462
