,HorseName,Score
0,HOSS,0.5037984881722083
1,ERNEST FEELING,0.747918371519385
2,WOOD ON FIRE,0.17257561273811473
3,KING ECCELLENTE,0.5743399656418883
4,KILINDINI,0.5433701354364038
5,RUNNING BOY,0.1471991428017282
6,MULTIDARLING,0.4419603272357365
7,SUPER EAGLE,0.8743733356517133
8,ALLOY KING,0.5093227808502018
9,COLONEL,0.7464947439483166
10,HARMONY N HOME,0.31390183577695613
11,TACTICAL COMMAND,0.5017809092709014
