,HorseName,Score
0,GOOD LUCK FRIEND,0.398430075487443
1,DROMBEG BANNER,0.3828821632001779
2,ATULLIBIGEAL,0.38821874727281785
3,KEEFY,0.14487462950683352
4,GUMMY GUMMY,0.5577607323699377
5,ALACRITY,0.23101427012680598
6,FIND MY LOVE,0.2428203978927603
7,YOUTHFUL DEAL,0.030038959267018245
8,SUPERB BOY,0.4879867587559757
9,BERLIN TANGO,0.10148151360154851
10,GLOBAL HARMONY,0.7839941465747532
11,SILVER KING,0.12981406974956622
