,HorseName,Score
0,PRINCE OF PORTY,0.41856129748567317
1,SUPER COMMANDER,0.15191035818543322
2,CHATEAUNEUF,0.5446821406096872
3,THE GREAT MASTER,0.04599493786767657
4,RED ELEGANCE,0.18306012047251496
5,MULTISUPER,0.25530200267380576
6,CURRAHEE,0.16324546570173212
7,DRACO,0.26321152985116675
8,FLYING PHANTOM,0.08087537332089048
9,JOLLY COMPANION,0.04538150696149786
10,SUPER TEN,0.056492460747465896
11,GIMME FIVE,0.03715027406115027
12,PROSECCO,0.568941911303829
13,FANCY STAR,0.04764833101251703
