,HorseName,Score
0,TELECOM SPEED,0.38685620009566646
1,SUPER JOY N FUN,0.4111671883114981
2,GOLDEN BULL,0.6566598786950991
3,MARIO,0.2747734885885833
4,PRIME MORTAR,0.19099888670178083
5,RUNNING BOY,0.13753985126600468
6,GORGEOUS VITALITY,0.1394264883833712
7,GOLDEN LINK,0.11720839358956077
8,CRYSTAL POWERFUL,0.16750357686852588
9,TATTENHAM,0.1705694217250687
10,LUCKY QUALITY,0.05906226433383338
11,HEARTY WISH,0.3023067413297873
