,HorseName,Score
9,KA YING CHEER,0.4945559471137679
7,SUPER JOY N FUN,0.15743765445910182
0,REWARD SMILE,0.11442022110245181
