,HorseName,Score
0,THE GREAT MASTER,0.022987456209335705
1,FUN ELITE,0.45299021392504674
2,METRO WARRIOR,0.2997142816635604
3,PANDA,0.2182957695864524
4,BOWSER,0.24738586873825041
5,CHEERFUL WORLD,0.03381170717142081
6,DEEP PURSUIT,0.06279933616906709
7,PROSPEROUS SMILE,0.03485708149005095
8,CERVIN,0.02577989179347932
9,LUCKY SYMPHONY,0.024894046353259668
10,MARIO,0.03489711193759797
11,FANCY STAR,0.02845080637812395
12,HELLS BELLS,0.0037166433380210976
13,PROSECCO,0.5290834715477284
