,HorseName,Score
0,STARSHIP EIGHTY,0.3897372129906076
1,FASTPASS,0.0762420143777617
2,COPARTNER ERA,0.2307344408392236
3,HAPPIHOOD,0.06527663576447208
4,BROTHER PEARL,0.028619619736638496
5,DIAMOND WINNER,0.578516420314381
6,GREEN LASER,0.46416049380055735
7,GENERAL WINNER,0.016519178382264056
8,JOYFUL CHAMPION,0.4987973658736226
9,MISTER ARM,0.1642289048978703
10,SUPER HORNET,0.028751664724143835
