,HorseName,Score
0,LOVERO,0.21796026006754937
1,DRAGON STAR,0.4399759158493545
2,GALLANT CROWN,0.05356279335979037
3,WIN WIN FIGHTER,0.30451124693202514
4,CHATEAU LE PECHE,0.06523380650908786
5,GALVANIC,0.42013750813065
6,KASA PAPA,0.11359865352123381
7,REACH GOAL,0.14926419010912692
8,AMAZINGTEAMWORK,0.10341698572151824
9,STURDY RUBY,0.5536546522091396
10,MERCHANT PRINCE,0.04195417087860681
11,AMAZING BOY,0.25659858655330775
