,HorseName,Score
0,YOUTHFUL DEAL,0.5626258849871569
1,VICTORY MOMENTS,0.47709579056745705
2,TORONADO PHANTOM,0.16924107549538522
3,VIVA CHALEUR,0.07568696133189277
4,SING DRAGON,0.29435819012478587
5,CAMPIONE,0.12262101126807241
6,LIGHTNING BOLT,0.1082343559971312
7,SKY FOREVER,0.15018124540802533
8,FORTUNE WHISKEY,0.07815256840668774
9,SELF IMPROVEMENT,0.43342162670083884
