,HorseName,Score
0,GALLANT WAKING,0.250254506616264
1,WINNING DRAGON,0.24638293934440791
2,ROCKET SPADE,0.24832404546934697
3,QUANTUM PATCH,0.24838162998163837
4,STAR CONTACT,0.2471497439870247
5,LUCKY EIGHT,0.2461076054023974
6,RED HARE KING,0.2523787726284303
7,ALL BEAUTY,0.24708222303595603
8,CHARITY BINGO,0.2471234943797688
