,HorseName,Score
0,CHING,0.36684479205480647
1,EIGHTEEN CARAT,0.1514793078275613
2,FORTUNE SUPERSTAR,0.15472500134435882
3,THE HEIR,0.8100212852541168
4,QUANTUM PATCH,0.1316748520715978
5,SECOND TO NONE,0.560787657847874
6,TRUE GENIUS,0.05021062385510886
7,BRIGHT INHERITANCE,0.12468089028107192
8,PRAY FOR MIR,0.2680726089087378
9,SUNSTRIDER,0.0738829011602254
10,PERFECT PAIRING,0.10871745378225639
11,ARIEL,0.25347930827336906
12,PRINCIPLED,0.01873147439945189
13,SMART CITY,0.08218323527524284
