,HorseName,Score
0,OUTGATE,0.2441926849356846
1,SILVER SONIC,0.24643887940444265
2,EIGHTEEN PALMS,0.2546028691067255
3,M UNICORN,0.24834491390600744
4,IVY LEAGUE,0.24472475977149527
5,RUN RUN COOL,0.24654677883014933
6,AESTHETICISM,0.24657076906261452
7,SIXTH GENERATION,0.24651596762937888
8,ENDEARED,0.24284694599321105
9,JUNE PLANET,0.24715251736936683
