,HorseName,Score
0,SOLAR UP,0.04654853544863256
1,MAGIC SUPREME,0.28905889244233324
2,MUST GO,0.24325473498309108
3,SPICY SPANGLE,0.04935444322561253
4,VANTASTIC CHOICE,0.276982493643687
5,SERGEANT PEPPER,0.480696765852852
6,STRIVE FOR GLORY,0.21224570273485954
7,RUNNING BOY,0.05030259388310358
8,HICKORY VICTORY,0.05988664269182709
9,HINOKAMI KAGURA,0.3018725801751609
10,ACA POWER,0.30788138317263825
11,COOL BLUE,0.11827979052176403
