,HorseName,Score
0,HAMERON,0.6094090675118522
1,WINNING DRAGON,0.5124134936496951
2,SIMPLY MAVERICK,0.7757906144034961
3,NOBLE PURSUIT,0.43261404133763337
4,SHOW RESPECT,0.27041644738949033
5,EIGHTEEN PALMS,0.4775713139066451
6,LOVERO,0.4692037276347982
7,IVY LEAGUE,0.08374034471188237
8,RED MAJESTY,0.33670569472314515
9,TRADITION,0.045072536102460606
10,SMILING TIME,0.6686343649986205
11,CHAIN OF GOLD,0.15843951849110582
