,HorseName,Score
0,ATOMIC FORCE,0.2683959128750965
1,LUCKY ARCHANGEL,0.2700187884743246
2,A AMERIC TE SPECSO,0.2562727168692297
3,COLOURFUL EMPEROR,0.2423315692369568
4,KYEEMA,0.2296696281587568
5,HAPPY TRIO,0.25469008776958524
6,STAR LINE,0.2701557982307395
7,DENFIELD,0.26627445577645475
8,JUMBO FORTUNE,0.25792376569586123
9,KYRUS DRAGON,0.24436567957310132
10,TOGEPI,0.2545365613612999
