,HorseName,Score
0,ARMOUR EAGLE,0.27087546130295076
1,GOLDENFIELD,0.2705506446675755
2,SMOKEY BEAR,0.27101842062988435
3,TORONADO PHANTOM,0.271126603125149
4,BABY CRYSTAL,0.26489162832353075
5,GOOD BUDDY,0.2514186983560966
6,SKY FOREVER,0.26790618426704466
7,VICTORY MOMENTS,0.2702978128683214
8,CALIFORNIA TOUCH,0.260908124718773
9,MARK THE MOMENT,0.2647874912741068
10,MONTA FRUTTA,0.270001562608641
11,SPORTS LEGEND,0.26883313333808545
