,HorseName,Score
0,PACKING TREADMILL,0.5621625811955657
1,FLYING ACE,0.7087697524837712
2,HOWDEEPISYOURLOVE,0.5487849403313878
3,INVINCIBLE SAGE,0.577094781077704
4,GALAXY PATCH,0.5756482707366264
5,GOOD LUCK FRIEND,0.18587182543987504
6,BEAUTY CHARGE,0.19746067599520867
7,MAJESTIC KNIGHT,0.6751816027159503
8,REWARDING TOGETHER,0.18479225003913857
9,WE ARE HERO,0.2416141259322494
10,BUNDLE OF CHARM,0.16024597613190958
11,ASTROLOGER,0.12281674780715648
12,LUCKY ENCOUNTER,0.6324401789490246
