,HorseName,Score
0,PRECISE EXPRESS,0.015444812699764355
1,PEGASUS GENERAL,0.21057440253356152
2,OWNERS' PRAISE,0.301762021850531
3,SERANGOON,0.2852637139738793
4,TAKE ACTION,0.1442036740845687
5,MR ALADDIN,0.20925791215486175
6,FOREVER GLORIOUS,0.11883631932183063
7,ROBOT FIGHTER,0.09753469773850942
8,CASA COSMO,0.08096964963491485
9,KYRUS UNICORN,0.09245976026032156
10,SUNNY BABY,0.2744959940737069
11,TURTLE AGAIN,0.1726454720598354
