,HorseName,Score
0,LOYAL BO BO,0.9230982403239769
1,ARIEL,0.7733207892086559
2,GOLDEN DARCI,0.1848931439784141
3,HOLY POWER,0.6929352607919873
4,I CAN,0.7104679526242564
5,CIRCUIT MIGHTY,0.9014612686788018
6,LINK,0.36038109953179204
7,TOP TOP TEA,0.3926640870171166
8,DOUBLE WIN,0.16220055298391392
9,SKY TRUST,0.8910270472625565
10,SMILING COLLECTOR,0.7859267632232882
11,SPICY GOLD,0.7801337333911627
12,JOYFUL FRIENDSHIP,0.007968539986874528
13,PODIUM,0.1164332231564537
