,HorseName,Score
0,GOLDEN SIXTY,0.8696038695107968
1,VOYAGE BUBBLE,0.8572361057306012
2,BEAUTY ETERNAL,0.7791392074096655
3,BEAUTY JOY,0.3623747709273328
4,OBAMBURUMAI,0.08199133362100999
5,BRAVE EMPEROR,0.09939859540410251
6,CHAMPAGNE COLOR,0.15900854519685956
7,ELTON BAROWS,0.1305250817024919
8,GALAXY PATCH,0.7325538007434568
9,RED LION,0.5814427882455717
10,TAJ DRAGON,0.22535337174793274
