,HorseName,Score
0,HAMERON,0.3290886913931122
1,SO WE JOY,0.2629085953680416
2,GRATEFUL HEART,0.3206513806302941
3,EIGHTEEN PALMS,0.4802961446323394
4,JUNE PLANET,0.5056431913100671
5,LOVERO,0.29502513822689846
6,AMAZING DUCK,0.10903383807950516
7,SAMARKAND,0.16011240932518242
8,IVY LEAGUE,0.038791529387154244
9,AESTHETICISM,0.1912315534133275
10,GLORIOUS JOURNEY,0.09657378631638681
11,SOLAR GOGO,0.00960709401017824
