,HorseName,Score
0,HARMONY N BLESSED,0.024866830406061254
1,EASON,0.00396634108397451
2,SUGAR SUGAR,0.06509470408491616
3,A AMERIC TE SPECSO,0.01877341761326569
4,COLOURFUL EMPEROR,0.050609343260560484
5,GOLDEN EMPIRE,0.02103617849542384
6,HEALTHY HEALTHY,0.049530464414103054
7,LESLIE,0.012285425569482098
8,LIGHTNING BOLT,0.007276812601903797
9,SOLAR PARTNER,0.07888328848734108
10,WINGS OF WAR,0.03800217543790329
11,CHAIN OF GOLD,0.015622526937549416
