,HorseName,Score
0,SERANGOON,0.12028169331971003
1,FOREVER GLORIOUS,0.11985457535737498
2,WINNING STEPS,0.18124056294830196
3,AFFORDABLE,0.012455953082388456
4,DRAGON STAR,0.06526540887128067
5,FLYING SILVER,0.08306417993487594
6,LITTLE FAIRY,0.032238125181600116
7,STORM WINNER,0.09393406320029993
8,PEGASUS GENERAL,0.08143863356539856
9,ME TIME,0.07662284772919037
10,HAPPY HERO,0.07345208641769356
11,NICE BIRDIE,0.060151870391885486
