,HorseName,Score
0,CORDYCEPS ONE,0.3034003975353182
1,MIDORI BURLY,0.24030067416873332
2,KASA PAPA,0.30941679763570096
3,JUMBO FORTUNE,0.372479158390348
4,TO INFINITY,0.29187916352582327
5,FOREVER GLORIOUS,0.3869826955149286
6,CAN'T GO WONG,0.1706976860417696
7,PACKING WISHER,0.10964303817799327
8,FLYING PHANTOM,0.15223621626507333
9,YOUNG VICTORY,0.05978100450728878
10,THE KHAN,0.07142535082446122
11,GOLD TACK,0.34982535390896674
