,HorseName,Score
0,YOU'REMYEVERYTHING,0.24746863263376753
1,RUN RUN TIMING,0.2636780626087228
2,CHATEAUNEUF,0.4994707666096931
3,SUPER HIGHWAY,0.33969376535940776
4,CIRCUIT FIERY,0.14550337422199475
5,GOLDEN ONE,0.08543368821597475
6,RUBY SAILING,0.27831361838549884
7,CRAZY TREASURE,0.041886543533877316
8,SEA SAPPHIRE,0.31758157553804417
9,SIGHT VICTORY,0.14464818666942963
10,COMMANDING MISSILE,0.013929213620594964
11,JOY FOR YOU,0.09360998199721704
