,HorseName,Score
0,TELECOM SPEED,0.565891644097835
1,SUPER JOY N FUN,0.6370305236913808
2,GOLDEN BULL,0.7640724085976878
3,MARIO,0.09466780081823886
4,PRIME MORTAR,0.43234913708494144
5,RUNNING BOY,0.069617499500875
6,GORGEOUS VITALITY,0.3093519382053659
7,GOLDEN LINK,0.40684587113806486
8,CRYSTAL POWERFUL,0.3432544354620192
9,TATTENHAM,0.35706935255736344
10,LUCKY QUALITY,0.21266391085674785
11,HEARTY WISH,0.6327652236398502
