,HorseName,Score
0,LOYAL BO BO,0.07315837796300144
1,ARIEL,0.024076931770267145
2,GOLDEN DARCI,0.003442557262391651
3,HOLY POWER,0.018076165862495917
4,I CAN,0.02144160988721635
5,CIRCUIT MIGHTY,0.08083661203946116
6,LINK,0.0038083284899131206
7,TOP TOP TEA,0.0052258865068099975
8,DOUBLE WIN,0.0027017606337506835
9,SKY TRUST,0.0543245585398275
10,SMILING COLLECTOR,0.028424065282778577
11,SPICY GOLD,0.01977524540548846
12,JOYFUL FRIENDSHIP,8.386407807920057e-05
13,PODIUM,0.0016111712003867393
