,HorseName,Score
0,VIVA HUNTER,0.281271582802329
1,PANDA LEGEND,0.16932933327521152
2,G LINER,0.2959555772113364
3,MISSION BRAVO,0.18997497483721018
4,FAST VICTORY,0.10836204084915184
5,TRIUMPHANT WARRIOR,0.5801469359239159
6,LUCKY BANNER,0.21855609548212665
7,STARSHIP EIGHTY,0.48947365818806804
8,FOREVER FOLKS,0.06664708290593306
9,MAYHEM,0.06685753150831512
10,SUN OF MAKFI,0.14998561465210264
11,GO HERO,0.0494570037161711
