,HorseName,Score
0,I KEEP WINNING,0.3123787985072674
1,NOT A FEW,0.19516867719264702
2,SHOW RESPECT,0.20065340430711776
3,STURDY RUBY,0.9464337150515353
4,JOY OF SPRING,0.6757674619943826
5,MR ALADDIN,0.7494155257061197
6,MAYHEM,0.5618900192949519
7,ATOMIC BEAUTY,0.7781290068579491
8,BRAVE WITNESS,0.5476072151600505
9,GOLD TACK,0.70504841373935
10,THE CONCENTRATION,0.2138738376449206
11,KEEN UNITY,0.11735583464082315
