,HorseName,Score
0,LIGHTNING BOLT,0.09441769694598529
1,HAPPY TRIO,0.17187092438419038
2,HAPPY SOUL,0.14968175975519526
3,GOLDEN LUCK,0.10803720093563036
4,SAVVY CHIC,0.13525014600487356
5,UNISON,0.09800058491716683
6,SO TREASURE,0.06616376172572073
7,TOGEPI,0.05595855033392475
8,WOOD ON FIRE,0.03445175928323468
9,YOUNG HORIZON,0.08616761571407823
