,HorseName,Score
0,SUPER CHARIZZARD,0.24530490458448426
1,COLOURFUL PRINCE,0.24641508271509513
2,PARENTS' LOVE,0.24216412932604325
3,FALCON COURT,0.24650038965940402
4,OVERSUBSCRIBED,0.25147728774478095
5,BEAUTY DESTINY,0.24641412194675216
6,KOWLOON EAST STAR,0.2384068358643383
7,SUPER FAST DRAGON,0.2444807662949407
8,SUPER AXIOM,0.23913512119411368
9,CIRCUIT SEVEN,0.24644019544673795
10,DIAMOND SOARS,0.2500127514436084
11,LEAN MASTER,0.2455310711924101
