,HorseName,Score
0,THE GREAT MASTER,0.0879739455021091
1,FUN ELITE,0.6057871864608767
2,METRO WARRIOR,0.3648857790809025
3,PANDA,0.46282060359122446
4,BOWSER,0.24209925518555792
5,CHEERFUL WORLD,0.14804908042070905
6,DEEP PURSUIT,0.22794174304403494
7,PROSPEROUS SMILE,0.14033461494278168
8,CERVIN,0.14816238800295747
9,LUCKY SYMPHONY,0.11293088560198693
10,MARIO,0.16576674487733029
11,FANCY STAR,0.06596243369748982
12,HELLS BELLS,0.016987914830050257
13,PROSECCO,0.44758146479074407
