,HorseName,Score
0,HAPPY GOLF,0.1594974070178189
1,TOGEPI,0.20678836295556216
2,LYRICAL MOTION,0.4573570488599388
3,HIGH RISE SOLDIER,0.08730870132085088
4,SERGEANT PEPPER,0.35057496862021637
5,TEAM HAPPY,0.2026387042747243
6,FLYING PHANTOM,0.3160623615641029
7,MISTER FOX,0.0070066663414765605
8,HAPPY SOUL,0.4586141704735004
9,JOYFUL LIFE,0.12913395371903463
10,LUCKY PLANET,0.24981833403563045
11,HERO STAR,0.148158017628655
