,HorseName,Score
0,GOLDEN LONG,0.29287064222465664
1,RIGHTEOUS ARION,0.44010214437210404
2,TOGEPI,0.12575976567380065
3,HIGH PERCENTAGE,0.38408001307813167
4,THE PERFECT MATCH,0.030273271760286852
5,MR VALIANT,0.025491798411110416
6,COSMO NAVIGATOR,0.07399833053840811
7,HERCULES,0.28411032068764747
8,LUCKY QUALITY,0.27839438794452587
9,SO AWESOME,0.22042279584654953
10,COLONEL,0.16169020273884646
11,HAPPY FEELING,0.07176763438962985
