,HorseName,Score
0,EURO ROCKS,0.33053506443673636
1,FORTUNE WHISKEY,0.017782262726715427
2,SELF IMPROVEMENT,0.5435801627812723
3,PINS PRINCE,0.2592875155766589
4,PRIME MORTAR,0.2998895759836709
5,GOLDEN TITLE,0.05395457205902366
6,EVERYONE'S VICTORY,0.039595368704932424
7,FUN N GLORY,0.05077856950871864
8,ROBOT KNIGHT,0.10056443488571312
9,STRIVE FOR GLORY,0.13485393763489528
10,CRAZY TREASURE,0.08085981685754261
11,LUCKY QUALITY,0.1577242156186276
