,HorseName,Score
0,JUMBO LEGEND,0.14505613784869975
1,SUPER HIGHWAY,0.16426709134252876
2,FUN N GLORY,0.2487047274428749
3,COPARTNER PRANCE,0.16866280386639762
4,CHATEAUNEUF,0.4197607381640119
5,GREAT SPIRIT,0.3874698667596864
6,MASSIVE TALENT,0.21714187538882382
7,NEVER PETER OUT,0.24933863856404825
8,ROBOT KNIGHT,0.24212470532673128
9,COMPASSION SUPER,0.17035957950824646
10,SEA SAPPHIRE,0.21841605612745285
11,COMMANDING MISSILE,0.1102688664188875
