,HorseName,Score
0,WE ARE HERO,0.1342556500174028
1,HASTEN DELIGHT,0.27671463287241566
2,KA YING VICTORY,0.30009107859228445
3,PLEASANT ENDEAVOR,0.45444336196272844
4,ALPHA ONE,0.2751004798125492
5,FLYING HIGH,0.44802233250695517
6,SOVEREIGN FUND,0.1534111582761973
7,BRAVE STAR,0.38555661164553157
8,PHOENIX LIGHT,0.4160940628365171
9,MOTOMAN,0.2533835578062041
10,ACE VICTORY,0.05074693455627633
11,SUPER FORTUNE,0.22049141726521726
