,HorseName,Score
0,TELECOM FIGHTERS,0.21507110178239558
1,SEASONS WIT,0.6925965236614301
2,PING HAI GALAXY,0.26322217543496224
3,CHANCHENG PRINCE,0.6692046341339877
4,NORDIC DRAGON,0.32797659207163576
5,YOUTHFUL DEAL,0.3704150527743515
6,XPONENTIAL,0.4838902913881982
7,WONDER KIT,0.38392427265687157
8,BUNDLE OF CHARM,0.2589107016588703
9,GUMMY GUMMY,0.4842384259263913
10,MAGNIAC,0.40864234441193714
