,HorseName,Score
0,AMAZING VICTORY,0.9223882586866636
1,GREEN N WHITE,0.9391018362230915
2,FUN TOGETHER,0.7402573430926754
3,SINBA,0.7997441996167374
4,MAGNIFICENT NINE,0.5673075141182946
5,SUNSTRIDER,0.387361141315231
6,SMILING TIME,0.9108074331080193
7,PATCH OF THETA,0.9951710787425903
8,BIG RED,0.9204211206113403
9,GOOD LUCK WIN,0.2034502251670637
10,KYEEMA,0.010654420449866036
11,RIGHTEOUS ARION,0.8143867944142664
12,SAKEWIN,0.026813291687993502
13,AEROINVINCIBLE,0.9764975362510687
