,HorseName,Score
0,I CAN,0.23689140763968225
1,SNOWALOT,0.538294604236743
2,TRADITION,0.042526147423873575
3,BIG RED,0.3715319145457347
4,STRONGEST BOY,0.6817824218527975
5,SUPER BABY,0.15509416149744568
6,FORTUNE COOKIES,0.04678062346245517
7,FOREMOST TEDDY,0.2961277409752799
8,RUNNING BOY,0.17423843436044822
9,FRUITY WARRIOR,0.04109647138376291
