,HorseName,Score
0,CALIFORNIA BANNER,0.09511737253744748
1,CALIFORNIA MOXIE,0.0726212143699389
2,LORD OF THE ROSE,0.14249224797734553
3,MEANINGFUL DRAGON,0.3002669579789828
4,SANTORINI,0.6034253270172057
5,SKYEY BLUE,0.0713139468454719
6,CONCORDE STAR,0.21179729443767925
7,LA FORZA,0.6423436679343285
8,RUN YES RUN,0.07210429057153916
9,SUPREME WINNER,0.055814509297525884
