,HorseName,Score
0,MORE RICE,0.27016496044286764
1,WIND SPEEDER,0.2567362184057145
2,SUPER ELITE,0.2585475933088233
3,TACTICAL COMMAND,0.2508068131570656
4,AUGUST MOON,0.2694653059378509
5,PRESTIGE MOOCHI,0.2503011344799082
6,GOODMANSHIP,0.26944105933456286
7,GENERAL ACE,0.2532149572461262
8,GREAT DAYS,0.25857686657798906
9,HAPPILY FRIENDS,0.26339380124289147
10,CALL ME TEDDY,0.26629741628382025
11,VIVA A LA,0.2607791331369432
