,HorseName,Score
0,SPORTS LEGEND,0.0033616922270305787
1,HOSS,0.0010878947011684992
2,MASTER STROKE,0.0035421791682163305
3,E UNIVERSE,0.01580668324683616
4,EASY SNIP,0.03669668310858894
5,SUPER CHARIZZARD,0.005481518380287585
6,THE KHAN,0.002757304523043872
7,GORGEOUS VITALITY,0.009558585192799252
8,YOUTH POWER,0.0014259765714019566
9,DAN ATTACK,0.01783867249154766
10,SUPER AXIOM,0.0033413902093905505
11,MY INTELLIGENT,0.01833209737167304
