,HorseName,Score
0,HOLY LAKE,0.44480716285998534
1,TOURBILLON PRINCE,0.3742656898032642
2,YOUNG ACHIEVER,0.14700556169586257
3,FALLON,0.2793922406638593
4,BEAUTY LIVE,0.06702133442250637
5,BRIGHT INHERITANCE,0.12241930180663749
6,PRAY FOR MIR,0.17424729181541723
7,THE HEIR,0.773302624435672
8,SATIRICAL FAN,0.061269956568355946
9,ARIEL,0.24354764955138564
10,PERFECT PAIRING,0.029501189275094295
11,SMART CITY,0.06072074430533497
12,I CAN,0.12885339346371957
