,HorseName,Score
3,SIXTH GENERATION,0.38099854418864576
4,SIGHT HAPPY,0.3030525479883008
1,JOY COMING,0.1885572697402947
