,HorseName,Score
0,FLYING DRAGON,0.030261892719152268
1,SKY FOREVER,0.001448972150901569
2,EVERYONE'S VICTORY,0.000838745506000439
3,COLOURFUL PRINCE,0.02138769546507855
4,ROBOT KNIGHT,0.0030714904804320107
5,SHANGHAI STYLE,0.002570588849305839
6,SHINING FORTUNE,0.0038487666854251533
7,REGENT GLORY,0.010224930964006021
8,DIAMOND SOARS,0.003757879646214355
9,ACA POWER,0.010033284173452471
10,RED MAVERICK,0.003987287913836182
11,COOL BLUE,0.0023110615932541356
