,HorseName,Score
0,LOYAL BABY,0.19727599606117152
1,RED MAJESTY,0.1762157186862091
2,GALLANT VALOUR,0.8292839430082349
3,SUPER BABY,0.09810162149626168
4,ALL RICHES,0.1357471854294334
5,INVINCIBLE MISSILE,0.05190223428936321
6,KASA PAPA,0.06850783813779489
7,CONCERTO,0.16147369305036713
8,DUBLIN STAR,0.23991807681663047
9,LEGION OF MERIT,0.17690990380556454
10,SUNNY SHINES,0.09677208192975653
11,NORTHERN BEAST,0.03832433143629682
