,HorseName,Score
0,RUN RUN COOL,0.4045661551339011
1,GOLDEN LUCK,0.2590716691927946
2,RAGNARR,0.05014947251743241
3,SUPERB WITNESS,0.1270412487578453
4,YEE CHEONG RAIDER,0.08747584223378252
5,YODA'S CHOICE,0.07001221569474969
6,GLORY B,0.07087344073819196
7,LUCKY QUALITY,0.20192346801471786
8,HERCULES,0.354294641014927
9,COLONEL,0.2187646827604494
10,WINNING HEART,0.048103262496619024
11,ALLOY KING,0.19465536789327345
