,HorseName,Score
0,YOUTHFUL SPIRITS,0.1579592855763258
1,ATOMIC FORCE,0.06982434889594667
2,MIDORI GLORY,0.10190647018414618
3,O'LINER,0.10406091360549323
4,RED ELEGANCE,0.07952245128160551
5,ALLGREEKTOME,0.11011448891711101
6,HEALTHY HEALTHY,0.0740769126621558
7,HEROIC MASTER,0.08229286822619855
8,ARMOUR EAGLE,0.058336540667765995
9,BITS SUPERSTAR,0.02939686190946366
10,ETERNAL FORTUNE,0.027767506416706413
11,SERGEANT PEPPER,0.10474135165708108
