,HorseName,Score
0,SAVVY CHIC,0.3411405790167463
1,WOOD ON FIRE,0.16018848958381054
2,BRAVO WARRIOR,0.1907749874504286
3,GLORY CLOUD,0.16987741739436768
4,KILINDINI,0.09891011416867271
5,PHILOS,0.21019194597375995
6,ISLAND GOLDEN,0.028070668137769105
7,GOLDEN LUCK,0.1931612786869855
8,JOYFUL LIFE,0.0815355023556854
9,YEABOI,0.08556023796673325
10,HARMONY N HOME,0.1225420324759237
11,BEAU GOSSE,0.11039967350724153
