,HorseName,Score
0,CALIFORNIA BANNER,0.18806121787362262
1,CALIFORNIA MOXIE,0.2558325030725879
2,CALIFORNIA STAR,0.2218761188067298
3,SANTORINI,0.3878107954827081
4,SKYEY BLUE,0.16422957679027858
5,THUNDER BLINK,0.2310881706943807
6,LA FORZA,0.595525693852822
7,RUN YES RUN,0.2744745510321187
8,SUPREME WINNER,0.06256832577138663
