,HorseName,Score
0,JUMBO LEGEND,0.12662210762954867
1,NORTHERN BEAST,0.20350805940634423
2,MY FLYING ANGEL,0.024263655154795647
3,ORIENTAL TYCOON,0.017270488332152167
4,AMAZING RUN,0.03220687189564011
5,HAPPY DAILY,0.1495234601760535
6,CIRCUIT MIGHTY,0.09298862476594622
7,FORERUNNER,0.11478215974580852
8,DEAL COMPLETED,0.029626070425939947
9,HARMONY N HOME,0.04760599418778069
10,GANGNAM STAR,0.11400604507963621
11,KASA PAPA,0.04759646320035413
