,HorseName,Score
0,SWEET BRIAR,0.20452666154492508
1,E UNIVERSE,0.05806847671600994
2,GALLANT VALOUR,0.24297751601358772
3,EN PERFECTO,0.036503328357574236
4,SUNNY DARLING,0.03529642952898131
5,LUCKY PLANET,0.1715805811206004
6,TRIPLE BLISS,0.03264228520245763
7,SMART FIGHTER,0.116772353907909
8,TACTICAL COMMAND,0.10163236760795478
