,HorseName,Score
0,MUST GO,0.22564587143410522
1,SIGHT HERO,0.2801130315243997
2,RUN RUN TIMING,0.22564587143410522
3,COPARTNER PRANCE,0.27985722225675314
4,FLYING ROMANTIC,0.22564587143410522
5,FUNG,0.22564587143410522
6,INVINCIBLE LUCKY,0.22564587143410522
7,RUBY SAILING,0.2256644085718237
8,GUSTY FIGHTER,0.12714754208564624
9,ISLAND BRIGHT,0.1043624097841442
10,THE GOOD DEAL,0.1043624097841442
11,KING OF THE COURT,0.20576714858641368
