,HorseName,Score
0,DENFIELD,0.3951313404682991
1,LEAN MASTER,0.380066009059744
2,ONE FOR ALL,0.4801707613721605
3,RUN RUN COOL,0.4003028790801252
4,ALMIGHTY KICK,0.24996762200870307
5,SIGHT HERO,0.19236697121710186
6,JOLLY COMPANION,0.0584738684255815
7,FAIRY HORSE,0.08968686794561205
8,BRAVO WARRIOR,0.06735740542044406
9,FLYING PHANTOM,0.16484719437073544
10,TATTENHAM,0.11100584827751758
11,DAN ATTACK,0.3111577348660205
