,HorseName,Score
0,SEASONS WIT,0.6913293826509697
1,BUNDLE OF CHARM,0.5897885873486691
2,MAJESTIC KNIGHT,0.8148953015851776
3,TOMODACHI KOKOROE,0.7258072987227582
4,BEAUTY CHARGE,0.7476506105609246
5,GUMMY GUMMY,0.718854064705837
6,BON'S A PEARLA,0.6375287238087143
7,WONDER KIT,0.8194030470682387
8,COPARTNER AMBITION,0.5849865161571933
9,ASTROLOGER,0.14986994359324735
10,YOUTHFUL DEAL,0.5165743637795908
