,HorseName,Score
0,LIGHTNING BOLT,0.15645301378354812
1,NICCONI COUNTY,0.20208545571513978
2,GOLDEN EMPIRE,0.1531921246929034
3,ACT OF FAITH,0.3332461210238405
4,PRINCE OF PORTY,0.5262201826420014
5,CONTI CONTI,0.24501546076171
6,HOSS,0.29967185322575335
7,RIGHTEOUS ARION,0.4529733131993245
8,MEGA BONUS,0.12199850857772761
9,ORIENTAL SMOKE,0.09808672825695887
10,READY TO WIN,0.13244027780483902
