,HorseName,Score
0,RATTAN WORLD,0.23446094833341163
1,WIND SPEEDER,0.13864267471015523
2,COLONEL,0.22909541513007625
3,SONIC BOOM,0.1252748273543408
4,DAILY TROPHY,0.1348365713421141
5,NORDIC COMBINED,0.37195156503087484
6,YOUNG HORIZON,0.17765189586382482
7,GENERAL ACE,0.07582801226952701
8,H Z TOURBILLON,0.10898028959015778
9,VIVA A LA,0.08597790534948677
10,DEVIL AND GOLD,0.001735425021773967
11,NOIR RIDER,0.026672870265768683
