,HorseName,Jockey,Score
0,PARENTS' LOVE,Z Purton,0.04987418948444954
1,SPEEDY FORTUNE,A Atzeni,0.17473788091692355
2,ACE TALENT,H Bowman,0.08914728178006884
3,GOOD VIEW GLORY,B Avdulla,0.16904629180992903
4,LAPRAS,K De Melo,0.05835486468280649
5,DIAMOND SOARS,C L Chau,0.10711469175310166
6,PLENTIFUL,L Ferraris,0.01763575035162538
7,GOODMANSHIP,K Teetan,0.1563593943028457
8,MAGIC TRAVELLER,M L Yeung,0.01809643708192093
9,DOUBLE SHOW,H Bentley,0.15963321783632883
