,HorseName,Score
0,TELECOM POWER,0.09662424687491272
1,AMAZING ACE,0.27010806369920465
2,SUGAR BALL,0.06843825315583849
3,GOLDEN RISE,0.4984958393578855
4,FLYING WROTE,0.1988353778582297
5,HAPPY FOR ALL,0.42437706873646425
6,MR VALIANT,0.09845044789607948
7,SWEET DIAMOND,0.5570105803093238
8,SPICY GOLD,0.25050995079643323
9,TATTENHAM,0.07759606531852581
10,HERO STAR,0.11575214071032722
11,TRAVEL GOLF,0.30541827166805896
