,HorseName,Score
0,ELLIPTICAL,0.3761542848637931
1,AWESOME FLUKE,0.14624501952448846
2,SIMPLE HEDGE,0.8785369639888081
3,KA YING GENERATION,0.10518970800400516
4,ESCAPE ROUTE,0.3009989767266235
5,ENIGMA,0.14888977885797047
6,INTREPID WINNER,0.16815746744818022
7,HAKKA RADIANCE,0.11855243208770079
8,SWAN BAY,0.38559491065095614
9,BILLIONAIRE SECRET,0.1439850104020738
10,GALLANT HERO,0.30009422200828567
