,HorseName,Score
0,JOLLY RULER,0.05485266298446788
1,OWNERS' PRAISE,0.30263215691420686
2,RUN RUN TIMING,0.1487777966502344
3,TOP SCORER,0.8220231728645974
4,ENJOY GOLF,0.25131388616594674
5,GRAND BOSS,0.14146758592323122
6,NOT A FEW,0.04792860416984944
7,SKY TRUST,0.638717905952319
8,STURDY RUBY,0.2568564218142998
9,PACKING BRILLIANT,0.03931518835299485
10,SUPER CHARIZZARD,0.06847569311201405
11,HOSS,0.13115327358332038
12,RIVER VIEWS,0.25643449735180796
13,ACA POWER,0.2635399856363293
