,HorseName,Score
3,CHANCHENG GLORY,0.8189202085817204
0,MOMENTS IN TIME,0.05530494139964611
6,ATULLIBIGEAL,0.052906160828678925
