,HorseName,Score
0,KARATE EXPRESS,0.18159283359887637
1,CALIFORNIA BANNER,0.08742310017391201
2,CALIFORNIA MOXIE,0.0937048603058656
3,SANTORINI,0.6807387202603784
4,SMART ZIPANG,0.08446910756229081
5,ALWAYS MY FOLKS,0.059675140537202145
6,CASHISCASH,0.1399269392010756
7,GOOD PROSPECT,0.10039430591805701
8,KA YING RESILIENCE,0.2589415149112669
9,PATCH OF COSMO,0.14457670369029868
10,SMILING EMPEROR,0.2247762364778356
11,SUPREME WINNER,0.16742289646818403
