,HorseName,Score
6,BRILLIANT EXPRESS,0.5373884374990796
11,HAPPY DAILY,0.18424195954868453
0,OWNERS' PRAISE,0.12237686764826407
