,HorseName,Score
0,PARTERRE,0.15791134169011103
1,EASY SNIP,0.20580562885747938
2,PATCH OF THETA,0.41171716520067614
3,FUNG,0.10225208235542535
4,MARIO,0.2576046097115073
5,MASTER MASTERMIND,0.7010206534154279
6,PACKING WISHER,0.24903631587242256
7,SUPER GLORY,0.15298919357229895
8,GOLDEN LINK,0.10910192909246201
9,SPICY GOLD,0.1793286304228582
10,PATCH OF WATCH,0.10056362271693728
11,SIGHT VICTORY,0.1637511593195493
12,URBAN TRIUMPH,0.0477951234494764
13,JAZZ CLUB,0.05540289929914443
