,HorseName,Score
0,SUPER GOLDI,0.24532461632207023
1,CHAMPION INSTINCT,0.24653861844431396
2,SETANTA,0.24512374668059334
3,JOLLY COMPANION,0.24513643665779503
4,EXCELLENT DADDY,0.2459618474982572
5,GREAT SPIRIT,0.24659284228768794
6,GIANT LEAP,0.24546589055463564
7,JOYFUL SUPREME,0.24593973982200248
8,PACKING BRILLIANT,0.262621746474238
9,SUPER GLORY,0.24595230371483415
10,AWESOME TREASURE,0.24448858454602065
11,NEW POWER,0.24592790692679098
