,HorseName,Score
0,IMA SINGLE MAN,0.28530217407572384
1,EIGHTY LIGHT YEARS,0.549792669131905
2,FULL CREDIT,0.7074800701033858
3,GREAT STATE,0.0735328119312507
4,LO PAN SPIRIT,0.6221248605773622
5,MODULECONSTRUCTION,0.9188981369208038
6,TORONADO PHANTOM,0.2479850462725103
7,POLARIS,0.16000222240766912
8,STAR CLUB,0.6774176797486821
9,CAPTAIN WIN,0.2933997648268877
10,VICTOR THE RAPID,0.10709231509026912
11,YEAH BUDDY,0.1272188908649697
