,HorseName,Score
0,ARMOUR WAR EAGLE,0.33979707160615846
1,THE HEIR,0.7811739301636264
2,GOLDEN EMPIRE,0.16389915943977335
3,RUN RUN COOL,0.235644840354576
4,SILVER UP,0.2660243362240422
5,ZOOM BOOM,0.16734884231348107
6,HONG KONG HALL,0.4010210236256493
7,MIDORI BURLY,0.25771556958207603
8,D STAR,0.2745536774067415
9,LOST CHILD,0.2636039155533381
10,BONUS PAL,0.1253427775057997
11,ENDEARED,0.17702762410451192
12,STORM RIDER,0.687426442913924
13,RAGNARR,0.11753475394548457
