,HorseName,Score
0,PRINCE OF PORTY,0.5340507582099624
1,SUPERSONIC,0.016490579682212753
2,LO PAN SPIRIT,0.5856786694111712
3,CIRCUIT MAXIMUS,0.15004294582369015
4,LUCKY SYMPHONY,0.24179562974243657
5,SKY PROPHET,0.09849461326813883
6,STEPS AHEAD,0.32095288541629646
7,CIRCUIT TEN,0.17015931255879416
8,GALE SAGA,0.036255370245116755
9,HERO WARRIOR,0.019416595590844982
10,HAYDAY,0.2123741458017023
11,STRATHPEFFER,0.3583596341642
