,HorseName,Score
0,HAMERON,0.277647977679754
1,SO WE JOY,0.3089357315941204
2,GRATEFUL HEART,0.36042040770483785
3,EIGHTEEN PALMS,0.6064472294589446
4,JUNE PLANET,0.5335464137962789
5,LOVERO,0.21213131033228186
6,AMAZING DUCK,0.0914899024289704
7,SAMARKAND,0.14202321614519645
8,IVY LEAGUE,0.05441586481873181
9,AESTHETICISM,0.20143897090804427
10,GLORIOUS JOURNEY,0.14193397732240096
11,SOLAR GOGO,0.009763603646259864
