,HorseName,Score
0,THE GOLDEN SCENERY,0.153990434060135
1,SUPER SUNNY SING,0.20411921478090905
2,ATULLIBIGEAL,0.5038120493052348
3,FANTASTIC TREASURE,0.31257723926275116
4,SPIRITED EXPRESS,0.25533416128009184
5,SWEET ENCOUNTER,0.4215026334887986
