,HorseName,Score
0,LOVERO,0.438851017061393
1,GRACIOUS EXPRESS,0.32341612544280907
2,SILVER KING,0.13745273576800918
3,NOT USUAL STAR,0.15055891215528378
4,THE WINNABE,0.30457200635209436
5,GIDDY UP,0.18215229964628218
6,MOJAVE DESERT,0.11515236239731758
7,GALVANIC,0.4452718602147945
8,KING MILES,0.4267419117866902
9,HARMONY GALAXY,0.06337462371190962
10,MIGHTY STEED,0.17051414875315885
11,GREENWICH,0.32826889273271453
12,HIGHLAND RAHY,0.08446910756229081
