,HorseName,Score
0,TELECOM FIGHTERS,0.46191743787854644
1,ALL FOR ST PAUL'S,0.1845220252620696
2,MR ASCENDENCY,0.2712799029974091
3,NORDIC DRAGON,0.15799163816533446
4,APACHE PASS,0.1288006603616444
5,ALACRITY,0.5119551510361164
6,GALAXY WITNESS,0.39131399102378883
7,YOUTHFUL DEAL,0.1515503530709806
8,ADEFILL,0.1680039597337602
9,BERLIN TANGO,0.218928285554437
