,HorseName,Score
0,THE GREAT MASTER,0.09372709511701413
1,FUN ELITE,0.45660774526671966
2,METRO WARRIOR,0.384189749026533
3,PANDA,0.2768272570594108
4,BOWSER,0.15098961640666356
5,CHEERFUL WORLD,0.11887937558021963
6,DEEP PURSUIT,0.17955926429957925
7,PROSPEROUS SMILE,0.1346548160755158
8,CERVIN,0.1279167817753927
9,LUCKY SYMPHONY,0.11643003135459432
10,MARIO,0.18651989122332083
11,FANCY STAR,0.07003867342667384
12,HELLS BELLS,0.003961126833227063
13,PROSECCO,0.5296599663532763
