,HorseName,Score
0,EASON,0.10808604914284346
1,ROCKET SPADE,0.5210828086629931
2,TOURBILLON PRINCE,0.288234339630211
3,LUCKY EIGHT,0.11868618468326236
4,ALL BEAUTY,0.10467416607867765
5,LOYAL BABY,0.23583123812313594
6,SIXTH GENERATION,0.3493690756871912
7,AESTHETICISM,0.31014607263398947
8,EIGHTEEN PALMS,0.4486249624041867
9,U S S CONSTITUTION,0.0007508260905192074
10,D STAR,0.3516031233816923
11,ABSOLUTE SUNSHINE,0.06320131863229947
