,HorseName,Score
0,KING ECCELLENTE,0.040538166792801124
1,ROMANTIC NOVELIST,0.00326060849034463
2,ERNEST FEELING,0.08058113377999236
3,HAPPY SOUL,0.07559213744594717
4,OUR LUCKY GLORY,0.06153101852045021
5,SUPER TAICHI,0.052130480005170426
6,GALE SAGA,0.00488826088391388
7,TALENTS SUPREMO,0.012207010106067706
8,COUNTRY DANCER,0.052023642868500995
9,SO AWESOME,0.05094922943245491
10,DIAMOND SOARS,0.004914838102415168
11,CHEER FOR SOUTH,0.025819964578447173
