,HorseName,Score
0,GALLANT WAKING,0.025137958663616674
1,TOURBILLON PRINCE,0.066342013031585
2,QUANTUM PATCH,0.04448491759114386
3,TRUE GENIUS,0.0018783793678373265
4,NEVER TOO SOON,0.008915730904218622
5,ROMANTIC LAOS,0.010610912248062045
6,STAR CONTACT,0.0362523744587595
7,LUCKY EIGHT,0.01388863554934891
8,ALL BEAUTY,0.01431547102579961
9,SHOW RESPECT,0.010380270974621582
10,ESCAPE ROUTE,0.0010181610850323395
11,ZOOM BOOM,0.010890178900254021
