,HorseName,Score
0,THE GOLDEN SCENERY,0.35220245860279525
1,FLAMING RABBIT,0.41024871452771894
2,MR ASCENDENCY,0.4449005269907749
3,HELENE FEELING,0.8100307516664905
4,THE BEST PEACH,0.5802980396770523
5,SPIRITED EXPRESS,0.23351743567089747
6,CHANCHENG GLORY,0.7000813982947687
7,OUTGATE,0.3463276222516676
8,BOURBONAIRE,0.13366295338562822
9,SWEET ENCOUNTER,0.5395881403332363
