,HorseName,Score
0,E GLORY,0.09544397718408487
1,NOBLE ONE,0.08355497245564647
2,THE GOOD DEAL,0.1647379949149681
3,RATTAN WORLD,0.3899110533201756
4,HERO ICON,0.10259816941234409
5,SMART LEADER,0.09436921904934757
6,SWEET DIAMOND,0.11878958798368286
7,TIMESTORM,0.07001349388326837
8,GET THE MONIES,0.1470632533030848
9,HAPPY TANGO,0.17874977366714714
10,EASY TWO,0.11574761487198001
11,GREAT DAYS,0.11066184354275901
12,MILLENNIUM FALCON,0.11094154549877834
13,DEVIL AND GOLD,0.02686970188990255
