,HorseName,Score
0,YELLOWFIN,0.24592052729716213
1,ARMOUR EAGLE,0.24583895579305295
2,VICTORY MOMENTS,0.2489165611840003
3,SMOKEY BEAR,0.2496900671026571
4,FIERY DIAMOND,0.24374400329449647
5,FAST BUCK,0.24593551658746945
6,GOOD BUDDY,0.24593615643669856
7,SELF IMPROVEMENT,0.24831593245666175
8,SKY FOREVER,0.24303541772600087
9,JOLLY RULER,0.2454012612060249
10,SING DRAGON,0.245922033019935
11,MONTA FRUTTA,0.24378997941973785
