,HorseName,Score
0,NOBLE WIN,0.08566056547957836
1,ROBOT FIGHTER,0.053029620731495385
2,V LOVE YOU,0.013542234064950634
3,COOL BLUE,0.13928253132009272
4,FORTUNE PRESIDENT,0.17094629623184346
5,M M NEBULA,0.12838317446469394
6,ASIAN ONE,0.5071140697229604
7,SUPERB MOVE,0.18088665475154092
8,CASA LEGEND,0.08642162030486078
9,CHARMING STEED,0.36110620226089213
10,CHIRON,0.09124725488497183
11,ALL IS READY,0.08265950757153404
12,EAGLE RUN,0.07173349818525789
13,GREEN LASER,0.18485247565519736
