,HorseName,Score
0,BERLIN TANGO,0.7489798760051823
1,MOMENTS IN TIME,0.45876606782539986
2,PRIME MINISTER,0.5384149827046495
3,TURIN MASCOT,0.8159983341651097
4,TRUE GENIUS,0.16902723663114186
5,LOOKING GREAT,0.5578513531831936
6,M UNICORN,0.8606035149969583
7,MAJESTIC VICTORY,0.7651530879316526
8,INTREPID WINNER,0.7096824564107712
9,ESCAPE ROUTE,0.5552392454106877
10,KIMBERLEY,0.665683017766907
11,GALLANT HERO,0.6913217209850063
