,HorseName,Score
0,WINNING SEVEN,0.058697808435951224
1,GO HERO,0.11630141605605131
2,RELIABLE PROFIT,0.044705521147429914
3,CHIRON,0.1595273806586089
4,MEDIC ELITE,0.2172141349480417
5,WOODFIRE CHAMP,0.04367292143319345
6,PERFECT PEACH,0.22966235791146625
7,GENERAL ACE,0.05430569359796073
8,NINJA DERBY,0.01684937673685952
9,PRECISION GOAL,0.12030560375247841
10,VIVA A LA,0.13542035737062003
11,ASIAN ONE,0.3110661833766248
12,EAGLE RUN,0.09894547424575502
13,GREEN LASER,0.04474093500262469
