,HorseName,Jockey,Score
1,AURORA LADY,Z Purton,0.3050824751509535
5,NEW POWER,M L Yeung,0.29250603192280944
6,SPICY GOLD,A Badel,0.12978010645202712
