,HorseName,Score
0,UNBELIEVABLE,0.028842988726178534
1,BRAVEHEARTS,0.025922767210421076
2,ILLUMINOUS,0.7156366483688987
3,AWESOME FLUKE,0.19661381269804745
4,LOOKING GREAT,0.072284173235852
5,INTREPID WINNER,0.31335007829988015
6,ROMANTIC CHARM,0.3434043323520372
7,NICHOLSON RETURNS,0.2649088154264471
8,BILLIONAIRE SECRET,0.20974744333397655
9,EIGHTEEN CARAT,0.01310518889724314
10,KIMBERLEY,0.09801961859332113
