,HorseName,Score
0,HUGE WAVE,0.48495614267765513
1,ALL IS GOOD,0.22088024808859047
2,VIVA GRACIOUSNESS,0.061774547446292565
3,SUPERB KID,0.5277754400872298
4,CITY THUNDER,0.07949373021885327
5,LEEDOX,0.032770987413192496
6,ORIENTAL SMOKE,0.1817357117890755
7,BEAUTY FIT,0.20673088682851104
8,SATIRICAL FAN,0.09775628680069566
9,SUNNY DARLING,0.08872809922363872
10,BEAUTY MISSILE,0.3579028017693998
11,MIDORI BURLY,0.11033546617481844
