,HorseName,Score
0,I GIVE,0.13756648565555285
1,NOT USUAL STAR,0.08856631865277984
2,O'LINER,0.19738749613043766
3,SUPER FORTUNE,0.28393227539044635
4,TORONADO PHANTOM,0.11016198879963252
5,LADY'S CHOICE,0.5268001420555749
6,LEEDOX,0.0019806975410926074
7,STELLAR SWIFT,0.07713961148302813
8,FLOOF,0.04982110239954071
9,MY FLYING ANGEL,0.0709073745125317
10,PRAWNS ELEVEN,0.05320015261830225
