,HorseName,Score
0,TELECOM SPEED,0.15785383513406837
1,OUR LUCKY GLORY,0.3430536565440353
2,GOLDEN LUCK,0.4039187473791787
3,DIAMOND FLARE,0.2667536251802611
4,HOSS,0.1946290893243894
5,SIGHT SUPREME,0.44841038459572774
6,GLORY CLOUD,0.35444935481723266
7,WINNING HEART,0.07181717474073492
8,MOLLY'S WITNESS,0.018518704776525428
9,CRYSTAL POWERFUL,0.09910540018987693
10,FALCON COURT,0.0970623664011049
11,HARMONY N HOME,0.15387891671039403
