,HorseName,Score
0,BEAUTY LIVE,0.050998428985224754
1,UNIVERSAL HORIZON,0.6280639888952637
2,KARMA,0.5548837954048856
3,BEAUTY FIT,0.5208721085364687
4,SOLEIL FIGHTER,0.042371303906816156
5,SWEET BRIAR,0.7889569619440592
6,EIGHTEEN CARAT,0.07159299157532305
7,FRANTANCK,0.5249079032738938
8,SILVER UP,0.5747200534036495
9,MIDORI BURLY,0.01169065953751324
10,ZOOM BOOM,0.18062312196340546
11,BEATO,0.6389598840325469
12,MARADO,0.24522179791246576
