,HorseName,Score
0,SPLENDID STAR,0.3042583295313162
1,AMAZING BOY,0.38265072944297673
2,NINJA DERBY,0.06252728620687455
3,SUNNY SHINES,0.04794909744843146
4,GO GO GO,0.061881875876421515
5,CIRCUIT ELITE,0.13314360484589718
6,LOYAL AMBITION,0.5521266296322402
7,PRECISION GOAL,0.1472727930130057
8,DIAMOND WINNER,0.20648097742074406
9,FOXHUNTER WAY,0.11597298563188119
10,BROTHER PEARL,0.09699627734766425
11,SUPER HORNET,0.011668435351814535
