,HorseName,Score
0,AWESOME FLUKE,0.18208593014282629
1,TURIN MASCOT,0.5050282191904565
2,LEAN HERO,0.25962615321860405
3,ROMANTIC LAOS,0.6388607150958482
4,ESCAPE ROUTE,0.3255082961735037
5,UNIVERSAL HORIZON,0.7022529045266258
6,EIGHTEEN PALMS,0.580449092835085
7,GALLANT HERO,0.14622776204560778
8,SPLENDID LIVING,0.38288379007803014
9,INTREPID WINNER,0.10574592092822911
10,MAJESTIC VICTORY,0.25333811248635957
11,PRIME MINISTER,0.07796038520363557
