,HorseName,Score
0,JUMBO LEGEND,0.2696608304341977
1,SUPER HIGHWAY,0.26771747208112323
2,FUN N GLORY,0.2674607478322269
3,COPARTNER PRANCE,0.2703351780809643
4,CHATEAUNEUF,0.26641160944133935
5,GREAT SPIRIT,0.26776111140902364
6,MASSIVE TALENT,0.2707129847270121
7,NEVER PETER OUT,0.27018911686862196
8,ROBOT KNIGHT,0.26991234783989726
9,COMPASSION SUPER,0.26237857230833167
10,SEA SAPPHIRE,0.2645408493737584
11,COMMANDING MISSILE,0.2646020463392277
