,HorseName,Score
0,BEAUTY LIVE,0.24213860971167636
1,UNIVERSAL HORIZON,0.24636507179158487
2,KARMA,0.2449480228010473
3,BEAUTY FIT,0.24727116427399526
4,SOLEIL FIGHTER,0.24595407580692938
5,SWEET BRIAR,0.24642550433541152
6,EIGHTEEN CARAT,0.24630339894854847
7,FRANTANCK,0.24643072304589475
8,SILVER UP,0.2462703540568777
9,MIDORI BURLY,0.24431951575494457
10,ZOOM BOOM,0.245191601809131
11,BEATO,0.24632435282168422
12,MARADO,0.24482871369042955
