,HorseName,Score
0,PLEASANT ENDEAVOR,0.5249433679675286
1,FLYING HIGH,0.6688394861518806
2,BABY CRYSTAL,0.5376166390772661
3,STELLAR EXPRESS,0.8896942230103164
4,NORTHERN BEACHES,0.41872488669930286
5,TELECOM POWER,0.1340272593362793
6,BULB EMPEROR,0.24761522192911753
7,JOLLY RULER,0.0684696135074448
8,SUPERSONIC,0.02004173104868052
9,CHEVAL VALIANT,0.5443496174940033
