,HorseName,Score
0,PACKING POWER,0.1914442748644502
1,FLYING WROTE,0.10393440024774499
2,HAPPY TRIO,0.24886297732752366
3,AURORA LADY,0.15995046099857033
4,TO INFINITY,0.15545252544688282
5,RAGNARR,0.032971601366063585
6,COLONEL,0.061415425152848105
7,FAIRY HORSE,0.045968334595916344
