,HorseName,Score
0,TRUE LEGEND,0.05626847656099021
1,YELLOWFIN,0.7929442909487634
2,ADEFILL,0.3727269529099418
3,SO WE JOY,0.14299122076513984
4,PERFECT TEAM,0.15488910130878364
5,FIERY DIAMOND,0.3328263977410734
6,BEAUTYVERSE,0.1480324220711789
7,LESLIE,0.10625499011268884
8,SELF IMPROVEMENT,0.5013573470951052
9,MASSIVE ACTION,0.23306592955764613
10,AMAZING DUCK,0.06739399173190314
11,FRANTANCK,0.598387039013525
12,NORDIC STAR,0.2184770619078557
