,HorseName,Score
0,INTREPID WINNER,0.23659579496129726
1,SERANGOON,0.3891221366625808
2,JOY OF SPRING,0.6805182231267833
3,SATIRICAL GLORY,0.27307099613886676
4,FOREVER GLORIOUS,0.30063037454133695
5,PRECISE EXPRESS,0.14617542454461707
6,PEGASUS GENERAL,0.2996965701432427
7,SUPER HONG KONG,0.18982294262113003
8,LEGION OF MERIT,0.15116793509940218
9,PALACE PAL,0.07286761601131367
10,SPECIAL HEDGE,0.18171507012259483
11,ME TIME,0.08691221693865703
