,HorseName,Score
0,ACE TALENT,0.246740889357169
1,HAPPY HORSE,0.2446481445511786
2,MR GOOD VIBES,0.24439074561084878
3,HAPPY TANGO,0.26462401913515265
4,MODEST GENTLEMAN,0.24249470005755022
5,SWEET DIAMOND,0.24696743615733519
6,SMART LEADER,0.24706338025251018
7,AUGUST MOON,0.24700192833696097
8,GOODMANSHIP,0.24702063258869542
9,GREAT DAYS,0.24866007090434528
10,DASHING GLORY,0.24708110035490172
11,DEVIL AND GOLD,0.24706358760964017
