,HorseName,Score
0,CALIFORNIA DEEPLY,0.40284786918225357
3,MY WISH,0.2759950988907397
9,SUPER LEGENDS,0.07977427047677368
