,HorseName,Score
0,MAGIC TRAVELLER,0.04368128196178201
1,MODEST GENTLEMAN,0.15342449734600547
2,HAPPY HORSE,0.23894795119126508
3,FINGERS CROSSED,0.079927666842502
4,PERFECT ROCK,0.0041208881515662965
5,AUGUST MOON,0.13233152681355886
6,GOODMANSHIP,0.15469121410212144
7,MULTIMORE,0.38298292480470614
8,HAPPY TANGO,0.1612576382050432
