,HorseName,Score
0,KING INVINCIBLE,0.1501705468829424
1,ALLOY KING,0.42342342242341224
2,HERO STAR,0.23032083937604927
3,SAME TO YOU,0.024911653021443353
4,SUPER AXIOM,0.32443176678543495
5,SWEET DIAMOND,0.27749069614831323
6,MODEST GENTLEMAN,0.28055823243045935
7,TIMESTORM,0.23623621108544016
8,ISLAND SURPRISE,0.34948824811600315
9,AUGUST MOON,0.1335838881813967
10,GOODMANSHIP,0.2200225827739824
11,NOIR RIDER,0.036991909594286124
