,HorseName,Jockey,Score
0,GO GO GO,Z Purton,0.29643611650498
1,KASA PAPA,H Bowman,0.18149806333982302
2,MISTER FOX,B Avdulla,0.023138599094289697
3,TATTENHAM,K Teetan,0.16836147088064804
4,DRAGON DELIGHT,E C W Wong,0.14504651236743454
5,RUNNING AHEAD,C L Chau,0.05465009513057495
6,RIGHT HONOURABLE,M Chadwick,0.07173008418626405
7,YEABOI,M F Poon,0.05913905849598578
