,HorseName,Score
0,GALAXY WITNESS,0.26462299069011225
1,PRIME MINISTER,0.16299787067151578
2,I AM THE BOSS,0.2642602361796748
3,TOURBILLON PRINCE,0.17967218840306318
4,WINNING DRAGON,0.2338203885419307
5,MASTER OF FORTUNE,0.11560995238911506
6,STAR CONTACT,0.14759102080870712
7,ESCAPE ROUTE,0.1710362313553229
8,LOVERO,0.24453391651733236
9,GLORIOUS JOURNEY,0.18858989491940387
10,LOYAL BABY,0.12327272146432859
11,RED HARE KING,0.2779538679633694
