,HorseName,Score
0,YELLOWFIN,0.2075265881750748
1,ARMOUR EAGLE,0.11817460899045724
2,VICTORY MOMENTS,0.2460257562662953
3,SMOKEY BEAR,0.5868416831217161
4,FIERY DIAMOND,0.22048874133870905
5,FAST BUCK,0.35814249514455726
6,GOOD BUDDY,0.41129402024157713
7,SELF IMPROVEMENT,0.2974698309412302
8,SKY FOREVER,0.18894332738241268
9,JOLLY RULER,0.11900817164380559
10,SING DRAGON,0.26868747750176175
11,MONTA FRUTTA,0.18895420851834402
