,HorseName,Score
0,HOLY LAKE,0.4641278153405876
1,TOURBILLON PRINCE,0.4183193281898532
2,YOUNG ACHIEVER,0.12690441761235388
3,FALLON,0.2802169231146091
4,BEAUTY LIVE,0.05798547404258425
5,BRIGHT INHERITANCE,0.1110229338704657
6,PRAY FOR MIR,0.27078891580010084
7,THE HEIR,0.8211082422016845
8,SATIRICAL FAN,0.028784443919054107
9,ARIEL,0.2500746028688326
10,PERFECT PAIRING,0.03886183251803018
11,SMART CITY,0.03674861178917977
12,I CAN,0.12659319970428107
