,HorseName,Score
0,PRECISE EXPRESS,0.0026552646503708176
1,PEGASUS GENERAL,0.08933719404469105
2,OWNERS' PRAISE,0.09089435862430549
3,SERANGOON,0.0876900074804931
4,TAKE ACTION,0.013532525765410442
5,MR ALADDIN,0.052743277824294665
6,FOREVER GLORIOUS,0.03290946696206722
7,ROBOT FIGHTER,0.013350306585154017
8,CASA COSMO,0.02288998431570277
9,KYRUS UNICORN,0.022914416388762737
10,SUNNY BABY,0.0957750097520913
11,TURTLE AGAIN,0.09405955866360191
