,HorseName,Score
0,MY INTELLIGENT,0.4186390032805873
1,THE CONCENTRATION,0.05282943398361331
2,DRAGON DELIGHT,0.14645925061760742
3,HEARTY WISH,0.417606842426087
4,JAZZ CLUB,0.023334949576786935
5,NOBLE WIN,0.020589419708093085
6,SUPER JOY,0.162379576274216
7,BEAT HOLLOW,0.15432938840654353
8,GENERAL ACE,0.11858823184668207
9,RIGHT HONOURABLE,0.042907268208432575
10,TSUEN WAN GLORY,0.276558064160841
11,YEABOI,0.056782481925128546
12,REGENCY HAPPY STAR,0.16787158943711017
