,HorseName,Score
0,TELECOM FIGHTERS,0.31351607344491705
1,MR ASCENDENCY,0.5502358353526003
2,MOMENTS IN TIME,0.5221919805269618
3,KEEFY,0.18693741935249153
4,GALAXY WITNESS,0.47530473614114116
5,RISING FROM ASHES,0.3711878081153915
6,FIND MY LOVE,0.3180263802907713
7,OUTGATE,0.41334168222845336
