,HorseName,Score
0,HOSS,0.2469178393227908
1,ERNEST FEELING,0.25353362474253854
2,WOOD ON FIRE,0.24517395914010845
3,KING ECCELLENTE,0.24692726228074077
4,KILINDINI,0.24695798798384255
5,RUNNING BOY,0.2469772892891901
6,MULTIDARLING,0.2464820898913673
7,SUPER EAGLE,0.2565861330898788
8,ALLOY KING,0.24755409401335285
9,COLONEL,0.24605401771278831
10,HARMONY N HOME,0.24532624284095833
11,TACTICAL COMMAND,0.24680071345468244
