,HorseName,Score
0,COURIER WONDER,0.22499558400059866
1,HOWDEEPISYOURLOVE,0.5946807060641992
2,DUKE WAI,0.22755873682058858
3,WHIZZ KID,0.14619596748547622
4,ADIOS,0.22531761143106407
5,NERVOUS WITNESS,0.3167214507757963
6,PACKING TREADMILL,0.6584510815252116
7,INVINCIBLE SAGE,0.657490148227206
8,FLYING ACE,0.7315583039620616
9,BEAUTY CHARGE,0.524171357098162
10,DROMBEG BANNER,0.33545672463977605
