,HorseName,Score
0,AMAZING FUN,0.23266553310322144
1,WRITTEN CASA,0.10914511483952624
2,SHANGHAI STYLE,0.023342739809173244
3,REGENT GLORY,0.12677597550368788
4,FORTUNE WHISKEY,0.014384744887574812
5,ROBOT KNIGHT,0.10671576046212548
6,MR ENERGIA,0.03926425345303357
7,STRIVE FOR GLORY,0.16592677981672002
8,HERO STAR,0.07179501249979471
9,SKY SONG,0.05048034569643098
10,CRAZY TREASURE,0.03817165338718067
11,SONIC BOOM,0.021332086541530938
