,HorseName,Score
0,SKY HEART,0.7572692585012927
1,SECOND TO NONE,0.38601141280883594
2,WAR OF COURAGE,0.16482515542672435
3,GOOD GOOD,0.18470810484546646
4,SOARING BRONCO,0.13554984248315669
5,FIGHT TIME,0.3144923214188302
6,TRAVEL GOLF,0.17221755259993177
7,CHATER GOLD,0.22268823677447835
8,LUCKY FIONN,0.06967705986390622
9,TOP PEAK,0.21802189646113304
10,WINNING GOLD,0.22415637479695658
11,KINGLY DEMEANOR,0.010051727963932356
12,CIRCUIT NINE,0.07270520432776607
13,AFFIRM,0.28766728368711675
