,HorseName,Score
13,MULTISUPER,0.6289448761528458
1,FLYING HIGH,0.1312506429159897
2,HASTEN DELIGHT,0.08302669883283328
