,HorseName,Score
0,STORMTROUPER,0.2577673406865023
1,NICE BIRDIE,0.1982997338357726
2,YOUNG HORIZON,0.07901230816920624
3,BIG TWO,0.098187136358332
4,CIRCUIT ELITE,0.18602471589884198
5,REGENCY HAPPY STAR,0.517812767369524
6,UNITED ENDEAVORS,0.3631839471498341
7,CHARMING STEED,0.17544487615859283
8,BRILLIANT PIONEER,0.12118529683217988
9,DASHING GLORY,0.16220009172514005
10,VIVA A LA,0.04262687782625043
11,SUPER HORNET,0.09760565601963256
