,HorseName,Score
0,JAMES TAK,0.22217983946335668
1,YOU'REMYEVERYTHING,0.1384327083778234
2,GIMME FIVE,0.13806646655567717
3,GOLDEN ONE,0.19120022235140877
4,LUCKY CHARM,0.26934858896608377
5,SILVER DESTINY,0.27554342088883815
6,SKY TRUST,0.15060219681366843
7,LUCKY FIONN,0.16952910750177544
8,REGENT GLORY,0.23327017073177345
9,NEW POWER,0.13741967051537288
10,SPEEDY FORTUNE,0.4496748999928989
11,NISHIKADO,0.2179534948958855
