,HorseName,Score
0,LUCKY SWEYNESSE,0.5488200307671277
1,CALIFORNIA SPANGLE,0.32265328277790495
2,BEAUTY ETERNAL,0.7840068699908651
3,BEAUTY JOY,0.10253961755767306
4,LUCKY WITH YOU,0.27659765011467696
5,HEALTHY HAPPY,0.16732012396486423
6,TAJ DRAGON,0.3723143594723838
7,SON PAK FU,0.5256691705213586
8,RED LION,0.2174652019128273
9,GALAXY PATCH,0.38012973905469993
