,HorseName,Score
0,GALLANT WAKING,0.6556126892473229
1,WINNING DRAGON,0.25789120479258026
2,ROCKET SPADE,0.5294596174056287
3,QUANTUM PATCH,0.612586625831374
4,STAR CONTACT,0.3441065324902442
5,LUCKY EIGHT,0.20442220895772273
6,RED HARE KING,0.39526682344164027
7,ALL BEAUTY,0.1692818217227439
8,CHARITY BINGO,0.09533401530907863
