,HorseName,Score
0,PACKING TREADMILL,0.711614000406187
1,DUKE WAI,0.471029004207179
2,SUPERB CAPITALIST,0.4084693477785025
3,HARMONY N BLESSED,0.49007608403161024
4,CALL ME GLORIOUS,0.7133338922032347
5,JAMES TAK,0.8301217802827187
6,BEAUTY WAVES,0.7618057723297568
