,HorseName,Score
0,CAPITAL LEGEND,0.25917224248638415
1,KIMBERLEY,0.2507889740902529
2,FIGHT TIME,0.23936365442785992
3,BRAVE WITNESS,0.24883697963269263
4,JOYFUL FRIENDSHIP,0.25978824313031196
5,CHATEAU,0.24576625826958293
6,JOYFUL PROSPERITY,0.24376188647102334
7,LEGION OF MERIT,0.26198059444037813
8,FORTUNE PRESIDENT,0.251976902974015
9,KEEN UNITY,0.2621578768627397
10,CORDYCEPS ONE,0.25318027042814645
11,SPLENDID STAR,0.2511562703346354
