,HorseName,Score
0,MORE RICE,0.13840252055201668
1,WIND SPEEDER,0.35937570768056354
2,SUPER ELITE,0.1370427552124317
3,TACTICAL COMMAND,0.11951710716035203
4,AUGUST MOON,0.17079041847634788
5,PRESTIGE MOOCHI,0.053679415018748546
6,GOODMANSHIP,0.18041115902032198
7,GENERAL ACE,0.08759053626699606
8,GREAT DAYS,0.238485960354207
9,HAPPILY FRIENDS,0.18253361693620043
10,CALL ME TEDDY,0.1534870468069811
11,VIVA A LA,0.04284182376761847
