,HorseName,Score
0,VICTOR THE WINNER,0.3842799508858221
1,INVINCIBLE SAGE,0.8623693469592958
2,SIGHT SUCCESS,0.26724191288782706
3,STOLTZ,0.5368256740003563
4,FLYING ACE,0.5697996909959263
5,HOWDEEPISYOURLOVE,0.6219686198908021
6,MUGEN,0.8089190374700338
7,SON PAK FU,0.4022072027084054
8,KA YING RISING,0.791587310862056
