,HorseName,Score
0,WHIZZ KID,0.22641904999165952
1,DUKE WAI,0.3200970682264352
2,NERVOUS WITNESS,0.3001512127189427
3,SEASONS WIT,0.6831888898814227
4,MAJESTIC KNIGHT,0.8068518818057289
5,CARROLL STREET,0.5717818577507248
6,HARMONY N BLESSED,0.57088693781848
7,NORDIC DRAGON,0.4462187179806839
8,HUMBLE STAR,0.5035249893420876
