,HorseName,Score
0,TAJ DRAGON,0.13209570753357744
1,FLYING ACE,0.14387021584074935
2,HEALTHY HAPPY,0.08090827096131216
3,PACKING TREADMILL,0.164118954625303
4,THE GOLDEN SCENERY,0.10750888247869947
5,CHIU CHOW SPIRIT,0.19160309184211924
6,WONDER KIT,0.17989487671823942
