,HorseName,Score
8,RATTAN WORLD,0.32453946572482195
6,CHEER FOR SOUTH,0.17863642261796026
1,JOYFUL LIFE,0.12329138907417572
