,HorseName,Score
0,THE GOLDEN SCENERY,0.15960452380762596
1,ALL FOR ST PAUL'S,0.14151872170469684
2,RUNNING GLORY,0.021182588361880708
3,MUGEN,0.7759313350328473
4,FLAMING RABBIT,0.14235267802018117
5,RISING FROM ASHES,0.04565273461173614
6,SUPERB BOY,0.3515252911460141
