,HorseName,Score
0,COMET SPLENDIDO,0.44761289646647445
1,RED MAJESTY,0.44094344699031324
2,SIXTH GENERATION,0.5084105439378828
3,CORDYCEPS ONE,0.31952402127496604
4,GOLDEN LUCK,0.217800736444053
5,STORM LEGEND,0.3726450941798552
6,SURE JOYFUL,0.40053877875306787
7,SUPER BABY,0.14536625841457748
8,PATCH OF TIME,0.40462449758723695
9,GREAT ACHIEVER,0.08644106455807112
10,KYRUS UNICORN,0.14276359716461387
11,SUPER EAGLE,0.4055998495465075
