,HorseName,Score
0,MIGHTY ARMOUR,0.14111299719058337
1,SAMARKAND,0.24421420446151357
2,DRAGON STAR,0.3557906461340457
3,LUCKY GOLD,0.18995810944273736
4,STURDY RUBY,0.5974153024780714
5,ROYAL PRIDE,0.16996179952605817
6,GOLD TACK,0.2245490849692611
7,JOYFUL FRIENDSHIP,0.21912743642188376
8,ATOMIC BEAUTY,0.21465551519454124
9,BRAVE WITNESS,0.13702118071546154
10,YEABOI,0.1474001541560704
11,FORTUNE PRESIDENT,0.2522232689708971
