,HorseName,Score
0,MA COMET,0.06354662362758172
1,FORTUNE WARRIOR,0.1812725229034919
2,CHARITY FOR ALL,0.23285540806326063
3,GRAND NOVA,0.3586274398257798
4,SERGEANT PEPPER,0.3918652420217854
5,FAIRY HORSE,0.11605422304511154
6,STRIVE FOR GLORY,0.4265886716589658
7,GREAT ACHIEVER,0.18837049108974482
8,LEAN MASTER,0.1882108073728774
9,CIRCUIT SEVEN,0.10641012984678835
10,GORGEOUS VITALITY,0.20914043108863278
11,PHILOS,0.06132486198830503
