,HorseName,Score
0,ASIAN ONE,0.24776651621509477
1,M M NEBULA,0.24363608230232045
2,RED MAVERICK,0.24634187262382243
3,DRAGON DELIGHT,0.24635215461062301
4,SUN OF MAKFI,0.2463388523006471
5,BAEBAE TSOI,0.24440531051207368
6,CHARMING STEED,0.24644449763919882
7,GET THE MONIES,0.2455117987545563
8,CHIRON,0.24704729767616088
9,MILLENNIUM FALCON,0.2451620535818399
10,GREEN LASER,0.24475786389795262
