,HorseName,Score
0,GLORY ELITE,0.4048549752738922
1,HAPPY TRIO,0.4365641026349313
2,METRO WARRIOR,0.27555102278174926
3,BRILLIANT EXPRESS,0.2791395619688812
4,CIRCUIT VICTORY,0.20745212639586622
5,SUPER BEN,0.10842484933289494
6,WISDOM STAR,0.117054090272253
7,OMAKASE,0.22876673476530712
8,DRACO,0.09611789909121911
9,WINNING TURN,0.10086884226484898
10,YODA'S CHOICE,0.08872521131649137
11,SPICY SO SMART,0.09218099930713512
