,HorseName,Score
0,ABSOLUTE SUNSHINE,0.20087478523794747
1,DARCI JOY,0.22490801970259103
2,SERANGOON,0.16069209381458338
3,AMAZING TEENS,0.28981062880479463
4,PEGASUS GENERAL,0.2595973800463231
5,SUPER BABY,0.14055383084193168
6,ROYAL PRIDE,0.07498389252673142
7,TO INFINITY,0.1832610434527259
8,RUNNING AHEAD,0.07910631151817263
9,KYRUS UNICORN,0.14558859968905744
10,V LOVE YOU,0.006266148528067257
11,AROMATICA,0.10048570636514341
