,HorseName,Score
0,TELECOM FIGHTERS,0.23890260601481605
1,HAPPY TOGETHER,0.2872580467138788
2,LA CITY BLANCHE,0.28522980578691565
3,DANCING CODE,0.3495048245852014
4,NORDIC DRAGON,0.3269422248309467
5,RISING FROM ASHES,0.2587779960566176
6,MR ASCENDENCY,0.24266129232036637
