,HorseName,Score
0,JOLLY COMPANION,0.18198399852135946
1,MAGIC SUPREME,0.2158099841691054
2,TOP TOP TEA,0.29214201583356275
3,JUDY'S GREAT,0.565951392227854
4,SOLID SHALAA,0.15698824524228877
5,DIAMOND FLARE,0.12495610697250255
6,MAYHEM,0.07997010859787243
7,SPEEDY SMARTIE,0.17019187662569768
8,JOYFUL LIFE,0.05688512886184201
9,NISHIKADO,0.03095652667765142
10,VALIANT ELEGANCE,0.029181577929867936
11,STRIVE FOR GLORY,0.1751444916958477
