,HorseName,Score
0,DENFIELD,0.3189915529696565
1,SPEED SWORD,0.03078046466991495
2,RACINGRACE,0.24044956965654474
3,VANTASTIC CHOICE,0.37408623472984814
4,ACE POWER,0.09405378354567924
5,SO TREASURE,0.11018425119454574
6,WOOD ON FIRE,0.32219288174628874
7,SUPERB WITNESS,0.06407910492410959
8,VULCANUS,0.066292291819339
9,DAN ATTACK,0.2672629985450806
10,VALHALLA,0.3345212985190063
11,MULTIDARLING,0.08951164761214031
