,HorseName,Score
0,HARMONY N BLESSED,0.46546735900760944
1,ATOMIC FORCE,0.21140119899578383
2,LIGHTNING BOLT,0.27014424441478324
3,LUCKY ARCHANGEL,0.18250098040674825
4,COLOURFUL EMPEROR,0.20777899791784787
5,ACT OF FAITH,0.2809647677922699
6,BEAUTY GLORY,0.29950746140040163
7,MEGA BONUS,0.22246930188253108
8,ROMANTIC NOVELIST,0.15556272498091187
