,HorseName,Score
0,ASIAN ONE,0.36616821081032025
1,M M NEBULA,0.33455319234146985
2,RED MAVERICK,0.0012754916068483417
3,DRAGON DELIGHT,0.36102974479403915
4,SUN OF MAKFI,0.3009100632102719
5,BAEBAE TSOI,0.2162407064554036
6,CHARMING STEED,0.28841859314967394
7,GET THE MONIES,0.23167518901411358
8,CHIRON,0.23610329113992848
9,MILLENNIUM FALCON,0.13476452827134122
10,GREEN LASER,0.16055902819265186
