,HorseName,Score
0,BEAUTY INFINITY,0.8625360042307967
1,SCOTCH TYCOON,0.18027344399255876
2,JUMBO LEGEND,0.8869221420661941
3,EVERYONE'S VICTORY,0.00026640821986112013
4,KING ECCELLENTE,0.6116551735898259
5,OUR LUCKY GLORY,0.26826840909343747
6,VANTASTIC CHOICE,0.51418818730192
7,VULCANUS,0.12378625150846558
8,BONUS PAL,0.04039651805216243
9,YOUTH POWER,0.034659280383838635
10,DAN ATTACK,0.18025147329029803
11,SO AWESOME,0.29329643008746303
