,HorseName,Score
0,GOLDEN LONG,0.39392885695807034
1,RIGHTEOUS ARION,0.5159390126115044
2,TOGEPI,0.22039881493739996
3,HIGH PERCENTAGE,0.4977403207010976
4,THE PERFECT MATCH,0.09311086729706185
5,MR VALIANT,0.05268010677301539
6,COSMO NAVIGATOR,0.14128470665934856
7,HERCULES,0.41048904840070305
8,LUCKY QUALITY,0.3636420436268527
9,SO AWESOME,0.34401569412148736
10,COLONEL,0.2382543186414912
11,HAPPY FEELING,0.12500277731044973
